label,file_path,mfcc,padding
baca,dataset\baca\baca1.wav,"[[-385.64957   ,   0.        ,  -0.00000911,   0.        ,   0.        ,
     0.        ,   0.00000837,   0.        ,   0.00000387,   0.        ,
     0.00000261,   0.        ,   0.00000226],
 [-385.64957   ,   0.        ,  -0.00000911,   0.        ,   0.        ,
     0.        ,   0.00000837,   0.        ,   0.00000387,   0.        ,
     0.00000261,   0.        ,   0.00000226],
 [-379.7368    ,  -4.4615984 ,   5.626319  ,   0.26535136,  -0.05218112,
     5.3677044 ,  -3.68918   ,   6.555729  ,  -2.7520428 ,   3.5796463 ,
     0.87370396,  -0.23638277,   3.4522886 ],
 [-320.18942   ,  25.171875  ,  36.96855   ,  15.092893  ,  -9.304319  ,
    21.123531  , -15.461224  ,   9.839494  ,  -0.8828542 ,   2.6998625 ,
    -3.8082345 ,  -8.71702   ,  -1.9304264 ],
 [-311.12988   ,  31.320347  ,  34.24782   ,  15.535078  , -15.811549  ,
    28.223083  ,  -3.8240523 ,   2.4518354 ,   0.09619236,  -1.1235642 ,
     0.05499661,   3.405613  ,  -2.8334332 ],
 [-305.35297   ,  32.782177  ,  30.940002  ,  10.740017  , -20.113401  ,
    30.432528  ,  -3.2259898 ,   2.9023094 ,   2.6010125 ,  -1.3769367 ,
    -1.130011  ,   1.0272248 ,  -4.3433    ],
 [-309.1578    ,  27.85082   ,  29.85595   ,  11.549818  , -20.05129   ,
    20.348671  ,  -4.572468  ,   1.1944852 ,   4.4649634 ,   8.26155   ,
     0.23285091,   5.1189046 ,  -2.333549  ],
 [-297.99722   ,  29.26546   ,  27.54425   ,   4.668898  , -13.735228  ,
    32.7914    ,  -0.30441928,   4.5408554 ,  -3.5699165 ,   9.144632  ,
     0.82031745,   2.9376016 ,  -0.38455993],
 [-299.29187   ,  27.405897  ,  30.00552   ,  20.021338  , -18.38916   ,
    20.696552  ,  -4.75798   ,  -4.0149193 ,   0.5455017 ,  10.345583  ,
    -1.0325272 ,   0.0664217 ,   1.4019387 ],
 [-304.1678    ,  25.26764   ,  22.917664  ,   9.889597  , -17.721313  ,
    22.30352   ,  -4.3363295 ,  -0.32622862,   3.9945915 ,   7.1312914 ,
     1.9850323 ,  -1.6611596 ,   0.42469645],
 [-302.60095   ,  24.549215  ,  28.067581  ,  20.976048  , -16.833986  ,
    21.2151    ,  -5.0236506 ,   3.1125274 ,  10.496782  ,  12.979124  ,
    -3.1470704 ,  -6.9057355 ,  -0.12321496],
 [-290.2816    ,  29.478035  ,  27.54177   ,  15.736476  , -23.45689   ,
    17.877705  ,   4.4037447 ,  -0.42814898,  -1.7455227 ,   9.407257  ,
    -1.5709414 ,   1.8599644 ,  -2.267728  ],
 [-271.40585   ,  21.126734  ,  37.42998   ,   1.6976428 ,  -7.7965636 ,
    14.931118  ,   6.5399666 ,  -0.65530336,  -4.1642876 ,   5.23185   ,
     4.978739  ,  -2.2928402 ,  -0.5383351 ],
 [-306.78134   ,  24.193905  ,  27.102264  ,  12.011333  , -17.223146  ,
    13.456753  ,  -0.920391  ,   0.8209903 ,   0.17125487,  10.788219  ,
     4.195804  ,   0.74334604,   1.0676994 ],
 [-303.7382    ,  21.322039  ,  26.000362  ,  19.536068  , -11.088325  ,
    24.919582  ,  -1.9928871 ,  -3.5676026 ,   1.6276741 ,   9.011211  ,
    -0.44572818,   0.5034949 ,  -3.6682959 ],
 [-296.04184   ,  23.623577  ,  26.776691  ,  21.892769  , -21.361406  ,
    19.934036  ,  -4.0582285 ,  -6.280193  ,   8.164316  ,   8.250975  ,
    -0.12773177,   0.9511934 ,  -0.33428863],
 [-299.63504   ,  19.384737  ,  22.702415  ,  25.815874  , -13.236393  ,
    20.531998  ,  -0.32331243,  -1.9788425 ,  -0.42909122,   4.1719465 ,
     0.9035836 ,  -2.3843262 ,  -0.29170614],
 [-302.10574   ,  24.846031  ,  29.049816  ,  25.589445  , -17.20174   ,
    12.287082  ,  -7.5008125 ,   1.3352737 ,   6.72517   ,   7.260878  ,
     2.9841466 ,   0.48905838,  -4.5885205 ],
 [-309.2562    ,  16.419308  ,  21.433186  ,  19.94841   , -24.870975  ,
    19.288868  ,   2.27627   ,  -0.27322745,  -1.368264  ,   3.6507742 ,
     1.6089263 ,  -4.0655465 ,  -3.035191  ],
 [-314.80203   ,  17.632107  ,  28.86111   ,  26.676807  , -19.720867  ,
    17.835745  ,   1.0645165 ,  -1.1920586 ,   2.8416805 ,  -0.5419102 ,
     1.2733512 ,  -0.82698697,   0.43830135],
 [-307.44437   ,  23.456282  ,  22.131958  ,  16.068897  , -28.025854  ,
    14.506622  ,  -6.057563  ,   1.8139975 ,   5.102135  ,  -2.7018814 ,
    -0.06480217,  -2.4855833 ,  -5.1646743 ],
 [-310.49072   ,  14.897536  ,  27.512194  ,  23.195965  , -29.814386  ,
    21.256954  ,  -6.8869314 ,  -1.8301015 ,   7.760612  ,   0.10853916,
    -2.9291165 ,  -2.7205012 ,  -0.99902797],
 [-309.62793   ,  20.778183  ,  25.533024  ,  18.652187  , -26.570908  ,
    15.619278  ,  -5.546958  ,   0.54906416,   9.00016   ,   5.5657644 ,
     3.7858899 ,   0.12120898,  -2.8816507 ],
 [-312.87634   ,  28.794964  ,  29.254581  ,  18.01424   , -20.809078  ,
    20.740566  ,  -4.3179417 ,   1.0155362 ,   6.232885  ,  -1.5368075 ,
    -0.7097074 ,  -2.0554488 ,  -3.5031366 ],
 [-308.32794   ,  23.686226  ,  20.423576  ,  16.738953  , -24.669704  ,
    12.19504   , -11.105444  ,  -7.6523438 ,   6.1654143 ,  -3.2429385 ,
    -1.7623069 ,  -2.3218436 ,  -4.4130926 ],
 [-306.89087   ,  29.25327   ,  21.035     ,  10.98303   , -26.729801  ,
    20.346573  ,   0.5436616 ,  -4.4072714 ,   9.100597  ,   1.7638445 ,
     0.36935014,   7.8881536 ,  -0.21063437],
 [-311.86993   ,  26.97955   ,  20.956142  ,  10.041447  , -25.8865    ,
    22.487682  ,  -5.812268  ,  -7.179947  ,   7.8625197 ,   0.7300794 ,
     0.74003506,   0.22662194,  -7.0568695 ],
 [-303.18686   ,  29.111042  ,  16.14325   ,  16.785883  , -16.80818   ,
    19.416576  ,  -2.1617558 ,   4.062913  ,  11.338922  ,  -4.3471103 ,
   -10.479719  ,   1.7480187 ,  -0.2699108 ],
 [-301.02652   ,  26.03003   ,  15.80315   ,   8.241829  , -13.10532   ,
    18.6306    ,  -8.334803  ,   1.9175565 ,  10.377427  ,  -1.0013442 ,
    -8.366896  ,   2.0102286 ,  -0.15912104],
 [-286.48926   ,  23.232643  ,  12.341282  ,   6.8347526 ,  -6.967429  ,
    23.81754   , -10.460273  ,   5.519735  ,   6.7388573 ,  -1.884352  ,
   -10.026918  ,  10.544407  ,   3.2806373 ],
 [-291.55203   ,  14.576542  ,  15.759289  ,  -1.2361933 ,  -3.2233493 ,
    14.5758705 , -20.295303  ,  11.326641  ,   0.4374975 ,   1.5303981 ,
   -11.5059185 ,   8.52513   ,  -3.6269224 ],
 [-292.94455   ,  13.970968  ,  24.55751   ,   2.884911  ,  -1.8817685 ,
    12.571182  , -23.079622  ,   5.561745  ,  12.044366  ,   4.3620358 ,
   -11.711255  ,   3.9907386 ,  -2.9676523 ],
 [-294.9981    ,  12.556822  ,  15.1336    ,  -0.55798554,  -8.797263  ,
    17.57739   , -21.955908  ,   5.037549  ,   5.361361  ,   4.8222504 ,
    -7.0655723 ,   3.4629998 ,  -7.0206265 ],
 [-291.4119    ,  22.637066  ,  25.544264  ,   2.75164   ,  -6.592388  ,
    20.62194   , -15.646412  ,   4.1545153 ,   1.9932055 ,   2.4948559 ,
    -4.860054  ,   3.9347978 ,   0.33884454],
 [-294.15634   ,  24.37299   ,  21.235975  ,   6.1435328 ,  -9.664281  ,
    22.646416  , -16.063763  ,   3.6473122 ,   8.8226795 ,   6.186435  ,
    -6.1848574 ,   3.6460736 ,   4.601776  ],
 [-299.33237   ,  25.75252   ,  19.143673  ,  -4.482908  , -19.727531  ,
    13.720931  , -13.039425  ,   7.0952406 ,   1.2768216 ,  -3.5909948 ,
    -9.329489  ,   5.8388267 ,   1.4001613 ],
 [-305.3409    ,  32.08527   ,  20.621803  ,   8.828149  , -11.39787   ,
    24.83909   ,  -0.10871851,   3.408813  ,  11.697844  ,   3.2702084 ,
    -1.0440254 ,   1.26515   ,  -4.0709214 ],
 [-298.9161    ,  33.799454  ,  18.568834  ,   2.1943643 , -17.455082  ,
    16.277454  , -12.687889  ,   1.4019643 ,   6.177333  ,  -0.00286019,
     0.98079085,   5.8018546 ,   1.6365335 ],
 [-303.72092   ,  31.435993  ,  23.873592  ,   9.3701725 ,  -7.2439847 ,
    21.091415  , -11.745     ,   5.8285127 ,  12.617454  ,  -5.1564035 ,
    -5.9307456 ,   0.34758815,  -5.3287807 ],
 [-307.85843   ,  36.43447   ,  30.26172   ,  12.018576  ,  -7.685026  ,
    17.310482  , -10.40434   ,   6.7540555 ,   7.827606  ,  -2.2749813 ,
    -0.70067143,   0.9963413 ,  -3.6415474 ],
 [-314.132     ,  21.920612  ,  26.759674  ,  11.40268   , -11.676106  ,
    20.119255  ,  -9.15287   ,  -0.53506035,   2.5284302 ,  -2.4755788 ,
    -3.5165086 ,   4.486161  ,  -2.7473683 ],
 [-305.53986   ,  28.88504   ,  32.593185  ,  12.297696  , -16.48855   ,
    22.20782   ,  -4.7317047 ,   5.619848  ,   3.9978461 ,   1.396321  ,
     2.756299  ,   7.086923  ,  -0.33022678],
 [-304.14273   ,  25.815685  ,  29.138596  ,   6.514101  ,  -9.152231  ,
    21.84548   ,  -5.7304    ,   4.7605543 ,  12.346604  ,   3.414432  ,
    -0.81395197,   1.823382  ,  -6.454251  ],
 [-304.64734   ,  23.882858  ,  29.147675  ,  17.612316  , -13.914213  ,
    21.997677  ,  -5.505025  ,  -3.3980207 ,   7.555285  ,  -1.3274705 ,
    -5.5756025 ,   4.275044  ,  -2.7467263 ],
 [-294.28055   ,  28.122654  ,  38.43155   ,  24.456366  , -21.390152  ,
    13.041241  ,  -4.086624  ,  -1.997158  ,  10.554703  ,   7.8056326 ,
    -3.8077593 ,   0.56922567,   0.2422024 ],
 [-301.59457   ,  22.54261   ,  31.353243  ,  19.762753  , -16.441364  ,
    22.294172  ,   6.367867  ,   0.13699949,   6.835747  ,   1.8586175 ,
     2.093098  ,  -1.7605988 ,   1.320446  ],
 [-293.59772   ,  25.102718  ,  31.666653  ,  17.938225  , -30.95367   ,
    14.430542  ,   3.0384612 ,  -0.26330304,   4.8102036 ,   6.674423  ,
    -0.4748768 ,   1.4570801 ,  -0.8848268 ],
 [-289.5086    ,  23.970196  ,  29.267447  ,  29.717531  , -27.536545  ,
    17.409458  ,   4.6519957 ,   0.45734394,   4.8152723 ,  -5.4347367 ,
    -1.8964796 ,   0.1675742 ,  -1.2795765 ],
 [-278.08667   ,  40.111916  ,  37.13994   ,  36.89079   , -16.420172  ,
    22.721046  ,  -0.72458756,  -8.048975  ,   5.2340517 ,  -5.0305085 ,
    -4.2410517 ,  -2.4640734 ,  -4.72159   ],
 [-260.08768   ,  60.1665    ,  49.57358   ,  40.333134  , -16.87659   ,
    14.400828  ,   2.0561435 ,  -9.714489  ,   7.068016  ,   1.6109915 ,
    -6.796833  , -13.6606    ,   0.33001423],
 [-245.51233   ,  67.486496  ,  34.555794  ,  38.10876   , -11.201492  ,
    17.766722  ,   0.08112508,  -7.9116235 ,   2.4597483 ,   0.56541395,
    -7.423615  ,  -7.797004  ,  -2.58386   ],
 [-139.09898   ,  60.26745   ,   8.840458  ,   5.805281  ,  -9.14685   ,
     5.7694316 , -13.859491  ,   0.55957645,   1.1137706 ,   5.929839  ,
    -2.156055  ,  -2.7425961 ,   4.3481164 ],
 [-113.92328   ,  57.564     ,   1.0728688 ,   4.3620095 , -12.081712  ,
     1.9086785 , -15.269098  ,   4.173695  ,   3.925829  ,   9.255405  ,
    -4.4157805 ,  -1.6830169 ,   9.902563  ],
 [-111.84785   ,  53.096924  ,  -1.453415  ,   4.104352  ,  -6.153049  ,
     1.8003427 , -14.626656  ,   5.4642186 ,   4.3964596 ,   4.401863  ,
    -6.244714  ,  -5.2695312 ,   7.7694006 ],
 [-112.42115   ,  53.095314  ,  -6.1255    ,   4.7289977 ,  -8.285238  ,
     2.9856262 , -12.59462   ,   7.1882243 ,   4.664875  ,   6.576434  ,
   -11.608584  ,  -2.5380282 ,   7.933032  ],
 [-114.51221   ,  55.02281   ,  -5.3165445 ,   2.960128  ,  -9.778805  ,
     3.7045202 ,  -9.973117  ,   6.4292345 ,   3.7066085 ,  -0.7634723 ,
    -8.588003  ,  -5.025075  ,   9.933729  ],
 [-123.51388   ,  59.676113  ,  -6.6982384 ,   4.190668  ,  -9.473461  ,
     3.042583  ,  -8.791452  ,   9.764299  ,   4.0563846 ,   0.45579004,
   -11.715311  ,  -0.30108306,   5.971659  ],
 [-117.65364   ,  57.35923   ,  -6.3552694 ,   5.2288065 ,  -8.531149  ,
    -1.0333381 ,  -8.054545  ,   9.141352  ,   4.37479   ,  -3.2121687 ,
    -7.300207  ,  -2.9017844 ,   8.642111  ],
 [-126.10474   ,  60.608223  ,  -4.790807  ,   6.6480207 , -11.910227  ,
     2.7602806 ,  -7.5581403 ,  10.585515  ,  -1.3379078 ,  -2.1932173 ,
    -5.125689  ,  -0.67412335,   4.0669093 ],
 [-120.96573   ,  55.24348   ,  -5.1294947 ,   8.488522  , -12.911724  ,
    -2.4349794 ,  -7.0231056 ,   8.095228  ,  -2.4449227 ,  -0.75725365,
    -0.6432698 ,  -0.54141253,   3.1565235 ],
 [-129.83693   ,  60.075478  ,   0.27520168,   7.866519  , -15.506025  ,
    -5.58187   , -11.430447  ,   5.161695  ,  -3.4880626 ,   4.2743073 ,
     1.271363  ,   0.03185295,   0.45614046],
 [-139.99544   ,  52.41693   ,  10.898985  ,  13.689402  , -16.802353  ,
    -6.6316    , -10.420469  ,   2.870863  ,  -4.881168  ,   6.070975  ,
    -0.0777929 ,  -0.3373453 ,   0.51053435],
 [-182.99371   ,  49.265068  ,  27.249004  ,   7.32183   ,  -2.9168627 ,
    -4.7728777 ,  -4.5905657 ,   1.142417  ,  -9.87718   ,   4.3145876 ,
    -0.60196376,   1.1534004 ,  -5.1370115 ],
 [-259.43848   ,  48.367363  ,  27.997047  ,  25.654568  , -18.560978  ,
     2.4233177 ,  -4.231759  ,   9.472425  , -13.073005  ,  -0.6849072 ,
     3.0753696 ,   6.82159   ,  -1.0649612 ],
 [-264.2453    ,  38.79695   ,  12.653456  ,   6.2682776 , -14.559541  ,
     8.315891  , -14.652758  ,   9.319791  ,  -5.7323065 ,   9.339088  ,
    -4.2231174 ,   0.6649125 ,   3.724359  ],
 [-268.6914    ,  26.13628   ,  24.226091  ,   4.127224  ,  -3.546     ,
     3.9445715 ,  -4.0178976 ,   0.79365176, -12.214741  ,   2.9070501 ,
     6.011977  ,   0.12153023,   0.80773664],
 [-305.0245    ,  36.469917  ,  25.848497  ,   8.039868  , -18.023384  ,
     5.2684937 , -18.422209  ,   1.6669745 ,  -7.7768946 ,  -2.19487   ,
    -2.378931  ,   3.0065403 ,  -1.7368054 ],
 [-320.65018   ,  29.467216  ,  29.18318   ,  13.231348  ,  -8.734566  ,
    10.297271  , -18.698017  ,   4.173416  ,   0.54367685,   1.7002778 ,
    -2.283002  ,   0.8350666 ,   2.2199678 ],
 [-316.29654   ,  31.023205  ,  29.023829  ,  12.440404  , -13.919494  ,
     9.668732  , -18.49738   ,   3.5125768 ,  -1.8151615 ,  -1.1493555 ,
     4.5963745 ,   0.2479549 ,  -3.9878054 ],
 [-316.60474   ,  34.832756  ,  25.146084  ,   9.17295   , -11.304336  ,
    15.910137  , -14.633468  ,   1.4856718 ,   8.101214  ,  -0.52160835,
    -0.7299709 ,   0.19063072,  -1.9117143 ],
 [-203.42848   ,   8.9838295 ,   2.0232444 ,   0.7945239 , -15.036739  ,
    11.65291   , -15.156484  ,   2.0089905 ,  -4.857179  ,  -3.0816224 ,
     2.0649111 ,  -2.0353057 ,   4.4505434 ],
 [-261.09238   , -23.3513    ,  22.683372  ,  22.208862  , -12.540986  ,
    18.794811  ,  -7.821192  ,   1.379612  ,   6.9370255 ,  -2.7623599 ,
     3.6794508 ,   0.41383013,   0.08351731],
 [-222.19507   , -34.290024  ,  10.071234  ,   7.244014  , -15.962566  ,
    10.658327  ,  -8.524258  ,  -0.42381573,   1.0043504 ,  -3.5219789 ,
     6.2171717 ,   0.81051606,  -0.17868829],
 [-153.95317   , -22.188324  ,  14.491734  ,  13.916893  , -18.005627  ,
     4.704043  , -12.415357  ,  -4.677388  ,   0.16827464,  -0.12844849,
     4.0842    ,   1.4559045 ,  -1.2202053 ],
 [-185.58081   ,  -8.04671   ,  12.227614  ,   8.621374  , -19.561794  ,
    -0.98143506,  -6.2919683 ,  -0.94068885,   0.9484187 ,  -1.3380868 ,
     2.6013322 ,   9.349235  ,   4.33193   ],
 [-156.86858   ,  54.941658  ,   7.8578157 ,  22.092209  , -17.572384  ,
    -2.852352  ,  -6.5660725 ,   1.6377008 ,  -2.7796512 ,   3.0704594 ,
    -2.2226806 ,   3.0172634 ,  -1.4142046 ],
 [-143.75253   ,  57.020523  ,  -4.7859116 ,   5.971228  , -13.801748  ,
     6.5521955 ,  -5.4198694 ,   7.537512  ,  -2.5909288 ,  -0.8425762 ,
    -1.0594523 ,   0.7800892 ,  -1.5199418 ],
 [-138.68059   ,  65.54506   , -17.254343  ,  -5.9145656 ,  -1.8120207 ,
    11.914486  , -10.933119  ,   1.0686889 ,   5.991671  ,  -4.887617  ,
     0.23046821,  -0.94930345,   1.2346652 ],
 [-168.80844   ,  73.343994  , -24.898678  ,  -7.558565  ,  -5.6785517 ,
     9.99065   ,   4.9220595 ,   4.5223756 ,  -7.837338  ,  -4.169381  ,
     3.7374127 ,  -7.6527224 ,   2.7105396 ],
 [-170.44258   ,  78.58733   , -27.84093   , -13.470974  ,   1.2960087 ,
    13.406128  ,  -1.3691263 ,  -2.2345078 ,   2.4910572 ,  -4.5983925 ,
     4.318062  ,  -6.5945296 ,   4.83858   ],
 [-165.08443   ,  53.54551   , -30.625675  ,  -5.1774235 ,   2.3659298 ,
     9.017177  ,   1.6783525 ,  -0.3132792 ,   0.92919   ,  -2.7173734 ,
     1.1620395 ,  -8.780204  ,   5.7783804 ],
 [-153.20825   ,  55.093307  , -25.768898  ,  -7.7136917 ,  -0.8320526 ,
    10.461397  ,  -1.6787794 ,   1.6984942 ,   1.0517017 ,   0.73241436,
     1.6073713 ,  -8.066921  ,   8.18817   ],
 [-192.34435   ,  52.201233  ,  -9.936192  ,  -0.5898212 ,   0.09715986,
     8.692742  ,   4.0413465 ,   3.0801754 ,   0.84124804,   1.5123448 ,
    -1.7908535 ,  -3.7536404 ,   6.7167807 ],
 [-210.11224   ,  48.180145  ,  -8.802746  ,  11.342358  ,   2.5205593 ,
    13.390022  ,  -0.9171418 ,   1.3074025 ,  -1.6342611 ,   2.0694876 ,
    -4.796647  ,  -4.3806863 ,  10.096199  ],
 [-234.76476   ,  33.226337  , -16.948557  ,   0.8653587 ,   8.71312   ,
    22.484589  ,   7.322488  ,   6.409108  ,  -0.58520293,  -1.4050761 ,
    -6.509352  ,  -4.383117  ,   8.403732  ],
 [-258.30252   ,  27.334866  , -13.558862  ,  -0.7313944 ,  -2.0856636 ,
     9.255079  ,  -6.7063894 ,   0.42393145,   6.8716016 ,   1.7588468 ,
    -0.41060197,   1.9499905 ,   2.7317085 ],
 [-271.19333   ,  22.693066  , -18.19931   ,   0.08696055,   3.7299538 ,
    12.820522  ,  -9.451086  ,   1.0810101 ,  10.042835  ,   3.5189064 ,
    -8.725932  ,  -6.718336  ,   6.1361284 ],
 [-270.12866   ,  27.649025  , -16.181736  ,   8.562511  ,   3.3392446 ,
    12.8257885 ,  -3.3086977 ,   5.9327774 ,   7.9352922 ,   3.365353  ,
    -7.0003033 ,   6.3935366 ,   5.5143566 ],
 [-290.12833   ,  21.487026  ,   1.9171554 ,  -5.7388678 ,   1.4116167 ,
    18.63937   ,  -5.015845  ,   7.6447296 ,   3.2784505 ,   2.4558074 ,
   -12.910653  ,   7.3581166 ,  -5.4162207 ],
 [-291.35828   ,  22.826561  ,  12.742748  ,   6.7856617 ,  -3.392994  ,
    19.674042  ,  -1.2452462 ,   9.009848  ,  -2.2678664 ,  11.109907  ,
    -4.9200974 ,   4.591346  ,   1.8579304 ],
 [-305.51236   ,  21.59088   ,  27.488796  ,  15.602999  ,  -8.251796  ,
    15.398146  ,  -9.217365  ,   6.4973693 ,   1.6380302 ,  11.50803   ,
     1.7767291 ,   1.1595079 ,  -8.254065  ],
 [-306.28287   ,  17.159674  ,  27.619202  ,  11.563906  ,  -7.5022287 ,
    17.772089  ,  -5.0122623 ,   9.05921   ,   1.2930484 ,   7.648     ,
    -5.585803  ,   2.4542985 ,  -1.3728609 ],
 [-311.84344   ,  22.345451  ,  31.266367  ,  12.464045  , -18.257095  ,
    10.330224  ,  -4.814749  ,   3.4653242 ,   5.837473  ,   8.585204  ,
    -6.4138384 ,   3.7931614 ,  -0.65579605],
 [-316.42307   ,  27.236176  ,  26.76136   ,   9.3068    ,  -8.778687  ,
    13.820341  ,  -5.087065  ,   3.1788816 ,   4.888687  ,   7.2790112 ,
    -0.97958094,   6.165812  ,  -1.116272  ],
 [-315.3562    ,  29.728416  ,  31.618366  ,   8.785164  , -16.515036  ,
    13.281256  ,  -3.4425373 ,   3.5974255 ,   6.9728217 ,  10.325287  ,
    -0.5647793 ,   4.5023556 ,  -4.378959  ],
 [-324.5521    ,  28.76854   ,  31.57052   ,   9.867216  , -10.696813  ,
     4.193492  ,  -7.3985424 ,   8.504307  ,  11.931801  ,   8.959394  ,
    -5.703615  ,  -1.137115  ,  -7.533845  ],
 [-329.3143    ,  28.219017  ,  29.382061  ,   7.654897  ,  -8.659655  ,
    14.1114235 ,   0.3014563 ,   8.161418  ,   6.601407  ,   6.596305  ,
     0.1306619 ,   4.9447665 ,  -1.9733858 ],
 [-328.2149    ,  32.0198    ,  27.201157  ,   2.5345755 , -10.173914  ,
     7.439516  ,  -7.3079615 ,   5.7485833 ,   4.1277876 ,   4.3140583 ,
     0.2861967 ,   4.3018675 ,  -3.893416  ],
 [-333.49973   ,  33.8314    ,  25.41737   ,   6.4096365 ,  -6.7128882 ,
    13.462343  ,   0.20134127,   8.023367  ,   5.1265726 ,  -0.28606254,
     2.0579703 ,   3.184969  ,  -1.2231421 ],
 [-326.43173   ,  27.497166  ,  23.075981  ,   3.1193824 , -18.528574  ,
    11.465127  ,  -4.599009  ,   2.904763  ,   2.014865  ,  -0.2871132 ,
     0.00324488,   3.2772624 ,  -3.9495873 ],
 [-322.5036    ,  39.899582  ,  28.078564  ,   5.7709665 , -13.132425  ,
    15.280245  ,  -4.490114  ,   2.4723513 ,   5.758053  ,   4.302424  ,
    10.772195  ,   3.9450104 ,  -3.9320755 ],
 [-329.9042    ,  27.635635  ,  21.37833   ,  11.837444  ,  -7.101964  ,
    24.296947  ,   3.5274858 ,   0.04300582,  -1.0177917 ,  -7.378766  ,
     1.236267  ,   8.404728  ,   1.1003758 ],
 [-321.51935   ,  37.088684  ,  30.713476  ,  10.726231  , -18.88565   ,
    14.388963  ,  -6.235035  ,   4.5832715 ,  10.961329  ,  -0.87801695,
     5.2847166 ,   0.8390579 ,  -2.3441992 ],
 [-331.5608    ,  31.852169  ,  21.7538    ,   8.497866  , -13.964988  ,
    15.081217  ,  -0.57229555,   2.405387  ,   8.75946   ,  -1.888154  ,
     4.067665  ,   2.2288687 ,  -0.95058405],
 [-333.58173   ,  37.82128   ,  23.901642  ,   7.816499  ,  -7.6861286 ,
    14.954977  ,  -0.09155989,   2.890822  ,   8.146003  ,   0.01189232,
     6.3336983 ,  -1.0774242 ,  -6.223192  ],
 [-333.21313   ,  32.662445  ,  23.71125   ,   9.222707  ,  -8.640674  ,
    14.569172  ,  -5.4008546 ,   2.745966  ,   3.9887633 ,  -5.4681225 ,
     6.342452  ,   0.23220521,  -5.280938  ],
 [-338.6322    ,  28.71856   ,  29.32103   ,  22.254826  ,  -4.9181166 ,
    17.466648  ,   0.681208  ,  -2.0936475 ,   6.0162134 ,  -5.6516323 ,
     2.2486553 ,   7.2112007 ,   0.18108022],
 [-334.95523   ,  27.826324  ,  27.974424  ,  23.937115  , -13.532747  ,
    12.358899  ,  -5.618514  ,  -5.4963264 ,  14.937426  ,  -4.9254603 ,
     4.568352  ,   6.843975  ,  -2.5750413 ],
 [-343.8622    ,  21.48029   ,  24.34407   ,  18.078062  , -11.76663   ,
    11.589378  ,  -4.190474  ,  -2.4882126 ,  10.543892  ,  -1.9095931 ,
     4.2868314 ,   3.426572  ,  -4.5726504 ],
 [-334.3917    ,  24.293114  ,  24.908724  ,  19.256374  ,  -8.812901  ,
    15.874054  ,  -8.159502  ,  -3.0000868 ,  11.548796  ,   2.219305  ,
     4.470737  ,   2.0775135 ,  -3.7625318 ],
 [-335.54938   ,  18.253113  ,  30.332924  ,  27.073114  , -19.30272   ,
    13.0863085 , -10.1371    ,  -7.1682315 ,  11.791771  ,  -4.8708615 ,
     2.140158  ,   2.208798  ,  -4.98954   ],
 [-325.73584   ,  27.339552  ,  34.05065   ,  24.143871  , -19.918049  ,
    13.272086  ,  -9.699623  ,  -5.47725   ,  11.543626  ,   1.9709675 ,
     4.671417  ,   5.0173187 ,  -4.012439  ],
 [-332.86752   ,  15.809786  ,  22.389023  ,  24.717245  , -15.037959  ,
    21.214828  ,  -3.0438805 ,  -5.8964334 ,  12.162989  ,  -1.8065438 ,
     1.8785099 ,  -0.06580054,   0.24495757],
 [-326.55725   ,  26.7612    ,  29.93209   ,  17.780941  , -18.55769   ,
    14.62491   ,  -2.788269  ,   7.089758  ,  11.50087   ,   1.2756172 ,
     1.2055097 ,  -0.9060955 ,  -2.6696658 ],
 [-330.93964   ,  22.488731  ,  23.545803  ,  18.79635   , -21.01862   ,
    12.59657   ,  -2.2142477 ,  -2.909162  ,  10.826018  ,   0.21396732,
     0.7703097 ,  -1.029214  ,  -3.7008111 ],
 [-328.72354   ,  20.35381   ,  24.652779  ,  22.845314  , -23.791426  ,
    14.021178  ,  -2.6773365 ,  -4.916399  ,  10.714516  ,   0.84702086,
     5.106197  ,   0.93112123,   0.3871007 ]]","[[-385.64957   ,   0.        ,  -0.00000911,   0.        ,   0.        ,
     0.        ,   0.00000837,   0.        ,   0.00000387,   0.        ,
     0.00000261,   0.        ,   0.00000226],
 [-385.64957   ,   0.        ,  -0.00000911,   0.        ,   0.        ,
     0.        ,   0.00000837,   0.        ,   0.00000387,   0.        ,
     0.00000261,   0.        ,   0.00000226],
 [-379.7368    ,  -4.4615984 ,   5.626319  ,   0.26535136,  -0.05218112,
     5.3677044 ,  -3.68918   ,   6.555729  ,  -2.7520428 ,   3.5796463 ,
     0.87370396,  -0.23638277,   3.4522886 ],
 [-320.18942   ,  25.171875  ,  36.96855   ,  15.092893  ,  -9.304319  ,
    21.123531  , -15.461224  ,   9.839494  ,  -0.8828542 ,   2.6998625 ,
    -3.8082345 ,  -8.71702   ,  -1.9304264 ],
 [-311.12988   ,  31.320347  ,  34.24782   ,  15.535078  , -15.811549  ,
    28.223083  ,  -3.8240523 ,   2.4518354 ,   0.09619236,  -1.1235642 ,
     0.05499661,   3.405613  ,  -2.8334332 ],
 [-305.35297   ,  32.782177  ,  30.940002  ,  10.740017  , -20.113401  ,
    30.432528  ,  -3.2259898 ,   2.9023094 ,   2.6010125 ,  -1.3769367 ,
    -1.130011  ,   1.0272248 ,  -4.3433    ],
 [-309.1578    ,  27.85082   ,  29.85595   ,  11.549818  , -20.05129   ,
    20.348671  ,  -4.572468  ,   1.1944852 ,   4.4649634 ,   8.26155   ,
     0.23285091,   5.1189046 ,  -2.333549  ],
 [-297.99722   ,  29.26546   ,  27.54425   ,   4.668898  , -13.735228  ,
    32.7914    ,  -0.30441928,   4.5408554 ,  -3.5699165 ,   9.144632  ,
     0.82031745,   2.9376016 ,  -0.38455993],
 [-299.29187   ,  27.405897  ,  30.00552   ,  20.021338  , -18.38916   ,
    20.696552  ,  -4.75798   ,  -4.0149193 ,   0.5455017 ,  10.345583  ,
    -1.0325272 ,   0.0664217 ,   1.4019387 ],
 [-304.1678    ,  25.26764   ,  22.917664  ,   9.889597  , -17.721313  ,
    22.30352   ,  -4.3363295 ,  -0.32622862,   3.9945915 ,   7.1312914 ,
     1.9850323 ,  -1.6611596 ,   0.42469645],
 [-302.60095   ,  24.549215  ,  28.067581  ,  20.976048  , -16.833986  ,
    21.2151    ,  -5.0236506 ,   3.1125274 ,  10.496782  ,  12.979124  ,
    -3.1470704 ,  -6.9057355 ,  -0.12321496],
 [-290.2816    ,  29.478035  ,  27.54177   ,  15.736476  , -23.45689   ,
    17.877705  ,   4.4037447 ,  -0.42814898,  -1.7455227 ,   9.407257  ,
    -1.5709414 ,   1.8599644 ,  -2.267728  ],
 [-271.40585   ,  21.126734  ,  37.42998   ,   1.6976428 ,  -7.7965636 ,
    14.931118  ,   6.5399666 ,  -0.65530336,  -4.1642876 ,   5.23185   ,
     4.978739  ,  -2.2928402 ,  -0.5383351 ],
 [-306.78134   ,  24.193905  ,  27.102264  ,  12.011333  , -17.223146  ,
    13.456753  ,  -0.920391  ,   0.8209903 ,   0.17125487,  10.788219  ,
     4.195804  ,   0.74334604,   1.0676994 ],
 [-303.7382    ,  21.322039  ,  26.000362  ,  19.536068  , -11.088325  ,
    24.919582  ,  -1.9928871 ,  -3.5676026 ,   1.6276741 ,   9.011211  ,
    -0.44572818,   0.5034949 ,  -3.6682959 ],
 [-296.04184   ,  23.623577  ,  26.776691  ,  21.892769  , -21.361406  ,
    19.934036  ,  -4.0582285 ,  -6.280193  ,   8.164316  ,   8.250975  ,
    -0.12773177,   0.9511934 ,  -0.33428863],
 [-299.63504   ,  19.384737  ,  22.702415  ,  25.815874  , -13.236393  ,
    20.531998  ,  -0.32331243,  -1.9788425 ,  -0.42909122,   4.1719465 ,
     0.9035836 ,  -2.3843262 ,  -0.29170614],
 [-302.10574   ,  24.846031  ,  29.049816  ,  25.589445  , -17.20174   ,
    12.287082  ,  -7.5008125 ,   1.3352737 ,   6.72517   ,   7.260878  ,
     2.9841466 ,   0.48905838,  -4.5885205 ],
 [-309.2562    ,  16.419308  ,  21.433186  ,  19.94841   , -24.870975  ,
    19.288868  ,   2.27627   ,  -0.27322745,  -1.368264  ,   3.6507742 ,
     1.6089263 ,  -4.0655465 ,  -3.035191  ],
 [-314.80203   ,  17.632107  ,  28.86111   ,  26.676807  , -19.720867  ,
    17.835745  ,   1.0645165 ,  -1.1920586 ,   2.8416805 ,  -0.5419102 ,
     1.2733512 ,  -0.82698697,   0.43830135],
 [-307.44437   ,  23.456282  ,  22.131958  ,  16.068897  , -28.025854  ,
    14.506622  ,  -6.057563  ,   1.8139975 ,   5.102135  ,  -2.7018814 ,
    -0.06480217,  -2.4855833 ,  -5.1646743 ],
 [-310.49072   ,  14.897536  ,  27.512194  ,  23.195965  , -29.814386  ,
    21.256954  ,  -6.8869314 ,  -1.8301015 ,   7.760612  ,   0.10853916,
    -2.9291165 ,  -2.7205012 ,  -0.99902797],
 [-309.62793   ,  20.778183  ,  25.533024  ,  18.652187  , -26.570908  ,
    15.619278  ,  -5.546958  ,   0.54906416,   9.00016   ,   5.5657644 ,
     3.7858899 ,   0.12120898,  -2.8816507 ],
 [-312.87634   ,  28.794964  ,  29.254581  ,  18.01424   , -20.809078  ,
    20.740566  ,  -4.3179417 ,   1.0155362 ,   6.232885  ,  -1.5368075 ,
    -0.7097074 ,  -2.0554488 ,  -3.5031366 ],
 [-308.32794   ,  23.686226  ,  20.423576  ,  16.738953  , -24.669704  ,
    12.19504   , -11.105444  ,  -7.6523438 ,   6.1654143 ,  -3.2429385 ,
    -1.7623069 ,  -2.3218436 ,  -4.4130926 ],
 [-306.89087   ,  29.25327   ,  21.035     ,  10.98303   , -26.729801  ,
    20.346573  ,   0.5436616 ,  -4.4072714 ,   9.100597  ,   1.7638445 ,
     0.36935014,   7.8881536 ,  -0.21063437],
 [-311.86993   ,  26.97955   ,  20.956142  ,  10.041447  , -25.8865    ,
    22.487682  ,  -5.812268  ,  -7.179947  ,   7.8625197 ,   0.7300794 ,
     0.74003506,   0.22662194,  -7.0568695 ],
 [-303.18686   ,  29.111042  ,  16.14325   ,  16.785883  , -16.80818   ,
    19.416576  ,  -2.1617558 ,   4.062913  ,  11.338922  ,  -4.3471103 ,
   -10.479719  ,   1.7480187 ,  -0.2699108 ],
 [-301.02652   ,  26.03003   ,  15.80315   ,   8.241829  , -13.10532   ,
    18.6306    ,  -8.334803  ,   1.9175565 ,  10.377427  ,  -1.0013442 ,
    -8.366896  ,   2.0102286 ,  -0.15912104],
 [-286.48926   ,  23.232643  ,  12.341282  ,   6.8347526 ,  -6.967429  ,
    23.81754   , -10.460273  ,   5.519735  ,   6.7388573 ,  -1.884352  ,
   -10.026918  ,  10.544407  ,   3.2806373 ],
 [-291.55203   ,  14.576542  ,  15.759289  ,  -1.2361933 ,  -3.2233493 ,
    14.5758705 , -20.295303  ,  11.326641  ,   0.4374975 ,   1.5303981 ,
   -11.5059185 ,   8.52513   ,  -3.6269224 ],
 [-292.94455   ,  13.970968  ,  24.55751   ,   2.884911  ,  -1.8817685 ,
    12.571182  , -23.079622  ,   5.561745  ,  12.044366  ,   4.3620358 ,
   -11.711255  ,   3.9907386 ,  -2.9676523 ],
 [-294.9981    ,  12.556822  ,  15.1336    ,  -0.55798554,  -8.797263  ,
    17.57739   , -21.955908  ,   5.037549  ,   5.361361  ,   4.8222504 ,
    -7.0655723 ,   3.4629998 ,  -7.0206265 ],
 [-291.4119    ,  22.637066  ,  25.544264  ,   2.75164   ,  -6.592388  ,
    20.62194   , -15.646412  ,   4.1545153 ,   1.9932055 ,   2.4948559 ,
    -4.860054  ,   3.9347978 ,   0.33884454],
 [-294.15634   ,  24.37299   ,  21.235975  ,   6.1435328 ,  -9.664281  ,
    22.646416  , -16.063763  ,   3.6473122 ,   8.8226795 ,   6.186435  ,
    -6.1848574 ,   3.6460736 ,   4.601776  ],
 [-299.33237   ,  25.75252   ,  19.143673  ,  -4.482908  , -19.727531  ,
    13.720931  , -13.039425  ,   7.0952406 ,   1.2768216 ,  -3.5909948 ,
    -9.329489  ,   5.8388267 ,   1.4001613 ],
 [-305.3409    ,  32.08527   ,  20.621803  ,   8.828149  , -11.39787   ,
    24.83909   ,  -0.10871851,   3.408813  ,  11.697844  ,   3.2702084 ,
    -1.0440254 ,   1.26515   ,  -4.0709214 ],
 [-298.9161    ,  33.799454  ,  18.568834  ,   2.1943643 , -17.455082  ,
    16.277454  , -12.687889  ,   1.4019643 ,   6.177333  ,  -0.00286019,
     0.98079085,   5.8018546 ,   1.6365335 ],
 [-303.72092   ,  31.435993  ,  23.873592  ,   9.3701725 ,  -7.2439847 ,
    21.091415  , -11.745     ,   5.8285127 ,  12.617454  ,  -5.1564035 ,
    -5.9307456 ,   0.34758815,  -5.3287807 ],
 [-307.85843   ,  36.43447   ,  30.26172   ,  12.018576  ,  -7.685026  ,
    17.310482  , -10.40434   ,   6.7540555 ,   7.827606  ,  -2.2749813 ,
    -0.70067143,   0.9963413 ,  -3.6415474 ],
 [-314.132     ,  21.920612  ,  26.759674  ,  11.40268   , -11.676106  ,
    20.119255  ,  -9.15287   ,  -0.53506035,   2.5284302 ,  -2.4755788 ,
    -3.5165086 ,   4.486161  ,  -2.7473683 ],
 [-305.53986   ,  28.88504   ,  32.593185  ,  12.297696  , -16.48855   ,
    22.20782   ,  -4.7317047 ,   5.619848  ,   3.9978461 ,   1.396321  ,
     2.756299  ,   7.086923  ,  -0.33022678],
 [-304.14273   ,  25.815685  ,  29.138596  ,   6.514101  ,  -9.152231  ,
    21.84548   ,  -5.7304    ,   4.7605543 ,  12.346604  ,   3.414432  ,
    -0.81395197,   1.823382  ,  -6.454251  ],
 [-304.64734   ,  23.882858  ,  29.147675  ,  17.612316  , -13.914213  ,
    21.997677  ,  -5.505025  ,  -3.3980207 ,   7.555285  ,  -1.3274705 ,
    -5.5756025 ,   4.275044  ,  -2.7467263 ],
 [-294.28055   ,  28.122654  ,  38.43155   ,  24.456366  , -21.390152  ,
    13.041241  ,  -4.086624  ,  -1.997158  ,  10.554703  ,   7.8056326 ,
    -3.8077593 ,   0.56922567,   0.2422024 ],
 [-301.59457   ,  22.54261   ,  31.353243  ,  19.762753  , -16.441364  ,
    22.294172  ,   6.367867  ,   0.13699949,   6.835747  ,   1.8586175 ,
     2.093098  ,  -1.7605988 ,   1.320446  ],
 [-293.59772   ,  25.102718  ,  31.666653  ,  17.938225  , -30.95367   ,
    14.430542  ,   3.0384612 ,  -0.26330304,   4.8102036 ,   6.674423  ,
    -0.4748768 ,   1.4570801 ,  -0.8848268 ],
 [-289.5086    ,  23.970196  ,  29.267447  ,  29.717531  , -27.536545  ,
    17.409458  ,   4.6519957 ,   0.45734394,   4.8152723 ,  -5.4347367 ,
    -1.8964796 ,   0.1675742 ,  -1.2795765 ],
 [-278.08667   ,  40.111916  ,  37.13994   ,  36.89079   , -16.420172  ,
    22.721046  ,  -0.72458756,  -8.048975  ,   5.2340517 ,  -5.0305085 ,
    -4.2410517 ,  -2.4640734 ,  -4.72159   ],
 [-260.08768   ,  60.1665    ,  49.57358   ,  40.333134  , -16.87659   ,
    14.400828  ,   2.0561435 ,  -9.714489  ,   7.068016  ,   1.6109915 ,
    -6.796833  , -13.6606    ,   0.33001423],
 [-245.51233   ,  67.486496  ,  34.555794  ,  38.10876   , -11.201492  ,
    17.766722  ,   0.08112508,  -7.9116235 ,   2.4597483 ,   0.56541395,
    -7.423615  ,  -7.797004  ,  -2.58386   ],
 [-139.09898   ,  60.26745   ,   8.840458  ,   5.805281  ,  -9.14685   ,
     5.7694316 , -13.859491  ,   0.55957645,   1.1137706 ,   5.929839  ,
    -2.156055  ,  -2.7425961 ,   4.3481164 ],
 [-113.92328   ,  57.564     ,   1.0728688 ,   4.3620095 , -12.081712  ,
     1.9086785 , -15.269098  ,   4.173695  ,   3.925829  ,   9.255405  ,
    -4.4157805 ,  -1.6830169 ,   9.902563  ],
 [-111.84785   ,  53.096924  ,  -1.453415  ,   4.104352  ,  -6.153049  ,
     1.8003427 , -14.626656  ,   5.4642186 ,   4.3964596 ,   4.401863  ,
    -6.244714  ,  -5.2695312 ,   7.7694006 ],
 [-112.42115   ,  53.095314  ,  -6.1255    ,   4.7289977 ,  -8.285238  ,
     2.9856262 , -12.59462   ,   7.1882243 ,   4.664875  ,   6.576434  ,
   -11.608584  ,  -2.5380282 ,   7.933032  ],
 [-114.51221   ,  55.02281   ,  -5.3165445 ,   2.960128  ,  -9.778805  ,
     3.7045202 ,  -9.973117  ,   6.4292345 ,   3.7066085 ,  -0.7634723 ,
    -8.588003  ,  -5.025075  ,   9.933729  ],
 [-123.51388   ,  59.676113  ,  -6.6982384 ,   4.190668  ,  -9.473461  ,
     3.042583  ,  -8.791452  ,   9.764299  ,   4.0563846 ,   0.45579004,
   -11.715311  ,  -0.30108306,   5.971659  ],
 [-117.65364   ,  57.35923   ,  -6.3552694 ,   5.2288065 ,  -8.531149  ,
    -1.0333381 ,  -8.054545  ,   9.141352  ,   4.37479   ,  -3.2121687 ,
    -7.300207  ,  -2.9017844 ,   8.642111  ],
 [-126.10474   ,  60.608223  ,  -4.790807  ,   6.6480207 , -11.910227  ,
     2.7602806 ,  -7.5581403 ,  10.585515  ,  -1.3379078 ,  -2.1932173 ,
    -5.125689  ,  -0.67412335,   4.0669093 ],
 [-120.96573   ,  55.24348   ,  -5.1294947 ,   8.488522  , -12.911724  ,
    -2.4349794 ,  -7.0231056 ,   8.095228  ,  -2.4449227 ,  -0.75725365,
    -0.6432698 ,  -0.54141253,   3.1565235 ],
 [-129.83693   ,  60.075478  ,   0.27520168,   7.866519  , -15.506025  ,
    -5.58187   , -11.430447  ,   5.161695  ,  -3.4880626 ,   4.2743073 ,
     1.271363  ,   0.03185295,   0.45614046],
 [-139.99544   ,  52.41693   ,  10.898985  ,  13.689402  , -16.802353  ,
    -6.6316    , -10.420469  ,   2.870863  ,  -4.881168  ,   6.070975  ,
    -0.0777929 ,  -0.3373453 ,   0.51053435],
 [-182.99371   ,  49.265068  ,  27.249004  ,   7.32183   ,  -2.9168627 ,
    -4.7728777 ,  -4.5905657 ,   1.142417  ,  -9.87718   ,   4.3145876 ,
    -0.60196376,   1.1534004 ,  -5.1370115 ],
 [-259.43848   ,  48.367363  ,  27.997047  ,  25.654568  , -18.560978  ,
     2.4233177 ,  -4.231759  ,   9.472425  , -13.073005  ,  -0.6849072 ,
     3.0753696 ,   6.82159   ,  -1.0649612 ],
 [-264.2453    ,  38.79695   ,  12.653456  ,   6.2682776 , -14.559541  ,
     8.315891  , -14.652758  ,   9.319791  ,  -5.7323065 ,   9.339088  ,
    -4.2231174 ,   0.6649125 ,   3.724359  ],
 [-268.6914    ,  26.13628   ,  24.226091  ,   4.127224  ,  -3.546     ,
     3.9445715 ,  -4.0178976 ,   0.79365176, -12.214741  ,   2.9070501 ,
     6.011977  ,   0.12153023,   0.80773664],
 [-305.0245    ,  36.469917  ,  25.848497  ,   8.039868  , -18.023384  ,
     5.2684937 , -18.422209  ,   1.6669745 ,  -7.7768946 ,  -2.19487   ,
    -2.378931  ,   3.0065403 ,  -1.7368054 ],
 [-320.65018   ,  29.467216  ,  29.18318   ,  13.231348  ,  -8.734566  ,
    10.297271  , -18.698017  ,   4.173416  ,   0.54367685,   1.7002778 ,
    -2.283002  ,   0.8350666 ,   2.2199678 ],
 [-316.29654   ,  31.023205  ,  29.023829  ,  12.440404  , -13.919494  ,
     9.668732  , -18.49738   ,   3.5125768 ,  -1.8151615 ,  -1.1493555 ,
     4.5963745 ,   0.2479549 ,  -3.9878054 ],
 [-316.60474   ,  34.832756  ,  25.146084  ,   9.17295   , -11.304336  ,
    15.910137  , -14.633468  ,   1.4856718 ,   8.101214  ,  -0.52160835,
    -0.7299709 ,   0.19063072,  -1.9117143 ],
 [-203.42848   ,   8.9838295 ,   2.0232444 ,   0.7945239 , -15.036739  ,
    11.65291   , -15.156484  ,   2.0089905 ,  -4.857179  ,  -3.0816224 ,
     2.0649111 ,  -2.0353057 ,   4.4505434 ],
 [-261.09238   , -23.3513    ,  22.683372  ,  22.208862  , -12.540986  ,
    18.794811  ,  -7.821192  ,   1.379612  ,   6.9370255 ,  -2.7623599 ,
     3.6794508 ,   0.41383013,   0.08351731],
 [-222.19507   , -34.290024  ,  10.071234  ,   7.244014  , -15.962566  ,
    10.658327  ,  -8.524258  ,  -0.42381573,   1.0043504 ,  -3.5219789 ,
     6.2171717 ,   0.81051606,  -0.17868829],
 [-153.95317   , -22.188324  ,  14.491734  ,  13.916893  , -18.005627  ,
     4.704043  , -12.415357  ,  -4.677388  ,   0.16827464,  -0.12844849,
     4.0842    ,   1.4559045 ,  -1.2202053 ],
 [-185.58081   ,  -8.04671   ,  12.227614  ,   8.621374  , -19.561794  ,
    -0.98143506,  -6.2919683 ,  -0.94068885,   0.9484187 ,  -1.3380868 ,
     2.6013322 ,   9.349235  ,   4.33193   ],
 [-156.86858   ,  54.941658  ,   7.8578157 ,  22.092209  , -17.572384  ,
    -2.852352  ,  -6.5660725 ,   1.6377008 ,  -2.7796512 ,   3.0704594 ,
    -2.2226806 ,   3.0172634 ,  -1.4142046 ],
 [-143.75253   ,  57.020523  ,  -4.7859116 ,   5.971228  , -13.801748  ,
     6.5521955 ,  -5.4198694 ,   7.537512  ,  -2.5909288 ,  -0.8425762 ,
    -1.0594523 ,   0.7800892 ,  -1.5199418 ],
 [-138.68059   ,  65.54506   , -17.254343  ,  -5.9145656 ,  -1.8120207 ,
    11.914486  , -10.933119  ,   1.0686889 ,   5.991671  ,  -4.887617  ,
     0.23046821,  -0.94930345,   1.2346652 ],
 [-168.80844   ,  73.343994  , -24.898678  ,  -7.558565  ,  -5.6785517 ,
     9.99065   ,   4.9220595 ,   4.5223756 ,  -7.837338  ,  -4.169381  ,
     3.7374127 ,  -7.6527224 ,   2.7105396 ],
 [-170.44258   ,  78.58733   , -27.84093   , -13.470974  ,   1.2960087 ,
    13.406128  ,  -1.3691263 ,  -2.2345078 ,   2.4910572 ,  -4.5983925 ,
     4.318062  ,  -6.5945296 ,   4.83858   ],
 [-165.08443   ,  53.54551   , -30.625675  ,  -5.1774235 ,   2.3659298 ,
     9.017177  ,   1.6783525 ,  -0.3132792 ,   0.92919   ,  -2.7173734 ,
     1.1620395 ,  -8.780204  ,   5.7783804 ],
 [-153.20825   ,  55.093307  , -25.768898  ,  -7.7136917 ,  -0.8320526 ,
    10.461397  ,  -1.6787794 ,   1.6984942 ,   1.0517017 ,   0.73241436,
     1.6073713 ,  -8.066921  ,   8.18817   ],
 [-192.34435   ,  52.201233  ,  -9.936192  ,  -0.5898212 ,   0.09715986,
     8.692742  ,   4.0413465 ,   3.0801754 ,   0.84124804,   1.5123448 ,
    -1.7908535 ,  -3.7536404 ,   6.7167807 ],
 [-210.11224   ,  48.180145  ,  -8.802746  ,  11.342358  ,   2.5205593 ,
    13.390022  ,  -0.9171418 ,   1.3074025 ,  -1.6342611 ,   2.0694876 ,
    -4.796647  ,  -4.3806863 ,  10.096199  ],
 [-234.76476   ,  33.226337  , -16.948557  ,   0.8653587 ,   8.71312   ,
    22.484589  ,   7.322488  ,   6.409108  ,  -0.58520293,  -1.4050761 ,
    -6.509352  ,  -4.383117  ,   8.403732  ],
 [-258.30252   ,  27.334866  , -13.558862  ,  -0.7313944 ,  -2.0856636 ,
     9.255079  ,  -6.7063894 ,   0.42393145,   6.8716016 ,   1.7588468 ,
    -0.41060197,   1.9499905 ,   2.7317085 ],
 [-271.19333   ,  22.693066  , -18.19931   ,   0.08696055,   3.7299538 ,
    12.820522  ,  -9.451086  ,   1.0810101 ,  10.042835  ,   3.5189064 ,
    -8.725932  ,  -6.718336  ,   6.1361284 ],
 [-270.12866   ,  27.649025  , -16.181736  ,   8.562511  ,   3.3392446 ,
    12.8257885 ,  -3.3086977 ,   5.9327774 ,   7.9352922 ,   3.365353  ,
    -7.0003033 ,   6.3935366 ,   5.5143566 ],
 [-290.12833   ,  21.487026  ,   1.9171554 ,  -5.7388678 ,   1.4116167 ,
    18.63937   ,  -5.015845  ,   7.6447296 ,   3.2784505 ,   2.4558074 ,
   -12.910653  ,   7.3581166 ,  -5.4162207 ],
 [-291.35828   ,  22.826561  ,  12.742748  ,   6.7856617 ,  -3.392994  ,
    19.674042  ,  -1.2452462 ,   9.009848  ,  -2.2678664 ,  11.109907  ,
    -4.9200974 ,   4.591346  ,   1.8579304 ],
 [-305.51236   ,  21.59088   ,  27.488796  ,  15.602999  ,  -8.251796  ,
    15.398146  ,  -9.217365  ,   6.4973693 ,   1.6380302 ,  11.50803   ,
     1.7767291 ,   1.1595079 ,  -8.254065  ],
 [-306.28287   ,  17.159674  ,  27.619202  ,  11.563906  ,  -7.5022287 ,
    17.772089  ,  -5.0122623 ,   9.05921   ,   1.2930484 ,   7.648     ,
    -5.585803  ,   2.4542985 ,  -1.3728609 ],
 [-311.84344   ,  22.345451  ,  31.266367  ,  12.464045  , -18.257095  ,
    10.330224  ,  -4.814749  ,   3.4653242 ,   5.837473  ,   8.585204  ,
    -6.4138384 ,   3.7931614 ,  -0.65579605],
 [-316.42307   ,  27.236176  ,  26.76136   ,   9.3068    ,  -8.778687  ,
    13.820341  ,  -5.087065  ,   3.1788816 ,   4.888687  ,   7.2790112 ,
    -0.97958094,   6.165812  ,  -1.116272  ],
 [-315.3562    ,  29.728416  ,  31.618366  ,   8.785164  , -16.515036  ,
    13.281256  ,  -3.4425373 ,   3.5974255 ,   6.9728217 ,  10.325287  ,
    -0.5647793 ,   4.5023556 ,  -4.378959  ],
 [-324.5521    ,  28.76854   ,  31.57052   ,   9.867216  , -10.696813  ,
     4.193492  ,  -7.3985424 ,   8.504307  ,  11.931801  ,   8.959394  ,
    -5.703615  ,  -1.137115  ,  -7.533845  ],
 [-329.3143    ,  28.219017  ,  29.382061  ,   7.654897  ,  -8.659655  ,
    14.1114235 ,   0.3014563 ,   8.161418  ,   6.601407  ,   6.596305  ,
     0.1306619 ,   4.9447665 ,  -1.9733858 ],
 [-328.2149    ,  32.0198    ,  27.201157  ,   2.5345755 , -10.173914  ,
     7.439516  ,  -7.3079615 ,   5.7485833 ,   4.1277876 ,   4.3140583 ,
     0.2861967 ,   4.3018675 ,  -3.893416  ],
 [-333.49973   ,  33.8314    ,  25.41737   ,   6.4096365 ,  -6.7128882 ,
    13.462343  ,   0.20134127,   8.023367  ,   5.1265726 ,  -0.28606254,
     2.0579703 ,   3.184969  ,  -1.2231421 ],
 [-326.43173   ,  27.497166  ,  23.075981  ,   3.1193824 , -18.528574  ,
    11.465127  ,  -4.599009  ,   2.904763  ,   2.014865  ,  -0.2871132 ,
     0.00324488,   3.2772624 ,  -3.9495873 ],
 [-322.5036    ,  39.899582  ,  28.078564  ,   5.7709665 , -13.132425  ,
    15.280245  ,  -4.490114  ,   2.4723513 ,   5.758053  ,   4.302424  ,
    10.772195  ,   3.9450104 ,  -3.9320755 ],
 [-329.9042    ,  27.635635  ,  21.37833   ,  11.837444  ,  -7.101964  ,
    24.296947  ,   3.5274858 ,   0.04300582,  -1.0177917 ,  -7.378766  ,
     1.236267  ,   8.404728  ,   1.1003758 ],
 [-321.51935   ,  37.088684  ,  30.713476  ,  10.726231  , -18.88565   ,
    14.388963  ,  -6.235035  ,   4.5832715 ,  10.961329  ,  -0.87801695,
     5.2847166 ,   0.8390579 ,  -2.3441992 ],
 [-331.5608    ,  31.852169  ,  21.7538    ,   8.497866  , -13.964988  ,
    15.081217  ,  -0.57229555,   2.405387  ,   8.75946   ,  -1.888154  ,
     4.067665  ,   2.2288687 ,  -0.95058405],
 [-333.58173   ,  37.82128   ,  23.901642  ,   7.816499  ,  -7.6861286 ,
    14.954977  ,  -0.09155989,   2.890822  ,   8.146003  ,   0.01189232,
     6.3336983 ,  -1.0774242 ,  -6.223192  ],
 [-333.21313   ,  32.662445  ,  23.71125   ,   9.222707  ,  -8.640674  ,
    14.569172  ,  -5.4008546 ,   2.745966  ,   3.9887633 ,  -5.4681225 ,
     6.342452  ,   0.23220521,  -5.280938  ],
 [-338.6322    ,  28.71856   ,  29.32103   ,  22.254826  ,  -4.9181166 ,
    17.466648  ,   0.681208  ,  -2.0936475 ,   6.0162134 ,  -5.6516323 ,
     2.2486553 ,   7.2112007 ,   0.18108022],
 [-334.95523   ,  27.826324  ,  27.974424  ,  23.937115  , -13.532747  ,
    12.358899  ,  -5.618514  ,  -5.4963264 ,  14.937426  ,  -4.9254603 ,
     4.568352  ,   6.843975  ,  -2.5750413 ],
 [-343.8622    ,  21.48029   ,  24.34407   ,  18.078062  , -11.76663   ,
    11.589378  ,  -4.190474  ,  -2.4882126 ,  10.543892  ,  -1.9095931 ,
     4.2868314 ,   3.426572  ,  -4.5726504 ],
 [-334.3917    ,  24.293114  ,  24.908724  ,  19.256374  ,  -8.812901  ,
    15.874054  ,  -8.159502  ,  -3.0000868 ,  11.548796  ,   2.219305  ,
     4.470737  ,   2.0775135 ,  -3.7625318 ],
 [-335.54938   ,  18.253113  ,  30.332924  ,  27.073114  , -19.30272   ,
    13.0863085 , -10.1371    ,  -7.1682315 ,  11.791771  ,  -4.8708615 ,
     2.140158  ,   2.208798  ,  -4.98954   ],
 [-325.73584   ,  27.339552  ,  34.05065   ,  24.143871  , -19.918049  ,
    13.272086  ,  -9.699623  ,  -5.47725   ,  11.543626  ,   1.9709675 ,
     4.671417  ,   5.0173187 ,  -4.012439  ],
 [-332.86752   ,  15.809786  ,  22.389023  ,  24.717245  , -15.037959  ,
    21.214828  ,  -3.0438805 ,  -5.8964334 ,  12.162989  ,  -1.8065438 ,
     1.8785099 ,  -0.06580054,   0.24495757],
 [-326.55725   ,  26.7612    ,  29.93209   ,  17.780941  , -18.55769   ,
    14.62491   ,  -2.788269  ,   7.089758  ,  11.50087   ,   1.2756172 ,
     1.2055097 ,  -0.9060955 ,  -2.6696658 ],
 [-330.93964   ,  22.488731  ,  23.545803  ,  18.79635   , -21.01862   ,
    12.59657   ,  -2.2142477 ,  -2.909162  ,  10.826018  ,   0.21396732,
     0.7703097 ,  -1.029214  ,  -3.7008111 ],
 [-328.72354   ,  20.35381   ,  24.652779  ,  22.845314  , -23.791426  ,
    14.021178  ,  -2.6773365 ,  -4.916399  ,  10.714516  ,   0.84702086,
     5.106197  ,   0.93112123,   0.3871007 ],
 [   0.        ,   0.        ,   0.        ,   0.        ,   0.        ,
     0.        ,   0.        ,   0.        ,   0.        ,   0.        ,
     0.        ,   0.        ,   0.        ],
 [   0.        ,   0.        ,   0.        ,   0.        ,   0.        ,
     0.        ,   0.        ,   0.        ,   0.        ,   0.        ,
     0.        ,   0.        ,   0.        ],
 [   0.        ,   0.        ,   0.        ,   0.        ,   0.        ,
     0.        ,   0.        ,   0.        ,   0.        ,   0.        ,
     0.        ,   0.        ,   0.        ],
 [   0.        ,   0.        ,   0.        ,   0.        ,   0.        ,
     0.        ,   0.        ,   0.        ,   0.        ,   0.        ,
     0.        ,   0.        ,   0.        ],
 [   0.        ,   0.        ,   0.        ,   0.        ,   0.        ,
     0.        ,   0.        ,   0.        ,   0.        ,   0.        ,
     0.        ,   0.        ,   0.        ],
 [   0.        ,   0.        ,   0.        ,   0.        ,   0.        ,
     0.        ,   0.        ,   0.        ,   0.        ,   0.        ,
     0.        ,   0.        ,   0.        ],
 [   0.        ,   0.        ,   0.        ,   0.        ,   0.        ,
     0.        ,   0.        ,   0.        ,   0.        ,   0.        ,
     0.        ,   0.        ,   0.        ],
 [   0.        ,   0.        ,   0.        ,   0.        ,   0.        ,
     0.        ,   0.        ,   0.        ,   0.        ,   0.        ,
     0.        ,   0.        ,   0.        ],
 [   0.        ,   0.        ,   0.        ,   0.        ,   0.        ,
     0.        ,   0.        ,   0.        ,   0.        ,   0.        ,
     0.        ,   0.        ,   0.        ],
 [   0.        ,   0.        ,   0.        ,   0.        ,   0.        ,
     0.        ,   0.        ,   0.        ,   0.        ,   0.        ,
     0.        ,   0.        ,   0.        ],
 [   0.        ,   0.        ,   0.        ,   0.        ,   0.        ,
     0.        ,   0.        ,   0.        ,   0.        ,   0.        ,
     0.        ,   0.        ,   0.        ],
 [   0.        ,   0.        ,   0.        ,   0.        ,   0.        ,
     0.        ,   0.        ,   0.        ,   0.        ,   0.        ,
     0.        ,   0.        ,   0.        ],
 [   0.        ,   0.        ,   0.        ,   0.        ,   0.        ,
     0.        ,   0.        ,   0.        ,   0.        ,   0.        ,
     0.        ,   0.        ,   0.        ],
 [   0.        ,   0.        ,   0.        ,   0.        ,   0.        ,
     0.        ,   0.        ,   0.        ,   0.        ,   0.        ,
     0.        ,   0.        ,   0.        ],
 [   0.        ,   0.        ,   0.        ,   0.        ,   0.        ,
     0.        ,   0.        ,   0.        ,   0.        ,   0.        ,
     0.        ,   0.        ,   0.        ],
 [   0.        ,   0.        ,   0.        ,   0.        ,   0.        ,
     0.        ,   0.        ,   0.        ,   0.        ,   0.        ,
     0.        ,   0.        ,   0.        ],
 [   0.        ,   0.        ,   0.        ,   0.        ,   0.        ,
     0.        ,   0.        ,   0.        ,   0.        ,   0.        ,
     0.        ,   0.        ,   0.        ],
 [   0.        ,   0.        ,   0.        ,   0.        ,   0.        ,
     0.        ,   0.        ,   0.        ,   0.        ,   0.        ,
     0.        ,   0.        ,   0.        ],
 [   0.        ,   0.        ,   0.        ,   0.        ,   0.        ,
     0.        ,   0.        ,   0.        ,   0.        ,   0.        ,
     0.        ,   0.        ,   0.        ],
 [   0.        ,   0.        ,   0.        ,   0.        ,   0.        ,
     0.        ,   0.        ,   0.        ,   0.        ,   0.        ,
     0.        ,   0.        ,   0.        ],
 [   0.        ,   0.        ,   0.        ,   0.        ,   0.        ,
     0.        ,   0.        ,   0.        ,   0.        ,   0.        ,
     0.        ,   0.        ,   0.        ],
 [   0.        ,   0.        ,   0.        ,   0.        ,   0.        ,
     0.        ,   0.        ,   0.        ,   0.        ,   0.        ,
     0.        ,   0.        ,   0.        ],
 [   0.        ,   0.        ,   0.        ,   0.        ,   0.        ,
     0.        ,   0.        ,   0.        ,   0.        ,   0.        ,
     0.        ,   0.        ,   0.        ],
 [   0.        ,   0.        ,   0.        ,   0.        ,   0.        ,
     0.        ,   0.        ,   0.        ,   0.        ,   0.        ,
     0.        ,   0.        ,   0.        ],
 [   0.        ,   0.        ,   0.        ,   0.        ,   0.        ,
     0.        ,   0.        ,   0.        ,   0.        ,   0.        ,
     0.        ,   0.        ,   0.        ],
 [   0.        ,   0.        ,   0.        ,   0.        ,   0.        ,
     0.        ,   0.        ,   0.        ,   0.        ,   0.        ,
     0.        ,   0.        ,   0.        ],
 [   0.        ,   0.        ,   0.        ,   0.        ,   0.        ,
     0.        ,   0.        ,   0.        ,   0.        ,   0.        ,
     0.        ,   0.        ,   0.        ],
 [   0.        ,   0.        ,   0.        ,   0.        ,   0.        ,
     0.        ,   0.        ,   0.        ,   0.        ,   0.        ,
     0.        ,   0.        ,   0.        ]]"
berhenti,dataset\berhenti\berhenti1.wav,"[[-290.6537    ,  43.3011    ,   6.1797523 ,  13.070197  ,   6.438823  ,
    10.091986  ,   1.5897307 ,   2.6100569 ,  -3.7055912 ,  -1.7642887 ,
     5.13624   ,   4.6255984 ,   3.2939568 ],
 [-296.70074   ,  57.411743  ,   7.205995  ,   5.148295  ,  -5.6173196 ,
     8.518399  ,   6.7401943 ,   2.0058546 ,   4.789751  ,   0.36820918,
    -4.473095  ,   0.54084426,  -0.8631017 ],
 [-299.751     ,  56.241     ,  10.592529  ,   6.854602  ,  -1.5079556 ,
    14.45435   ,   3.4625378 ,   3.1864362 ,   7.1753907 ,  -1.8403968 ,
    -4.777728  ,   1.7344239 ,   1.3365128 ],
 [-300.4571    ,  49.58383   ,   1.964     ,   0.1685996 ,  -2.7818456 ,
    15.767037  ,   2.1214337 ,   5.795457  ,   6.8717623 ,  -5.8661633 ,
    -5.6155915 ,   1.8650125 ,   0.8424258 ],
 [-291.6848    ,  58.826134  ,   2.2540855 ,  -2.7700627 ,  -3.9734826 ,
    14.797021  ,  -1.2826412 ,   1.162104  ,  13.9772415 ,   4.323273  ,
    -0.7390959 ,   3.5178328 ,   0.44372916],
 [-306.71014   ,  58.801235  ,   7.730742  ,  -1.4964883 ,   4.071091  ,
    11.471103  ,  -2.6470375 ,   2.449142  ,   9.218873  ,  -2.536676  ,
    -6.841959  ,   3.7116456 ,   5.545618  ],
 [-307.56015   ,  54.176327  ,   2.1022017 ,  -2.242569  ,   8.767857  ,
    17.061699  ,  -2.0234034 ,   4.6113963 ,  12.093252  ,   2.0374675 ,
     2.1875043 ,   4.542517  ,  -0.89504683],
 [-321.5494    ,  56.34185   ,  14.803464  ,  -1.5070229 ,  -2.689288  ,
    13.682889  ,   6.0047617 ,  -2.2135377 ,   5.4109807 ,   3.2708106 ,
     5.2022276 ,   1.1707923 ,  -3.525195  ],
 [-319.5271    ,  55.734432  ,   7.674598  ,  -0.49795246,   3.2339854 ,
     7.8062997 ,   3.9549222 ,  -1.1004956 ,   3.6347733 ,   3.2925467 ,
    -0.3380947 ,   4.5141892 ,   3.4186087 ],
 [-324.43408   ,  57.299416  ,  15.200574  ,   2.286397  ,   5.0148783 ,
    11.485832  ,   8.242193  ,   0.24761581,  -0.90949816,  -0.4149866 ,
     1.1644425 ,   2.0618308 ,   1.1576982 ],
 [-325.97952   ,  58.23685   ,  11.470453  ,  -6.5164175 ,   2.2991772 ,
     8.243141  ,   3.680209  ,  -1.606818  ,  -3.6492805 ,  -2.6553836 ,
     0.44820702,   0.77910954,  -2.4897304 ],
 [-327.2892    ,  58.700058  ,  15.562277  ,  -3.0341992 ,   1.1459816 ,
     4.851125  ,   3.9510105 ,   3.8732934 ,   3.2922525 ,   2.1574821 ,
     2.1960516 ,   0.21967049,  -3.2074947 ],
 [-328.67477   ,  52.46319   ,   6.43698   ,  -6.3549247 ,   3.262059  ,
     7.239892  ,   3.6765332 ,  -0.35547268,  -2.6507964 ,  -3.31354   ,
    -2.6165676 ,  -0.19249667,   1.5864474 ],
 [-329.33478   ,  59.340446  ,  21.094952  ,   1.7176175 ,   1.5473244 ,
     2.1827645 ,   0.9814975 ,   3.8185198 ,   7.0369787 ,   4.922267  ,
    -0.27201927,  -3.815263  ,  -3.9038606 ],
 [-328.92783   ,  57.180084  ,  14.844685  ,  -4.3359904 ,  -0.5321056 ,
     3.747466  ,   2.1403522 ,  -0.7424369 ,  -3.3600082 ,  -3.2477963 ,
     0.46020332,   1.9786406 ,  -0.24857053],
 [-332.85068   ,  55.679108  ,  20.546974  ,   2.324786  ,   1.9065795 ,
     6.465641  ,   7.1267204 ,   1.8481119 ,  -1.8537242 ,  -0.25484207,
     0.34353346,  -1.4337218 ,  -1.7955685 ],
 [-339.16052   ,  46.845207  ,  19.805752  ,   4.6790695 ,  -3.8853626 ,
     1.4842293 ,   2.856522  ,  -3.040835  ,  -0.6463779 ,   2.4989085 ,
     2.3263385 ,   0.5664278 ,  -1.1703033 ],
 [-338.1903    ,  52.56833   ,  21.872938  ,  -0.28306472,  -5.276716  ,
     0.7438748 ,   5.2017107 ,   3.135392  ,   0.5634432 ,  -0.5641662 ,
    -2.6012769 ,  -3.2942495 ,  -1.661613  ],
 [-341.19592   ,  48.06642   ,  20.237656  ,   4.512332  ,   1.9262662 ,
     3.6261148 ,   2.4572968 ,   0.00465345,   3.6356127 ,   7.9844127 ,
     4.4367023 ,  -0.6204163 ,  -1.0987502 ],
 [-340.83276   ,  49.218945  ,  20.555267  ,   3.0451107 ,   0.11129546,
     0.37101915,   0.21197563,   2.986679  ,   6.5432854 ,   6.2857795 ,
     3.4948964 ,   1.1866686 ,  -1.092148  ],
 [-343.67822   ,  42.08718   ,  13.926207  ,   2.3156044 ,  -0.76492214,
    -1.5852532 ,   1.1413319 ,   2.9870722 ,   1.546335  ,  -2.429213  ,
    -4.1381416 ,   0.21143931,   3.7501113 ],
 [-345.98007   ,  44.377884  ,  20.903187  ,   2.6833055 ,  -4.2636833 ,
     1.4488009 ,   6.2258606 ,   2.9896371 ,   1.1084111 ,   1.0532715 ,
     1.7713063 ,   3.412983  ,  -0.9138228 ],
 [-337.76178   ,  52.935226  ,  24.255436  ,   6.879434  ,   2.1947749 ,
     2.498622  ,   3.6951141 ,   1.7553134 ,  -2.0569098 ,  -1.782798  ,
     0.62180054,  -0.8765481 ,  -3.114221  ],
 [-335.09024   ,  54.14816   ,  19.550549  ,  -0.33391058,  -0.70368266,
     2.7204733 ,   2.1968465 ,   1.5551609 ,   1.9725846 ,   0.878572  ,
    -0.7909354 ,  -0.91129714,  -0.6878295 ],
 [-335.6257    ,  50.488354  ,  14.006992  ,  -2.4530406 ,  -1.492414  ,
     0.31052887,   1.3145988 ,   3.3206055 ,   3.3563285 ,   1.9907395 ,
     2.4148922 ,   3.346028  ,   1.5625652 ],
 [-337.18906   ,  51.767387  ,  18.742264  ,   0.36531794,   0.09398136,
     2.661244  ,   1.9457324 ,   1.2310815 ,  -0.44430637,  -4.650409  ,
    -6.3766046 ,  -2.6547863 ,   1.1202936 ],
 [-334.32034   ,  53.526447  ,  16.532703  ,  -3.4825435 ,  -2.8841193 ,
     1.3669888 ,   2.2194881 ,   3.9007394 ,   6.5435905 ,   5.7845926 ,
     2.4750547 ,   0.6116585 ,  -0.2902949 ],
 [-341.2862    ,  45.309303  ,  12.705222  ,  -5.5526586 ,  -2.2681124 ,
     3.0724003 ,  -1.0722492 ,  -5.573471  ,  -3.431635  ,   3.8207674 ,
     4.3154335 ,   0.04250626,  -4.043853  ],
 [-334.34598   ,  49.428246  ,   9.910532  ,  -8.692639  ,  -4.7690773 ,
     2.206497  ,   1.3307102 ,  -1.0904746 ,   1.8895774 ,   7.111059  ,
     2.316215  ,  -2.5642474 ,  -2.8195443 ],
 [-340.25256   ,  46.43392   ,  12.514497  ,  -4.602791  ,  -0.9148215 ,
     3.58824   ,  -0.9030175 ,  -3.916654  ,   0.11873269,   5.150502  ,
     3.9763985 ,  -0.19791563,  -0.5912194 ],
 [-329.10022   ,  53.28703   ,  20.70951   ,  -1.5062256 ,   0.54204303,
     6.491285  ,  -5.2155437 ,  -0.22878051,   2.5395377 ,  12.397015  ,
     5.497154  ,  -5.160598  ,  -3.446737  ],
 [-339.2997    ,  39.042934  ,  16.945354  ,  -2.346308  ,  -1.5414435 ,
     7.1354427 ,  -5.421674  ,   1.7208561 ,  -4.8056927 ,   2.209142  ,
     1.6724743 ,  -1.2478143 ,   4.0164623 ],
 [-339.72348   ,  43.58974   ,  17.142216  ,  -3.4103842 ,  -6.4120684 ,
     2.6806726 ,  -1.9584696 ,   2.3420415 ,  -1.4721146 ,   2.9354637 ,
     6.2850895 ,  -0.7069836 ,   0.74655986],
 [-336.1841    ,  52.367516  ,  22.542244  ,   2.8865762 ,   1.7790635 ,
     5.804523  ,   0.09943831,  -1.7812346 ,  -1.030086  ,   6.1421366 ,
     7.606885  ,   1.609401  ,  -0.88378215],
 [-335.7712    ,  50.363106  ,  23.26117   ,   2.2895246 ,   0.81302   ,
    11.023791  ,   4.2853184 ,   2.79458   ,  -2.2664459 ,   2.550998  ,
     6.3565907 ,  -0.17883672,   0.13201284],
 [-333.27597   ,  51.236     ,  17.109932  ,  -2.7345738 ,  -1.87733   ,
     5.5540676 ,   2.735259  ,   5.571989  ,   2.6481426 ,   3.6428857 ,
     4.7422705 ,   1.437622  ,   2.0019245 ],
 [-334.3376    ,  48.002365  ,   6.0483284 , -10.189395  ,  -1.9834886 ,
     5.264105  ,   0.45098412,  -3.0640595 ,  -2.9438586 ,  -1.7641449 ,
     0.9652214 ,  -0.34807327,  -2.020638  ],
 [-330.67206   ,  57.973167  ,  19.373816  ,  -2.1295013 ,  -1.6340845 ,
     3.266861  ,   2.8285532 ,   1.5950886 ,   2.5568032 ,   2.6780953 ,
     0.4725871 ,  -3.5676599 ,  -6.682628  ],
 [-334.77487   ,  56.059544  ,  26.577436  ,   7.7879815 ,   1.4592674 ,
     0.49057692,   2.8840876 ,   7.36804   ,   6.106922  ,   2.9035656 ,
     0.46634412,  -3.1469412 ,  -6.0443344 ],
 [-293.116     ,  95.95494   ,  33.94888   ,   5.6005087 ,   6.245474  ,
     6.6357203 ,   2.2459066 ,  -0.04250622,   0.6651665 ,   1.1853509 ,
    -0.61790466,  -4.029329  ,  -7.407198  ],
 [-281.76022   , 102.015076  ,  31.125038  ,   8.100737  ,  12.325983  ,
    12.723396  ,   5.096054  ,  -5.45117   ,  -4.442164  ,   2.7633364 ,
    -0.52825713,  -4.581687  ,  -3.0484529 ],
 [-268.58835   , 103.267624  ,  27.877592  ,   9.708879  ,   0.22550118,
     8.201214  ,  14.15984   ,  -2.236001  ,  -6.2203727 ,   6.0362186 ,
    -1.2735541 ,  -8.460572  ,   3.4708273 ],
 [-257.25293   , 105.72388   ,  19.747627  ,   6.8237486 ,   6.292962  ,
    10.756732  ,  13.943426  ,  -1.7654011 ,  -6.1248627 ,   4.9454727 ,
    -4.5895367 ,  -1.085589  ,  -1.3577378 ],
 [-214.78731   ,  88.13417   ,  14.813987  ,   3.1363778 ,   4.6547675 ,
    17.964235  ,   6.130626  ,  -4.916611  ,  -0.8912785 ,   0.6853597 ,
    -0.6621709 ,  -7.0810933 ,   0.6528499 ],
 [-126.604546  ,  60.250153  ,   3.9488003 ,   9.43011   ,  -5.3232317 ,
     3.1450667 ,  -2.3701317 , -21.13787   ,   3.587854  ,  -0.24889016,
     3.6154323 , -12.568299  ,   9.573883  ],
 [-123.884605  ,  55.984768  ,   1.0991014 ,  13.724321  ,  -8.811141  ,
    -1.3517169 , -10.405803  , -14.022139  ,   5.4702277 ,   2.5586934 ,
     1.8080273 ,  -7.209289  ,  12.2413025 ],
 [-127.117966  ,  54.205627  ,   3.545461  ,  14.388586  , -10.61183   ,
    -5.798867  , -11.217497  , -11.141324  ,   7.2251306 ,   0.50445175,
     3.9031467 ,  -6.373006  ,  14.0692005 ],
 [-122.833176  ,  51.254593  ,   7.5123816 ,  12.5711975 , -15.050224  ,
    -4.268265  , -13.822649  ,  -0.88465023,   2.0549552 ,  -1.2323079 ,
     4.278206  ,  -5.508063  ,   7.2185993 ],
 [-124.82653   ,  54.57463   ,   0.6708672 ,  15.664236  , -16.821634  ,
    -0.24743557, -17.133873  ,  -0.14195798,  -1.9557467 ,  -0.34443712,
     3.2119293 ,  -6.72103   ,  10.221338  ],
 [-193.6243    ,  29.573568  ,  17.718029  ,   8.388554  ,  -0.8211744 ,
    -5.763527  ,  -3.791546  ,  -1.8051612 ,  -0.7135081 ,   1.8616914 ,
     0.32539007,   3.7430713 ,   0.51356673],
 [-145.99207   ,  50.491302  ,  -1.7542667 ,   6.402009  ,  -2.951009  ,
     2.4632902 , -12.171583  ,   2.916101  ,  -1.9179347 ,   1.3277764 ,
     1.4288476 ,  -1.7648873 ,   7.8560486 ],
 [-174.89644   ,  50.836464  ,  -4.9910364 ,  16.906897  ,  -8.979377  ,
     5.7470455 ,  -9.313084  ,  -9.78392   ,  -2.6680205 ,   3.121099  ,
    -3.9481878 ,  -4.0798817 ,  13.572249  ],
 [-160.26022   ,  59.396317  ,  -5.8135834 ,  14.325761  ,  -5.7249994 ,
     8.367626  ,  -8.79068   ,  -2.2225056 ,  -2.189985  ,  -0.09852684,
    -4.338483  ,  -5.7664056 ,   7.8720636 ],
 [-156.60034   ,  69.50552   ,  -2.7128365 ,  13.941595  ,  -9.532686  ,
     8.33064   , -20.335403  ,   6.736765  ,   1.8736768 ,   4.2644587 ,
    -3.8973458 ,  -4.0559144 ,   9.627473  ],
 [-174.20602   ,  47.343094  ,   0.23456788,  28.907532  ,   2.6992216 ,
    20.734406  ,  -9.9513035 ,   6.012294  ,  -4.569457  ,  -3.9504318 ,
    -9.308892  ,  -5.980094  ,  10.964873  ],
 [-168.87964   ,  48.04624   ,   7.673817  ,  20.433731  ,  -7.00356   ,
    20.29609   ,  -8.54431   ,   3.3988907 ,   1.8923234 ,  -5.0098658 ,
    -9.283081  ,   0.70047086,   7.2119083 ],
 [-160.53545   ,  44.670414  ,   7.7853794 ,  15.342801  ,  -5.0487633 ,
    15.406885  ,  -5.284067  ,   4.437434  ,   1.3086212 ,  -0.17155981,
    -5.2909794 ,  -1.7081765 ,   3.3087673 ],
 [-155.29424   ,  43.931717  ,  11.613529  ,  14.502684  ,  -4.8812394 ,
    15.2869005 ,  -6.5966663 ,   2.7594855 ,   0.7279856 ,   0.9123609 ,
    -9.869413  ,  -4.0684276 ,   9.735823  ],
 [-150.75548   ,  58.097     ,   3.7514    ,  10.915784  ,  -9.43334   ,
    13.374419  ,  -8.227636  ,   2.0917969 ,  -1.6905913 ,   2.6026886 ,
    -5.030818  ,  -2.6977682 ,   6.6608286 ],
 [-135.50586   ,  63.00462   ,  -2.3842895 ,   8.830923  , -14.403993  ,
     5.2634363 ,  -8.517853  ,  -1.7699751 ,   2.6495206 ,   3.7208173 ,
    -0.8711214 ,  -4.2253666 ,   4.8957386 ],
 [-126.97086   ,  57.048355  ,  -4.4692173 ,  10.292723  , -13.071308  ,
     0.41018775, -14.892431  ,  -0.61592317,   6.054392  ,  -0.87516   ,
     2.5824013 ,  -4.547597  ,  10.765152  ],
 [-123.95638   ,  49.82299   ,   0.32025573,  15.590479  , -15.086483  ,
     0.83043814, -11.847644  ,  -1.9294872 ,   3.076702  ,  -4.821069  ,
     2.1526668 ,  -5.8201346 ,   7.0812387 ],
 [-135.79      ,  49.473263  ,   1.5593872 ,  19.924603  , -11.476515  ,
     5.49695   , -14.076065  ,  -1.610096  ,  -1.5527725 ,  -6.4696927 ,
    -1.2557254 ,  -2.5151448 ,  10.8561    ],
 [-202.40189   ,  65.03583   ,  13.35413   ,  23.114063  ,  -3.453026  ,
     8.444124  ,  -1.0377728 ,  -1.3280566 ,  -6.0140886 ,  -3.1441307 ,
    -2.5105596 ,  -3.677208  ,   7.562039  ],
 [-197.34496   ,  73.11352   ,  10.103592  ,  37.33284   ,  -3.3663275 ,
     5.56102   ,   2.3479667 ,  -7.5997844 ,  -3.0947514 ,   1.3351321 ,
    -4.770649  ,  -5.7381773 ,  11.138535  ],
 [-205.19821   ,  66.813995  ,  12.037336  ,  40.55534   ,   5.6563234 ,
     6.430505  ,   1.8934007 , -15.837284  ,   2.426913  ,   0.01293659,
     0.36545682,  -6.967182  ,   7.695388  ],
 [-197.01694   ,  69.19359   ,  14.388868  ,  34.310905  ,   0.44040495,
     8.321668  ,   1.1445436 ,  -9.59614   ,  -0.36767364,  -2.3277273 ,
    -0.6692214 ,  -9.102824  ,  14.7251835 ],
 [-201.80846   ,  69.72067   ,  12.023711  ,  31.767218  ,   7.4262414 ,
     3.9804173 ,   5.074707  ,  -9.513805  ,  -0.45172334,  -3.0104556 ,
    -0.3428893 ,  -7.4622383 ,  12.032358  ],
 [-205.86783   ,  71.704     ,  15.563641  ,  34.89594   ,  -2.820829  ,
     2.8687663 ,  14.143638  , -11.617345  ,  -2.7625833 ,  -8.545892  ,
     2.8581667 ,  -5.601291  ,  12.103377  ],
 [-208.64813   ,  72.39144   ,  13.117196  ,  30.894875  ,   3.78767   ,
    10.234763  ,   3.7998745 ,  -9.262894  ,  -0.35853267,  -3.9853323 ,
    -2.0207672 ,  -4.302994  ,   7.881756  ],
 [-206.25325   ,  74.64919   ,   9.235342  ,  35.34018   ,   5.787775  ,
     8.517172  ,  -1.2251256 ,  -7.9745626 ,  -0.8839659 ,  -1.5296524 ,
    -5.213931  ,  -5.2079296 ,  12.864491  ],
 [-221.79193   ,  84.48036   ,  10.287649  ,  32.205635  ,   6.0985184 ,
     5.622965  ,   0.30924076,  -7.7428503 ,  -0.963555  ,   1.6117887 ,
    -6.9642835 ,  -1.9923439 ,   9.261845  ],
 [-233.13643   ,  84.59407   ,  20.655884  ,  31.697315  ,   4.087873  ,
     2.2711062 ,  -1.8737925 ,  -8.279704  ,   2.4355974 ,   0.36870098,
    -2.3719158 ,  -6.1167655 ,   8.431244  ],
 [-248.7369    ,  75.53539   ,  28.99397   ,  19.253773  ,  -1.411572  ,
    16.518305  ,   8.15914   ,  -5.5565906 ,  -4.259048  ,  -0.22548413,
    -1.8146993 ,  -4.7312107 ,   2.0555468 ],
 [-224.83215   ,  32.29705   ,  11.937561  ,  14.135303  ,   5.509838  ,
    -0.02795076,   8.700554  ,  -1.5949955 ,  -1.1901418 ,  -2.6375608 ,
     0.43640164,  -3.290162  ,  -1.2198343 ],
 [-243.41447   ,  55.939095  ,  -6.296295  ,  11.621791  ,  11.948156  ,
    24.597229  ,  19.332481  ,   0.7917497 ,   4.304028  ,   2.643641  ,
    -1.106475  ,  -1.434721  ,   3.2290754 ],
 [-274.09488   ,  64.65959   ,  18.312347  ,  20.828136  ,   8.980559  ,
    11.773967  ,  11.668969  ,   1.4546356 ,   1.987247  ,  -0.27717495,
     0.03839844,   5.135701  ,  -1.6011245 ],
 [-300.87692   ,  54.848732  ,  17.483854  ,  20.907112  ,   4.9104095 ,
    15.259615  ,  10.057297  ,   8.046619  ,   9.454309  ,   2.737311  ,
     2.828939  ,   1.233061  ,  -1.7111559 ],
 [-307.2079    ,  52.60408   ,  12.942697  ,  10.959419  ,  -3.4775536 ,
    13.043936  ,   8.070158  ,  -2.108166  ,   2.1367383 ,   6.416935  ,
     6.6686974 ,   2.3665605 ,   2.677682  ],
 [-329.84613   ,  52.456295  ,  21.300259  ,   8.0222    ,   3.2959805 ,
     9.528196  ,   0.97588086,   2.34901   ,  11.602379  ,   6.1863437 ,
     7.003171  ,   5.102067  ,   2.0087473 ],
 [-326.59705   ,  49.76202   ,  14.00115   ,   6.966605  ,   0.46056908,
     3.9838421 ,  -0.7848363 ,  -3.8304245 ,   3.7914922 ,  -1.3433853 ,
    -2.0091338 ,   2.8833165 ,  -4.0853434 ],
 [-194.68536   ,  39.822372  ,  26.861977  ,  36.05568   , -20.048737  ,
     4.2465167 ,   3.7718303 ,  -6.142085  ,  -4.5024605 ,  -7.36107   ,
     0.6082072 ,  -2.294509  ,   9.007839  ],
 [-166.31792   ,  29.771769  ,  32.26111   ,  36.49234   , -26.653875  ,
    12.464952  ,  -1.2760888 ,  -9.435036  ,  -2.8865008 ,   0.9682851 ,
     4.5559683 ,  -7.1963787 ,   5.8545313 ],
 [-175.3525    ,  33.28808   ,  36.317596  ,  41.041317  , -26.489847  ,
    11.901328  ,  -0.53160703,  -3.2289705 ,  -0.56309795,  -1.3008442 ,
     0.06325436, -12.229856  ,   9.887801  ],
 [-170.65585   ,  31.962067  ,  37.985382  ,  37.728718  , -27.678074  ,
    15.079374  ,   2.6947684 ,  -3.6504624 ,  -5.774083  ,  -1.0519155 ,
     4.6429687 , -11.894802  ,   6.9383407 ],
 [-168.63417   ,  30.206244  ,  37.487164  ,  38.517967  , -28.876965  ,
    14.098633  ,  -1.1145585 ,  -3.5711086 ,  -2.598792  ,  -3.1496634 ,
     6.1879005 ,  -9.686109  ,   8.827026  ],
 [-173.5282    ,  31.603813  ,  40.142197  ,  34.137478  , -26.253963  ,
    15.400292  ,  -1.8219557 ,  -6.439644  ,  -0.3047443 ,  -2.20147   ,
     5.0626535 ,  -9.887481  ,   7.151104  ],
 [-169.00914   ,  31.93907   ,  40.441547  ,  32.294228  , -28.780045  ,
    15.269509  ,  -0.70255804,  -7.6621313 ,  -3.473162  ,  -1.0935943 ,
     6.129148  ,  -8.071731  ,   5.230532  ],
 [-171.51286   ,  34.470062  ,  34.60087   ,  35.92008   , -27.219086  ,
    16.165255  ,  -4.1986694 ,  -3.675184  ,  -1.0284865 ,  -2.0911498 ,
     5.683429  ,  -8.883757  ,   7.476983  ],
 [-173.75996   ,  32.29261   ,  40.260567  ,  36.000214  , -27.258694  ,
    15.259859  ,  -1.5801017 ,  -4.490094  ,  -0.28220046,  -2.8471413 ,
     2.867538  , -12.518595  ,  11.303131  ],
 [-176.46599   ,  38.451912  ,  39.447277  ,  35.28508   , -30.669628  ,
    16.418856  ,   0.46195793,  -3.5980625 ,   0.25475582,  -1.5125971 ,
    -0.9263451 ,  -7.5621176 ,   7.551873  ],
 [-172.37709   ,  33.600372  ,  38.121307  ,  32.32991   , -26.533852  ,
    22.00894   ,  -0.08883905,  -9.509801  ,  -0.9057789 ,  -2.6000733 ,
     2.3729403 ,  -9.591986  ,   7.354766  ],
 [-171.3811    ,  32.475075  ,  32.089928  ,  30.841858  , -27.56149   ,
    22.478455  ,  -0.0044471 ,  -6.086421  ,  -3.9924855 ,  -3.554234  ,
     0.5459051 ,  -8.027115  ,   9.23583   ],
 [-162.25174   ,  30.418438  ,  27.852634  ,  30.912666  , -30.722418  ,
    18.848103  ,  -0.08939135,  -5.095607  ,  -6.198982  ,  -2.5707226 ,
     0.22322154,  -7.1839523 ,   7.977874  ],
 [-150.03749   ,  26.309954  ,  29.3652    ,  29.739624  , -27.501137  ,
    16.44403   ,  -3.0010114 ,  -6.9060197 ,  -4.551058  ,  -0.9926436 ,
    -0.03155255,  -9.301166  ,   4.0116425 ],
 [-138.25363   ,  20.62986   ,  26.410831  ,  28.41489   , -29.69981   ,
    13.695177  ,  -1.351893  ,  -8.354013  ,  -7.090873  ,   2.53306   ,
    -1.8422203 , -10.67498   ,   1.4866757 ],
 [-132.611     ,  19.091816  ,  21.083616  ,  31.322666  , -29.422527  ,
    12.10339   ,  -2.4914365 ,  -6.9329414 ,  -7.346999  ,   1.6521266 ,
    -6.5050898 ,  -6.9095263 ,  -1.8097277 ],
 [-141.88373   ,  23.371035  ,  17.552452  ,  34.701103  , -27.337538  ,
    10.184216  ,  -3.916822  ,  -9.945155  , -11.038586  ,  -1.6234109 ,
   -10.244959  ,  -7.386835  ,   4.2505164 ],
 [-155.48477   ,  25.086815  ,  14.954845  ,  37.315544  , -22.649643  ,
     9.8158245 ,  -6.391221  , -13.120195  , -15.399036  , -10.208321  ,
    -9.041924  ,  -3.705586  ,   2.1457481 ],
 [-165.53604   ,  26.51317   ,  15.915447  ,  29.432735  , -15.395454  ,
     7.8029003 , -10.176096  , -14.374669  , -20.816689  ,  -5.1213584 ,
   -11.283646  ,  -4.9253445 ,  -2.0522728 ],
 [-170.96362   ,  20.629456  ,  25.92517   ,  32.58125   , -23.053818  ,
     3.9550614 , -16.454655  , -10.255932  , -12.359939  ,  -0.10412878,
   -15.881211  ,  -9.06015   ,  -5.4784994 ],
 [-219.32906   ,  23.705841  ,  40.575172  ,  29.041796  ,  -8.873873  ,
    -2.9512858 ,  -8.1620035 , -16.685009  , -15.006105  , -11.149693  ,
    -8.998393  ,  -2.8052514 ,  -1.2580588 ],
 [-248.42474   ,  27.049034  ,  22.036148  ,  18.079704  , -12.676411  ,
     8.631009  ,  -1.43245   , -10.641991  ,  -9.923012  ,   4.8233232 ,
    -7.023301  ,   0.9978763 ,   0.9939985 ],
 [-262.09232   ,  29.0574    ,  25.258362  ,  29.250694  , -17.728897  ,
     7.539101  ,   1.9718852 ,  -3.5114539 ,  -9.732815  ,   3.9522483 ,
   -13.407206  ,  -1.8410072 ,   1.0378895 ],
 [-269.35266   ,  30.817238  ,  17.615122  ,  21.70995   , -14.80389   ,
     8.314073  ,   1.6825011 ,  -5.5240355 , -14.326239  ,  -1.2367866 ,
   -14.025848  ,  -3.1440098 ,   2.6698747 ],
 [-283.74084   ,  32.45852   ,  20.392857  ,  18.716032  , -10.666253  ,
    17.743244  ,  -3.2294044 ,  -4.9087715 ,  -1.6049652 ,   6.4295034 ,
    -3.7893863 ,   6.1599016 ,   1.2444625 ],
 [-293.12772   ,  33.729744  ,  19.267473  ,  18.269464  , -12.146226  ,
     9.48231   ,  10.080736  ,  -1.7030959 ,  -1.6138854 ,  14.317356  ,
     0.31161782,   1.8864189 ,  -0.94305193],
 [-313.54703   ,  42.777153  ,  18.748962  ,   7.1201754 ,  -7.9294996 ,
    17.974993  ,   7.1570845 ,   3.9901505 ,   5.7500668 ,   2.2894473 ,
    -1.523109  ,   1.4633079 ,   0.40301907],
 [-321.15247   ,  43.31382   ,  16.510668  ,   3.2304268 , -16.123096  ,
    10.45488   ,   8.749571  ,  -0.42250308,   1.502845  ,   2.525453  ,
     1.2934865 ,   0.38575774,  -3.4211922 ],
 [-321.93048   ,  48.400578  ,  20.817108  ,   1.5941262 , -11.293564  ,
    12.240389  ,   6.2098284 ,   3.5891733 ,   5.2718105 ,   4.14139   ,
     5.197154  ,   4.6317244 ,  -3.715295  ],
 [-326.2391    ,  49.269608  ,  14.746433  ,   2.8094437 ,  -5.8693924 ,
     9.584925  ,   9.83943   ,   1.8960195 ,   3.6364024 ,   2.635829  ,
     3.8934183 ,  -0.36059192,  -3.0302553 ],
 [-321.81247   ,  56.036224  ,  11.55886   ,  -6.287995  ,  -1.5123955 ,
    17.011791  ,   8.924221  ,  -0.60362065,   3.248935  ,   3.868895  ,
     4.4582834 ,  -0.93800884,  -4.5496044 ],
 [-330.954     ,  48.740265  ,  13.26218   ,   3.3822348 ,   4.0902605 ,
    13.073052  ,   6.0089035 ,  -3.3614378 ,   0.9851568 ,  -2.356008  ,
    -1.1214869 ,   4.829012  ,  -0.7957515 ],
 [-320.7085    ,  58.918007  ,  10.2419815 ,  -6.7626686 ,  -0.07583427,
     9.496944  ,   2.381579  ,   1.3577566 ,   7.008911  ,   1.9900651 ,
     1.0101937 ,  -1.4519271 ,  -4.477157  ],
 [-342.60535   ,  45.06075   ,  15.174444  ,  -1.6536182 ,   0.6003921 ,
     9.438818  ,   9.544736  ,   5.7487316 ,   4.614706  ,   4.481626  ,
     3.7489285 ,  -0.1779627 ,  -2.2894301 ],
 [-338.5378    ,  48.379097  ,  12.952276  ,  -4.761977  ,  -0.700871  ,
     4.920014  ,   2.383925  ,  -0.2716354 ,   2.501744  ,   5.627622  ,
     4.350851  ,   0.64020985,  -1.5715789 ],
 [-339.31305   ,  48.35411   ,  15.46042   ,   0.2721725 ,   5.966312  ,
    11.429875  ,   6.310914  ,   1.0170548 ,   3.3408618 ,   6.5481777 ,
     4.5461655 ,   1.0560887 ,   0.28604293],
 [-342.6847    ,  46.057045  ,  15.427149  ,  -2.9809616 ,  -0.91132617,
     7.5188437 ,   8.519499  ,   3.285737  ,   0.04908627,   1.1118073 ,
     2.202642  ,   0.24632922,  -2.825253  ],
 [-336.45813   ,  50.125008  ,  15.134916  ,   1.4392256 ,   6.2464743 ,
     7.266455  ,   2.2779155 ,   1.5962441 ,   4.567255  ,   4.9500704 ,
     3.1262732 ,   1.3203363 ,  -0.7290132 ],
 [-341.77267   ,  45.970673  ,  14.037813  ,  -2.8739827 ,   0.17979884,
     5.5301247 ,   2.848853  ,  -0.81670684,   1.6710299 ,   5.804406  ,
     5.1311193 ,   2.0965536 ,   2.2635942 ],
 [-339.892     ,  46.00627   ,  19.367344  ,   6.3797774 ,   5.253851  ,
     1.8693805 ,  -1.1425242 ,   6.015338  ,   5.7148957 ,   4.4451256 ,
     2.567021  ,   2.4446857 ,  -0.80447006],
 [-341.3149    ,  45.734592  ,  12.343102  ,  -5.541957  ,  -2.2879543 ,
     6.839123  ,   9.689997  ,   5.301105  ,   0.39606726,   1.3160912 ,
     4.4907084 ,   2.0779305 ,  -2.9630194 ],
 [-337.47147   ,  49.593185  ,  15.070088  ,   0.33626884,   5.5589356 ,
     7.7366776 ,   0.9679824 ,  -1.4777842 ,   4.983285  ,   9.761461  ,
     5.842466  ,  -1.0609411 ,  -2.9794068 ],
 [-334.82767   ,  50.725742  ,  15.715324  ,  -1.37407   ,   3.7074893 ,
    12.360874  ,   2.9551163 ,  -3.5304015 ,   0.99028516,   7.983787  ,
    10.091789  ,  -0.14141299,  -3.6459937 ],
 [-339.016     ,  49.438896  ,  16.490715  ,  -1.2572143 ,   1.5297811 ,
     6.5926695 ,   3.454119  ,   0.07871804,   3.5222383 ,   7.600975  ,
     4.943714  ,  -1.2050003 ,  -3.9508135 ],
 [-343.2498    ,  42.600906  ,  10.633278  ,  -0.3819223 ,  10.69709   ,
    17.53971   ,   8.100954  ,  -3.3705072 ,  -3.410627  ,   2.6598318 ,
     3.9962268 ,   0.49372137,  -1.2359809 ],
 [-337.13306   ,  50.01768   ,  15.500084  ,   0.3535455 ,   5.0885515 ,
     9.159952  ,   4.887947  ,  -0.9848604 ,  -1.9722025 ,   2.4449615 ,
     6.360476  ,   3.708763  ,  -1.5794225 ],
 [-342.60327   ,  43.20284   ,  10.259134  ,  -2.2615106 ,   7.5280285 ,
    14.770243  ,   8.657806  ,   2.0829086 ,   3.83404   ,   5.327734  ,
    -0.42161238,  -5.882132  ,  -3.2117443 ],
 [-338.8834    ,  48.55169   ,  14.9104185 ,  -1.5600051 ,   1.4625616 ,
     5.6656957 ,   4.1942616 ,   3.6573143 ,   6.414168  ,   7.174144  ,
     2.8626776 ,  -2.5123634 ,  -3.2018337 ],
 [-341.40222   ,  46.29338   ,  14.679932  ,  -2.4061904 ,   0.33145547,
     5.030085  ,   2.5595584 ,   0.9267328 ,   4.2414274 ,   6.429225  ,
     1.8656106 ,  -2.312331  ,  -1.385807  ],
 [-347.30502   ,  43.298702  ,  18.939415  ,   1.494425  ,  -0.77569854,
     4.0929317 ,   5.2452755 ,   1.3282965 ,  -2.0816236 ,  -2.1543682 ,
    -1.3313501 ,  -1.9380828 ,  -2.829858  ],
 [-341.5533    ,  49.491417  ,  21.302525  ,   1.6335523 ,  -0.3614955 ,
     5.305444  ,   6.44436   ,   2.9462445 ,   1.7331061 ,   4.1100674 ,
     4.6758556 ,   0.8728388 ,  -2.8975039 ],
 [-350.57727   ,  38.427948  ,  18.204844  ,   2.0054917 ,  -3.3942232 ,
    -3.5722775 ,  -6.1354437 ,  -2.5606399 ,   2.029178  ,   6.5331826 ,
     4.0937767 ,  -1.6310192 ,  -1.7170565 ],
 [-347.10764   ,  41.33072   ,  18.338522  ,   0.8566426 ,  -3.1759353 ,
     0.09113677,   0.6637645 ,   5.164071  ,   5.8513756 ,   6.3966045 ,
     3.6730297 ,  -0.61703074,  -1.3506672 ],
 [-348.37875   ,  41.174065  ,  23.207489  ,   3.8538477 ,  -4.215169  ,
    -0.37497663,  -0.04574668,   3.3991528 ,  -1.6958346 ,  -1.9172575 ,
    -1.2447338 ,  -1.4479426 ,   2.2834206 ],
 [-342.87537   ,  47.07421   ,  23.716103  ,   4.223526  ,  -1.1645765 ,
     2.326726  ,   1.1841276 ,   1.7244039 ,  -2.2005794 ,  -1.8437431 ,
    -0.92277086,  -0.91815466,   1.2159325 ],
 [-353.16272   ,  34.38696   ,   9.654858  ,  -5.9014792 ,  -5.205557  ,
     0.42179498,  -0.39304173,  -5.175718  ,  -4.9052    ,   1.3134469 ,
     5.566435  ,   3.1556182 ,  -1.38923   ],
 [-341.2083    ,  49.418953  ,  21.585651  ,   3.2312627 ,  -1.5783012 ,
    -2.359118  ,  -2.0029125 ,   2.4005826 ,   7.702517  ,   7.783787  ,
     3.2392    ,  -1.2279932 ,  -3.7303023 ],
 [-347.27124   ,  42.39067   ,  17.750696  ,   2.5655642 ,   1.6456954 ,
     4.899802  ,   4.2822065 ,   0.3199271 ,  -2.1003988 ,   0.01381743,
     3.5101495 ,   2.9253922 ,  -0.7242292 ],
 [-343.89236   ,  46.166534  ,  18.886822  ,   1.0548673 ,  -0.44080448,
     4.1621723 ,   4.738731  ,   1.0622863 ,  -1.2793006 ,   0.26495528,
     1.8716707 ,  -0.18549192,  -3.0304866 ],
 [-343.86703   ,  44.58425   ,  14.579142  ,  -2.7903755 ,   0.28794205,
     8.801954  ,   8.808615  ,   2.7961905 ,   0.06503966,   2.1849477 ,
     3.8779578 ,   2.6036391 ,   0.72862387],
 [-353.1872    ,  37.882973  ,  20.085371  ,   7.6949396 ,   4.7798767 ,
     4.5263586 ,   2.1419652 ,   0.48023534,   2.29893   ,   4.03086   ,
     1.109103  ,  -4.5707183 ,  -6.9183054 ],
 [-340.68942   ,  50.225002  ,  21.670612  ,   2.7632964 ,   1.4034569 ,
     6.5867243 ,   7.4841857 ,   4.7243547 ,   3.1889863 ,   3.3043976 ,
     2.944194  ,   1.9621487 ,   1.1117351 ],
 [-340.3292    ,  50.63275   ,  22.00804   ,   2.6953056 ,  -0.6154581 ,
     1.5521979 ,   1.2705419 ,   0.9021193 ,   3.10183   ,   4.45849   ,
     1.8636444 ,  -1.9315023 ,  -3.0083687 ]]","[[-290.6537    ,  43.3011    ,   6.1797523 ,  13.070197  ,   6.438823  ,
    10.091986  ,   1.5897307 ,   2.6100569 ,  -3.7055912 ,  -1.7642887 ,
     5.13624   ,   4.6255984 ,   3.2939568 ],
 [-296.70074   ,  57.411743  ,   7.205995  ,   5.148295  ,  -5.6173196 ,
     8.518399  ,   6.7401943 ,   2.0058546 ,   4.789751  ,   0.36820918,
    -4.473095  ,   0.54084426,  -0.8631017 ],
 [-299.751     ,  56.241     ,  10.592529  ,   6.854602  ,  -1.5079556 ,
    14.45435   ,   3.4625378 ,   3.1864362 ,   7.1753907 ,  -1.8403968 ,
    -4.777728  ,   1.7344239 ,   1.3365128 ],
 [-300.4571    ,  49.58383   ,   1.964     ,   0.1685996 ,  -2.7818456 ,
    15.767037  ,   2.1214337 ,   5.795457  ,   6.8717623 ,  -5.8661633 ,
    -5.6155915 ,   1.8650125 ,   0.8424258 ],
 [-291.6848    ,  58.826134  ,   2.2540855 ,  -2.7700627 ,  -3.9734826 ,
    14.797021  ,  -1.2826412 ,   1.162104  ,  13.9772415 ,   4.323273  ,
    -0.7390959 ,   3.5178328 ,   0.44372916],
 [-306.71014   ,  58.801235  ,   7.730742  ,  -1.4964883 ,   4.071091  ,
    11.471103  ,  -2.6470375 ,   2.449142  ,   9.218873  ,  -2.536676  ,
    -6.841959  ,   3.7116456 ,   5.545618  ],
 [-307.56015   ,  54.176327  ,   2.1022017 ,  -2.242569  ,   8.767857  ,
    17.061699  ,  -2.0234034 ,   4.6113963 ,  12.093252  ,   2.0374675 ,
     2.1875043 ,   4.542517  ,  -0.89504683],
 [-321.5494    ,  56.34185   ,  14.803464  ,  -1.5070229 ,  -2.689288  ,
    13.682889  ,   6.0047617 ,  -2.2135377 ,   5.4109807 ,   3.2708106 ,
     5.2022276 ,   1.1707923 ,  -3.525195  ],
 [-319.5271    ,  55.734432  ,   7.674598  ,  -0.49795246,   3.2339854 ,
     7.8062997 ,   3.9549222 ,  -1.1004956 ,   3.6347733 ,   3.2925467 ,
    -0.3380947 ,   4.5141892 ,   3.4186087 ],
 [-324.43408   ,  57.299416  ,  15.200574  ,   2.286397  ,   5.0148783 ,
    11.485832  ,   8.242193  ,   0.24761581,  -0.90949816,  -0.4149866 ,
     1.1644425 ,   2.0618308 ,   1.1576982 ],
 [-325.97952   ,  58.23685   ,  11.470453  ,  -6.5164175 ,   2.2991772 ,
     8.243141  ,   3.680209  ,  -1.606818  ,  -3.6492805 ,  -2.6553836 ,
     0.44820702,   0.77910954,  -2.4897304 ],
 [-327.2892    ,  58.700058  ,  15.562277  ,  -3.0341992 ,   1.1459816 ,
     4.851125  ,   3.9510105 ,   3.8732934 ,   3.2922525 ,   2.1574821 ,
     2.1960516 ,   0.21967049,  -3.2074947 ],
 [-328.67477   ,  52.46319   ,   6.43698   ,  -6.3549247 ,   3.262059  ,
     7.239892  ,   3.6765332 ,  -0.35547268,  -2.6507964 ,  -3.31354   ,
    -2.6165676 ,  -0.19249667,   1.5864474 ],
 [-329.33478   ,  59.340446  ,  21.094952  ,   1.7176175 ,   1.5473244 ,
     2.1827645 ,   0.9814975 ,   3.8185198 ,   7.0369787 ,   4.922267  ,
    -0.27201927,  -3.815263  ,  -3.9038606 ],
 [-328.92783   ,  57.180084  ,  14.844685  ,  -4.3359904 ,  -0.5321056 ,
     3.747466  ,   2.1403522 ,  -0.7424369 ,  -3.3600082 ,  -3.2477963 ,
     0.46020332,   1.9786406 ,  -0.24857053],
 [-332.85068   ,  55.679108  ,  20.546974  ,   2.324786  ,   1.9065795 ,
     6.465641  ,   7.1267204 ,   1.8481119 ,  -1.8537242 ,  -0.25484207,
     0.34353346,  -1.4337218 ,  -1.7955685 ],
 [-339.16052   ,  46.845207  ,  19.805752  ,   4.6790695 ,  -3.8853626 ,
     1.4842293 ,   2.856522  ,  -3.040835  ,  -0.6463779 ,   2.4989085 ,
     2.3263385 ,   0.5664278 ,  -1.1703033 ],
 [-338.1903    ,  52.56833   ,  21.872938  ,  -0.28306472,  -5.276716  ,
     0.7438748 ,   5.2017107 ,   3.135392  ,   0.5634432 ,  -0.5641662 ,
    -2.6012769 ,  -3.2942495 ,  -1.661613  ],
 [-341.19592   ,  48.06642   ,  20.237656  ,   4.512332  ,   1.9262662 ,
     3.6261148 ,   2.4572968 ,   0.00465345,   3.6356127 ,   7.9844127 ,
     4.4367023 ,  -0.6204163 ,  -1.0987502 ],
 [-340.83276   ,  49.218945  ,  20.555267  ,   3.0451107 ,   0.11129546,
     0.37101915,   0.21197563,   2.986679  ,   6.5432854 ,   6.2857795 ,
     3.4948964 ,   1.1866686 ,  -1.092148  ],
 [-343.67822   ,  42.08718   ,  13.926207  ,   2.3156044 ,  -0.76492214,
    -1.5852532 ,   1.1413319 ,   2.9870722 ,   1.546335  ,  -2.429213  ,
    -4.1381416 ,   0.21143931,   3.7501113 ],
 [-345.98007   ,  44.377884  ,  20.903187  ,   2.6833055 ,  -4.2636833 ,
     1.4488009 ,   6.2258606 ,   2.9896371 ,   1.1084111 ,   1.0532715 ,
     1.7713063 ,   3.412983  ,  -0.9138228 ],
 [-337.76178   ,  52.935226  ,  24.255436  ,   6.879434  ,   2.1947749 ,
     2.498622  ,   3.6951141 ,   1.7553134 ,  -2.0569098 ,  -1.782798  ,
     0.62180054,  -0.8765481 ,  -3.114221  ],
 [-335.09024   ,  54.14816   ,  19.550549  ,  -0.33391058,  -0.70368266,
     2.7204733 ,   2.1968465 ,   1.5551609 ,   1.9725846 ,   0.878572  ,
    -0.7909354 ,  -0.91129714,  -0.6878295 ],
 [-335.6257    ,  50.488354  ,  14.006992  ,  -2.4530406 ,  -1.492414  ,
     0.31052887,   1.3145988 ,   3.3206055 ,   3.3563285 ,   1.9907395 ,
     2.4148922 ,   3.346028  ,   1.5625652 ],
 [-337.18906   ,  51.767387  ,  18.742264  ,   0.36531794,   0.09398136,
     2.661244  ,   1.9457324 ,   1.2310815 ,  -0.44430637,  -4.650409  ,
    -6.3766046 ,  -2.6547863 ,   1.1202936 ],
 [-334.32034   ,  53.526447  ,  16.532703  ,  -3.4825435 ,  -2.8841193 ,
     1.3669888 ,   2.2194881 ,   3.9007394 ,   6.5435905 ,   5.7845926 ,
     2.4750547 ,   0.6116585 ,  -0.2902949 ],
 [-341.2862    ,  45.309303  ,  12.705222  ,  -5.5526586 ,  -2.2681124 ,
     3.0724003 ,  -1.0722492 ,  -5.573471  ,  -3.431635  ,   3.8207674 ,
     4.3154335 ,   0.04250626,  -4.043853  ],
 [-334.34598   ,  49.428246  ,   9.910532  ,  -8.692639  ,  -4.7690773 ,
     2.206497  ,   1.3307102 ,  -1.0904746 ,   1.8895774 ,   7.111059  ,
     2.316215  ,  -2.5642474 ,  -2.8195443 ],
 [-340.25256   ,  46.43392   ,  12.514497  ,  -4.602791  ,  -0.9148215 ,
     3.58824   ,  -0.9030175 ,  -3.916654  ,   0.11873269,   5.150502  ,
     3.9763985 ,  -0.19791563,  -0.5912194 ],
 [-329.10022   ,  53.28703   ,  20.70951   ,  -1.5062256 ,   0.54204303,
     6.491285  ,  -5.2155437 ,  -0.22878051,   2.5395377 ,  12.397015  ,
     5.497154  ,  -5.160598  ,  -3.446737  ],
 [-339.2997    ,  39.042934  ,  16.945354  ,  -2.346308  ,  -1.5414435 ,
     7.1354427 ,  -5.421674  ,   1.7208561 ,  -4.8056927 ,   2.209142  ,
     1.6724743 ,  -1.2478143 ,   4.0164623 ],
 [-339.72348   ,  43.58974   ,  17.142216  ,  -3.4103842 ,  -6.4120684 ,
     2.6806726 ,  -1.9584696 ,   2.3420415 ,  -1.4721146 ,   2.9354637 ,
     6.2850895 ,  -0.7069836 ,   0.74655986],
 [-336.1841    ,  52.367516  ,  22.542244  ,   2.8865762 ,   1.7790635 ,
     5.804523  ,   0.09943831,  -1.7812346 ,  -1.030086  ,   6.1421366 ,
     7.606885  ,   1.609401  ,  -0.88378215],
 [-335.7712    ,  50.363106  ,  23.26117   ,   2.2895246 ,   0.81302   ,
    11.023791  ,   4.2853184 ,   2.79458   ,  -2.2664459 ,   2.550998  ,
     6.3565907 ,  -0.17883672,   0.13201284],
 [-333.27597   ,  51.236     ,  17.109932  ,  -2.7345738 ,  -1.87733   ,
     5.5540676 ,   2.735259  ,   5.571989  ,   2.6481426 ,   3.6428857 ,
     4.7422705 ,   1.437622  ,   2.0019245 ],
 [-334.3376    ,  48.002365  ,   6.0483284 , -10.189395  ,  -1.9834886 ,
     5.264105  ,   0.45098412,  -3.0640595 ,  -2.9438586 ,  -1.7641449 ,
     0.9652214 ,  -0.34807327,  -2.020638  ],
 [-330.67206   ,  57.973167  ,  19.373816  ,  -2.1295013 ,  -1.6340845 ,
     3.266861  ,   2.8285532 ,   1.5950886 ,   2.5568032 ,   2.6780953 ,
     0.4725871 ,  -3.5676599 ,  -6.682628  ],
 [-334.77487   ,  56.059544  ,  26.577436  ,   7.7879815 ,   1.4592674 ,
     0.49057692,   2.8840876 ,   7.36804   ,   6.106922  ,   2.9035656 ,
     0.46634412,  -3.1469412 ,  -6.0443344 ],
 [-293.116     ,  95.95494   ,  33.94888   ,   5.6005087 ,   6.245474  ,
     6.6357203 ,   2.2459066 ,  -0.04250622,   0.6651665 ,   1.1853509 ,
    -0.61790466,  -4.029329  ,  -7.407198  ],
 [-281.76022   , 102.015076  ,  31.125038  ,   8.100737  ,  12.325983  ,
    12.723396  ,   5.096054  ,  -5.45117   ,  -4.442164  ,   2.7633364 ,
    -0.52825713,  -4.581687  ,  -3.0484529 ],
 [-268.58835   , 103.267624  ,  27.877592  ,   9.708879  ,   0.22550118,
     8.201214  ,  14.15984   ,  -2.236001  ,  -6.2203727 ,   6.0362186 ,
    -1.2735541 ,  -8.460572  ,   3.4708273 ],
 [-257.25293   , 105.72388   ,  19.747627  ,   6.8237486 ,   6.292962  ,
    10.756732  ,  13.943426  ,  -1.7654011 ,  -6.1248627 ,   4.9454727 ,
    -4.5895367 ,  -1.085589  ,  -1.3577378 ],
 [-214.78731   ,  88.13417   ,  14.813987  ,   3.1363778 ,   4.6547675 ,
    17.964235  ,   6.130626  ,  -4.916611  ,  -0.8912785 ,   0.6853597 ,
    -0.6621709 ,  -7.0810933 ,   0.6528499 ],
 [-126.604546  ,  60.250153  ,   3.9488003 ,   9.43011   ,  -5.3232317 ,
     3.1450667 ,  -2.3701317 , -21.13787   ,   3.587854  ,  -0.24889016,
     3.6154323 , -12.568299  ,   9.573883  ],
 [-123.884605  ,  55.984768  ,   1.0991014 ,  13.724321  ,  -8.811141  ,
    -1.3517169 , -10.405803  , -14.022139  ,   5.4702277 ,   2.5586934 ,
     1.8080273 ,  -7.209289  ,  12.2413025 ],
 [-127.117966  ,  54.205627  ,   3.545461  ,  14.388586  , -10.61183   ,
    -5.798867  , -11.217497  , -11.141324  ,   7.2251306 ,   0.50445175,
     3.9031467 ,  -6.373006  ,  14.0692005 ],
 [-122.833176  ,  51.254593  ,   7.5123816 ,  12.5711975 , -15.050224  ,
    -4.268265  , -13.822649  ,  -0.88465023,   2.0549552 ,  -1.2323079 ,
     4.278206  ,  -5.508063  ,   7.2185993 ],
 [-124.82653   ,  54.57463   ,   0.6708672 ,  15.664236  , -16.821634  ,
    -0.24743557, -17.133873  ,  -0.14195798,  -1.9557467 ,  -0.34443712,
     3.2119293 ,  -6.72103   ,  10.221338  ],
 [-193.6243    ,  29.573568  ,  17.718029  ,   8.388554  ,  -0.8211744 ,
    -5.763527  ,  -3.791546  ,  -1.8051612 ,  -0.7135081 ,   1.8616914 ,
     0.32539007,   3.7430713 ,   0.51356673],
 [-145.99207   ,  50.491302  ,  -1.7542667 ,   6.402009  ,  -2.951009  ,
     2.4632902 , -12.171583  ,   2.916101  ,  -1.9179347 ,   1.3277764 ,
     1.4288476 ,  -1.7648873 ,   7.8560486 ],
 [-174.89644   ,  50.836464  ,  -4.9910364 ,  16.906897  ,  -8.979377  ,
     5.7470455 ,  -9.313084  ,  -9.78392   ,  -2.6680205 ,   3.121099  ,
    -3.9481878 ,  -4.0798817 ,  13.572249  ],
 [-160.26022   ,  59.396317  ,  -5.8135834 ,  14.325761  ,  -5.7249994 ,
     8.367626  ,  -8.79068   ,  -2.2225056 ,  -2.189985  ,  -0.09852684,
    -4.338483  ,  -5.7664056 ,   7.8720636 ],
 [-156.60034   ,  69.50552   ,  -2.7128365 ,  13.941595  ,  -9.532686  ,
     8.33064   , -20.335403  ,   6.736765  ,   1.8736768 ,   4.2644587 ,
    -3.8973458 ,  -4.0559144 ,   9.627473  ],
 [-174.20602   ,  47.343094  ,   0.23456788,  28.907532  ,   2.6992216 ,
    20.734406  ,  -9.9513035 ,   6.012294  ,  -4.569457  ,  -3.9504318 ,
    -9.308892  ,  -5.980094  ,  10.964873  ],
 [-168.87964   ,  48.04624   ,   7.673817  ,  20.433731  ,  -7.00356   ,
    20.29609   ,  -8.54431   ,   3.3988907 ,   1.8923234 ,  -5.0098658 ,
    -9.283081  ,   0.70047086,   7.2119083 ],
 [-160.53545   ,  44.670414  ,   7.7853794 ,  15.342801  ,  -5.0487633 ,
    15.406885  ,  -5.284067  ,   4.437434  ,   1.3086212 ,  -0.17155981,
    -5.2909794 ,  -1.7081765 ,   3.3087673 ],
 [-155.29424   ,  43.931717  ,  11.613529  ,  14.502684  ,  -4.8812394 ,
    15.2869005 ,  -6.5966663 ,   2.7594855 ,   0.7279856 ,   0.9123609 ,
    -9.869413  ,  -4.0684276 ,   9.735823  ],
 [-150.75548   ,  58.097     ,   3.7514    ,  10.915784  ,  -9.43334   ,
    13.374419  ,  -8.227636  ,   2.0917969 ,  -1.6905913 ,   2.6026886 ,
    -5.030818  ,  -2.6977682 ,   6.6608286 ],
 [-135.50586   ,  63.00462   ,  -2.3842895 ,   8.830923  , -14.403993  ,
     5.2634363 ,  -8.517853  ,  -1.7699751 ,   2.6495206 ,   3.7208173 ,
    -0.8711214 ,  -4.2253666 ,   4.8957386 ],
 [-126.97086   ,  57.048355  ,  -4.4692173 ,  10.292723  , -13.071308  ,
     0.41018775, -14.892431  ,  -0.61592317,   6.054392  ,  -0.87516   ,
     2.5824013 ,  -4.547597  ,  10.765152  ],
 [-123.95638   ,  49.82299   ,   0.32025573,  15.590479  , -15.086483  ,
     0.83043814, -11.847644  ,  -1.9294872 ,   3.076702  ,  -4.821069  ,
     2.1526668 ,  -5.8201346 ,   7.0812387 ],
 [-135.79      ,  49.473263  ,   1.5593872 ,  19.924603  , -11.476515  ,
     5.49695   , -14.076065  ,  -1.610096  ,  -1.5527725 ,  -6.4696927 ,
    -1.2557254 ,  -2.5151448 ,  10.8561    ],
 [-202.40189   ,  65.03583   ,  13.35413   ,  23.114063  ,  -3.453026  ,
     8.444124  ,  -1.0377728 ,  -1.3280566 ,  -6.0140886 ,  -3.1441307 ,
    -2.5105596 ,  -3.677208  ,   7.562039  ],
 [-197.34496   ,  73.11352   ,  10.103592  ,  37.33284   ,  -3.3663275 ,
     5.56102   ,   2.3479667 ,  -7.5997844 ,  -3.0947514 ,   1.3351321 ,
    -4.770649  ,  -5.7381773 ,  11.138535  ],
 [-205.19821   ,  66.813995  ,  12.037336  ,  40.55534   ,   5.6563234 ,
     6.430505  ,   1.8934007 , -15.837284  ,   2.426913  ,   0.01293659,
     0.36545682,  -6.967182  ,   7.695388  ],
 [-197.01694   ,  69.19359   ,  14.388868  ,  34.310905  ,   0.44040495,
     8.321668  ,   1.1445436 ,  -9.59614   ,  -0.36767364,  -2.3277273 ,
    -0.6692214 ,  -9.102824  ,  14.7251835 ],
 [-201.80846   ,  69.72067   ,  12.023711  ,  31.767218  ,   7.4262414 ,
     3.9804173 ,   5.074707  ,  -9.513805  ,  -0.45172334,  -3.0104556 ,
    -0.3428893 ,  -7.4622383 ,  12.032358  ],
 [-205.86783   ,  71.704     ,  15.563641  ,  34.89594   ,  -2.820829  ,
     2.8687663 ,  14.143638  , -11.617345  ,  -2.7625833 ,  -8.545892  ,
     2.8581667 ,  -5.601291  ,  12.103377  ],
 [-208.64813   ,  72.39144   ,  13.117196  ,  30.894875  ,   3.78767   ,
    10.234763  ,   3.7998745 ,  -9.262894  ,  -0.35853267,  -3.9853323 ,
    -2.0207672 ,  -4.302994  ,   7.881756  ],
 [-206.25325   ,  74.64919   ,   9.235342  ,  35.34018   ,   5.787775  ,
     8.517172  ,  -1.2251256 ,  -7.9745626 ,  -0.8839659 ,  -1.5296524 ,
    -5.213931  ,  -5.2079296 ,  12.864491  ],
 [-221.79193   ,  84.48036   ,  10.287649  ,  32.205635  ,   6.0985184 ,
     5.622965  ,   0.30924076,  -7.7428503 ,  -0.963555  ,   1.6117887 ,
    -6.9642835 ,  -1.9923439 ,   9.261845  ],
 [-233.13643   ,  84.59407   ,  20.655884  ,  31.697315  ,   4.087873  ,
     2.2711062 ,  -1.8737925 ,  -8.279704  ,   2.4355974 ,   0.36870098,
    -2.3719158 ,  -6.1167655 ,   8.431244  ],
 [-248.7369    ,  75.53539   ,  28.99397   ,  19.253773  ,  -1.411572  ,
    16.518305  ,   8.15914   ,  -5.5565906 ,  -4.259048  ,  -0.22548413,
    -1.8146993 ,  -4.7312107 ,   2.0555468 ],
 [-224.83215   ,  32.29705   ,  11.937561  ,  14.135303  ,   5.509838  ,
    -0.02795076,   8.700554  ,  -1.5949955 ,  -1.1901418 ,  -2.6375608 ,
     0.43640164,  -3.290162  ,  -1.2198343 ],
 [-243.41447   ,  55.939095  ,  -6.296295  ,  11.621791  ,  11.948156  ,
    24.597229  ,  19.332481  ,   0.7917497 ,   4.304028  ,   2.643641  ,
    -1.106475  ,  -1.434721  ,   3.2290754 ],
 [-274.09488   ,  64.65959   ,  18.312347  ,  20.828136  ,   8.980559  ,
    11.773967  ,  11.668969  ,   1.4546356 ,   1.987247  ,  -0.27717495,
     0.03839844,   5.135701  ,  -1.6011245 ],
 [-300.87692   ,  54.848732  ,  17.483854  ,  20.907112  ,   4.9104095 ,
    15.259615  ,  10.057297  ,   8.046619  ,   9.454309  ,   2.737311  ,
     2.828939  ,   1.233061  ,  -1.7111559 ],
 [-307.2079    ,  52.60408   ,  12.942697  ,  10.959419  ,  -3.4775536 ,
    13.043936  ,   8.070158  ,  -2.108166  ,   2.1367383 ,   6.416935  ,
     6.6686974 ,   2.3665605 ,   2.677682  ],
 [-329.84613   ,  52.456295  ,  21.300259  ,   8.0222    ,   3.2959805 ,
     9.528196  ,   0.97588086,   2.34901   ,  11.602379  ,   6.1863437 ,
     7.003171  ,   5.102067  ,   2.0087473 ],
 [-326.59705   ,  49.76202   ,  14.00115   ,   6.966605  ,   0.46056908,
     3.9838421 ,  -0.7848363 ,  -3.8304245 ,   3.7914922 ,  -1.3433853 ,
    -2.0091338 ,   2.8833165 ,  -4.0853434 ],
 [-194.68536   ,  39.822372  ,  26.861977  ,  36.05568   , -20.048737  ,
     4.2465167 ,   3.7718303 ,  -6.142085  ,  -4.5024605 ,  -7.36107   ,
     0.6082072 ,  -2.294509  ,   9.007839  ],
 [-166.31792   ,  29.771769  ,  32.26111   ,  36.49234   , -26.653875  ,
    12.464952  ,  -1.2760888 ,  -9.435036  ,  -2.8865008 ,   0.9682851 ,
     4.5559683 ,  -7.1963787 ,   5.8545313 ],
 [-175.3525    ,  33.28808   ,  36.317596  ,  41.041317  , -26.489847  ,
    11.901328  ,  -0.53160703,  -3.2289705 ,  -0.56309795,  -1.3008442 ,
     0.06325436, -12.229856  ,   9.887801  ],
 [-170.65585   ,  31.962067  ,  37.985382  ,  37.728718  , -27.678074  ,
    15.079374  ,   2.6947684 ,  -3.6504624 ,  -5.774083  ,  -1.0519155 ,
     4.6429687 , -11.894802  ,   6.9383407 ],
 [-168.63417   ,  30.206244  ,  37.487164  ,  38.517967  , -28.876965  ,
    14.098633  ,  -1.1145585 ,  -3.5711086 ,  -2.598792  ,  -3.1496634 ,
     6.1879005 ,  -9.686109  ,   8.827026  ],
 [-173.5282    ,  31.603813  ,  40.142197  ,  34.137478  , -26.253963  ,
    15.400292  ,  -1.8219557 ,  -6.439644  ,  -0.3047443 ,  -2.20147   ,
     5.0626535 ,  -9.887481  ,   7.151104  ],
 [-169.00914   ,  31.93907   ,  40.441547  ,  32.294228  , -28.780045  ,
    15.269509  ,  -0.70255804,  -7.6621313 ,  -3.473162  ,  -1.0935943 ,
     6.129148  ,  -8.071731  ,   5.230532  ],
 [-171.51286   ,  34.470062  ,  34.60087   ,  35.92008   , -27.219086  ,
    16.165255  ,  -4.1986694 ,  -3.675184  ,  -1.0284865 ,  -2.0911498 ,
     5.683429  ,  -8.883757  ,   7.476983  ],
 [-173.75996   ,  32.29261   ,  40.260567  ,  36.000214  , -27.258694  ,
    15.259859  ,  -1.5801017 ,  -4.490094  ,  -0.28220046,  -2.8471413 ,
     2.867538  , -12.518595  ,  11.303131  ],
 [-176.46599   ,  38.451912  ,  39.447277  ,  35.28508   , -30.669628  ,
    16.418856  ,   0.46195793,  -3.5980625 ,   0.25475582,  -1.5125971 ,
    -0.9263451 ,  -7.5621176 ,   7.551873  ],
 [-172.37709   ,  33.600372  ,  38.121307  ,  32.32991   , -26.533852  ,
    22.00894   ,  -0.08883905,  -9.509801  ,  -0.9057789 ,  -2.6000733 ,
     2.3729403 ,  -9.591986  ,   7.354766  ],
 [-171.3811    ,  32.475075  ,  32.089928  ,  30.841858  , -27.56149   ,
    22.478455  ,  -0.0044471 ,  -6.086421  ,  -3.9924855 ,  -3.554234  ,
     0.5459051 ,  -8.027115  ,   9.23583   ],
 [-162.25174   ,  30.418438  ,  27.852634  ,  30.912666  , -30.722418  ,
    18.848103  ,  -0.08939135,  -5.095607  ,  -6.198982  ,  -2.5707226 ,
     0.22322154,  -7.1839523 ,   7.977874  ],
 [-150.03749   ,  26.309954  ,  29.3652    ,  29.739624  , -27.501137  ,
    16.44403   ,  -3.0010114 ,  -6.9060197 ,  -4.551058  ,  -0.9926436 ,
    -0.03155255,  -9.301166  ,   4.0116425 ],
 [-138.25363   ,  20.62986   ,  26.410831  ,  28.41489   , -29.69981   ,
    13.695177  ,  -1.351893  ,  -8.354013  ,  -7.090873  ,   2.53306   ,
    -1.8422203 , -10.67498   ,   1.4866757 ],
 [-132.611     ,  19.091816  ,  21.083616  ,  31.322666  , -29.422527  ,
    12.10339   ,  -2.4914365 ,  -6.9329414 ,  -7.346999  ,   1.6521266 ,
    -6.5050898 ,  -6.9095263 ,  -1.8097277 ],
 [-141.88373   ,  23.371035  ,  17.552452  ,  34.701103  , -27.337538  ,
    10.184216  ,  -3.916822  ,  -9.945155  , -11.038586  ,  -1.6234109 ,
   -10.244959  ,  -7.386835  ,   4.2505164 ],
 [-155.48477   ,  25.086815  ,  14.954845  ,  37.315544  , -22.649643  ,
     9.8158245 ,  -6.391221  , -13.120195  , -15.399036  , -10.208321  ,
    -9.041924  ,  -3.705586  ,   2.1457481 ],
 [-165.53604   ,  26.51317   ,  15.915447  ,  29.432735  , -15.395454  ,
     7.8029003 , -10.176096  , -14.374669  , -20.816689  ,  -5.1213584 ,
   -11.283646  ,  -4.9253445 ,  -2.0522728 ],
 [-170.96362   ,  20.629456  ,  25.92517   ,  32.58125   , -23.053818  ,
     3.9550614 , -16.454655  , -10.255932  , -12.359939  ,  -0.10412878,
   -15.881211  ,  -9.06015   ,  -5.4784994 ],
 [-219.32906   ,  23.705841  ,  40.575172  ,  29.041796  ,  -8.873873  ,
    -2.9512858 ,  -8.1620035 , -16.685009  , -15.006105  , -11.149693  ,
    -8.998393  ,  -2.8052514 ,  -1.2580588 ],
 [-248.42474   ,  27.049034  ,  22.036148  ,  18.079704  , -12.676411  ,
     8.631009  ,  -1.43245   , -10.641991  ,  -9.923012  ,   4.8233232 ,
    -7.023301  ,   0.9978763 ,   0.9939985 ],
 [-262.09232   ,  29.0574    ,  25.258362  ,  29.250694  , -17.728897  ,
     7.539101  ,   1.9718852 ,  -3.5114539 ,  -9.732815  ,   3.9522483 ,
   -13.407206  ,  -1.8410072 ,   1.0378895 ],
 [-269.35266   ,  30.817238  ,  17.615122  ,  21.70995   , -14.80389   ,
     8.314073  ,   1.6825011 ,  -5.5240355 , -14.326239  ,  -1.2367866 ,
   -14.025848  ,  -3.1440098 ,   2.6698747 ],
 [-283.74084   ,  32.45852   ,  20.392857  ,  18.716032  , -10.666253  ,
    17.743244  ,  -3.2294044 ,  -4.9087715 ,  -1.6049652 ,   6.4295034 ,
    -3.7893863 ,   6.1599016 ,   1.2444625 ],
 [-293.12772   ,  33.729744  ,  19.267473  ,  18.269464  , -12.146226  ,
     9.48231   ,  10.080736  ,  -1.7030959 ,  -1.6138854 ,  14.317356  ,
     0.31161782,   1.8864189 ,  -0.94305193],
 [-313.54703   ,  42.777153  ,  18.748962  ,   7.1201754 ,  -7.9294996 ,
    17.974993  ,   7.1570845 ,   3.9901505 ,   5.7500668 ,   2.2894473 ,
    -1.523109  ,   1.4633079 ,   0.40301907],
 [-321.15247   ,  43.31382   ,  16.510668  ,   3.2304268 , -16.123096  ,
    10.45488   ,   8.749571  ,  -0.42250308,   1.502845  ,   2.525453  ,
     1.2934865 ,   0.38575774,  -3.4211922 ],
 [-321.93048   ,  48.400578  ,  20.817108  ,   1.5941262 , -11.293564  ,
    12.240389  ,   6.2098284 ,   3.5891733 ,   5.2718105 ,   4.14139   ,
     5.197154  ,   4.6317244 ,  -3.715295  ],
 [-326.2391    ,  49.269608  ,  14.746433  ,   2.8094437 ,  -5.8693924 ,
     9.584925  ,   9.83943   ,   1.8960195 ,   3.6364024 ,   2.635829  ,
     3.8934183 ,  -0.36059192,  -3.0302553 ],
 [-321.81247   ,  56.036224  ,  11.55886   ,  -6.287995  ,  -1.5123955 ,
    17.011791  ,   8.924221  ,  -0.60362065,   3.248935  ,   3.868895  ,
     4.4582834 ,  -0.93800884,  -4.5496044 ],
 [-330.954     ,  48.740265  ,  13.26218   ,   3.3822348 ,   4.0902605 ,
    13.073052  ,   6.0089035 ,  -3.3614378 ,   0.9851568 ,  -2.356008  ,
    -1.1214869 ,   4.829012  ,  -0.7957515 ],
 [-320.7085    ,  58.918007  ,  10.2419815 ,  -6.7626686 ,  -0.07583427,
     9.496944  ,   2.381579  ,   1.3577566 ,   7.008911  ,   1.9900651 ,
     1.0101937 ,  -1.4519271 ,  -4.477157  ],
 [-342.60535   ,  45.06075   ,  15.174444  ,  -1.6536182 ,   0.6003921 ,
     9.438818  ,   9.544736  ,   5.7487316 ,   4.614706  ,   4.481626  ,
     3.7489285 ,  -0.1779627 ,  -2.2894301 ],
 [-338.5378    ,  48.379097  ,  12.952276  ,  -4.761977  ,  -0.700871  ,
     4.920014  ,   2.383925  ,  -0.2716354 ,   2.501744  ,   5.627622  ,
     4.350851  ,   0.64020985,  -1.5715789 ],
 [-339.31305   ,  48.35411   ,  15.46042   ,   0.2721725 ,   5.966312  ,
    11.429875  ,   6.310914  ,   1.0170548 ,   3.3408618 ,   6.5481777 ,
     4.5461655 ,   1.0560887 ,   0.28604293],
 [-342.6847    ,  46.057045  ,  15.427149  ,  -2.9809616 ,  -0.91132617,
     7.5188437 ,   8.519499  ,   3.285737  ,   0.04908627,   1.1118073 ,
     2.202642  ,   0.24632922,  -2.825253  ],
 [-336.45813   ,  50.125008  ,  15.134916  ,   1.4392256 ,   6.2464743 ,
     7.266455  ,   2.2779155 ,   1.5962441 ,   4.567255  ,   4.9500704 ,
     3.1262732 ,   1.3203363 ,  -0.7290132 ],
 [-341.77267   ,  45.970673  ,  14.037813  ,  -2.8739827 ,   0.17979884,
     5.5301247 ,   2.848853  ,  -0.81670684,   1.6710299 ,   5.804406  ,
     5.1311193 ,   2.0965536 ,   2.2635942 ],
 [-339.892     ,  46.00627   ,  19.367344  ,   6.3797774 ,   5.253851  ,
     1.8693805 ,  -1.1425242 ,   6.015338  ,   5.7148957 ,   4.4451256 ,
     2.567021  ,   2.4446857 ,  -0.80447006],
 [-341.3149    ,  45.734592  ,  12.343102  ,  -5.541957  ,  -2.2879543 ,
     6.839123  ,   9.689997  ,   5.301105  ,   0.39606726,   1.3160912 ,
     4.4907084 ,   2.0779305 ,  -2.9630194 ],
 [-337.47147   ,  49.593185  ,  15.070088  ,   0.33626884,   5.5589356 ,
     7.7366776 ,   0.9679824 ,  -1.4777842 ,   4.983285  ,   9.761461  ,
     5.842466  ,  -1.0609411 ,  -2.9794068 ],
 [-334.82767   ,  50.725742  ,  15.715324  ,  -1.37407   ,   3.7074893 ,
    12.360874  ,   2.9551163 ,  -3.5304015 ,   0.99028516,   7.983787  ,
    10.091789  ,  -0.14141299,  -3.6459937 ],
 [-339.016     ,  49.438896  ,  16.490715  ,  -1.2572143 ,   1.5297811 ,
     6.5926695 ,   3.454119  ,   0.07871804,   3.5222383 ,   7.600975  ,
     4.943714  ,  -1.2050003 ,  -3.9508135 ],
 [-343.2498    ,  42.600906  ,  10.633278  ,  -0.3819223 ,  10.69709   ,
    17.53971   ,   8.100954  ,  -3.3705072 ,  -3.410627  ,   2.6598318 ,
     3.9962268 ,   0.49372137,  -1.2359809 ],
 [-337.13306   ,  50.01768   ,  15.500084  ,   0.3535455 ,   5.0885515 ,
     9.159952  ,   4.887947  ,  -0.9848604 ,  -1.9722025 ,   2.4449615 ,
     6.360476  ,   3.708763  ,  -1.5794225 ],
 [-342.60327   ,  43.20284   ,  10.259134  ,  -2.2615106 ,   7.5280285 ,
    14.770243  ,   8.657806  ,   2.0829086 ,   3.83404   ,   5.327734  ,
    -0.42161238,  -5.882132  ,  -3.2117443 ],
 [-338.8834    ,  48.55169   ,  14.9104185 ,  -1.5600051 ,   1.4625616 ,
     5.6656957 ,   4.1942616 ,   3.6573143 ,   6.414168  ,   7.174144  ,
     2.8626776 ,  -2.5123634 ,  -3.2018337 ],
 [-341.40222   ,  46.29338   ,  14.679932  ,  -2.4061904 ,   0.33145547,
     5.030085  ,   2.5595584 ,   0.9267328 ,   4.2414274 ,   6.429225  ,
     1.8656106 ,  -2.312331  ,  -1.385807  ],
 [-347.30502   ,  43.298702  ,  18.939415  ,   1.494425  ,  -0.77569854,
     4.0929317 ,   5.2452755 ,   1.3282965 ,  -2.0816236 ,  -2.1543682 ,
    -1.3313501 ,  -1.9380828 ,  -2.829858  ],
 [-341.5533    ,  49.491417  ,  21.302525  ,   1.6335523 ,  -0.3614955 ,
     5.305444  ,   6.44436   ,   2.9462445 ,   1.7331061 ,   4.1100674 ,
     4.6758556 ,   0.8728388 ,  -2.8975039 ],
 [-350.57727   ,  38.427948  ,  18.204844  ,   2.0054917 ,  -3.3942232 ,
    -3.5722775 ,  -6.1354437 ,  -2.5606399 ,   2.029178  ,   6.5331826 ,
     4.0937767 ,  -1.6310192 ,  -1.7170565 ],
 [-347.10764   ,  41.33072   ,  18.338522  ,   0.8566426 ,  -3.1759353 ,
     0.09113677,   0.6637645 ,   5.164071  ,   5.8513756 ,   6.3966045 ,
     3.6730297 ,  -0.61703074,  -1.3506672 ],
 [-348.37875   ,  41.174065  ,  23.207489  ,   3.8538477 ,  -4.215169  ,
    -0.37497663,  -0.04574668,   3.3991528 ,  -1.6958346 ,  -1.9172575 ,
    -1.2447338 ,  -1.4479426 ,   2.2834206 ],
 [-342.87537   ,  47.07421   ,  23.716103  ,   4.223526  ,  -1.1645765 ,
     2.326726  ,   1.1841276 ,   1.7244039 ,  -2.2005794 ,  -1.8437431 ,
    -0.92277086,  -0.91815466,   1.2159325 ],
 [-353.16272   ,  34.38696   ,   9.654858  ,  -5.9014792 ,  -5.205557  ,
     0.42179498,  -0.39304173,  -5.175718  ,  -4.9052    ,   1.3134469 ,
     5.566435  ,   3.1556182 ,  -1.38923   ],
 [-341.2083    ,  49.418953  ,  21.585651  ,   3.2312627 ,  -1.5783012 ,
    -2.359118  ,  -2.0029125 ,   2.4005826 ,   7.702517  ,   7.783787  ,
     3.2392    ,  -1.2279932 ,  -3.7303023 ],
 [-347.27124   ,  42.39067   ,  17.750696  ,   2.5655642 ,   1.6456954 ,
     4.899802  ,   4.2822065 ,   0.3199271 ,  -2.1003988 ,   0.01381743,
     3.5101495 ,   2.9253922 ,  -0.7242292 ],
 [-343.89236   ,  46.166534  ,  18.886822  ,   1.0548673 ,  -0.44080448,
     4.1621723 ,   4.738731  ,   1.0622863 ,  -1.2793006 ,   0.26495528,
     1.8716707 ,  -0.18549192,  -3.0304866 ],
 [-343.86703   ,  44.58425   ,  14.579142  ,  -2.7903755 ,   0.28794205,
     8.801954  ,   8.808615  ,   2.7961905 ,   0.06503966,   2.1849477 ,
     3.8779578 ,   2.6036391 ,   0.72862387],
 [-353.1872    ,  37.882973  ,  20.085371  ,   7.6949396 ,   4.7798767 ,
     4.5263586 ,   2.1419652 ,   0.48023534,   2.29893   ,   4.03086   ,
     1.109103  ,  -4.5707183 ,  -6.9183054 ],
 [-340.68942   ,  50.225002  ,  21.670612  ,   2.7632964 ,   1.4034569 ,
     6.5867243 ,   7.4841857 ,   4.7243547 ,   3.1889863 ,   3.3043976 ,
     2.944194  ,   1.9621487 ,   1.1117351 ],
 [-340.3292    ,  50.63275   ,  22.00804   ,   2.6953056 ,  -0.6154581 ,
     1.5521979 ,   1.2705419 ,   0.9021193 ,   3.10183   ,   4.45849   ,
     1.8636444 ,  -1.9315023 ,  -3.0083687 ]]"
kembali,dataset\kembali\kembali1.wav,"[[-330.4393    ,  42.331512  ,   2.659122  ,   3.4952478 ,  10.611262  ,
     6.4093466 ,   0.653433  ,  -3.1948447 ,  -0.7338251 ,   2.6672173 ,
     0.32557994,  -1.7069645 ,  -2.0216906 ],
 [-314.2307    ,  62.815453  ,   8.418183  ,  -4.080024  ,   7.32098   ,
     4.5963435 ,  -2.2837558 ,   2.6934428 ,   6.487434  ,   1.9965475 ,
    -0.0838694 ,   1.6447649 ,   1.688628  ],
 [-309.83295   ,  61.434     ,   3.4327986 ,  -3.3129067 ,  11.071829  ,
    10.431356  ,  -1.7352257 ,  -2.78766   ,   3.4746413 ,   2.2766771 ,
     2.9404154 ,   4.0179253 ,   0.05854845],
 [-313.13922   ,  57.094963  ,  12.600586  ,   0.8801974 ,  11.337086  ,
     8.380846  ,   1.07317   ,  -2.1248605 ,  -2.0043805 ,   5.800845  ,
     0.6803043 ,   8.669448  ,   4.7168083 ],
 [-309.47836   ,  60.334404  ,   4.561436  ,  -5.390314  ,   4.7428446 ,
    13.172533  ,   4.725218  ,  -4.0022492 ,  -3.3430843 ,   0.62211627,
     2.050353  ,   0.3843339 ,   3.1049209 ],
 [-316.54846   ,  54.430405  ,   1.269663  ,  -2.437446  ,  11.081305  ,
     9.429113  ,   1.4385583 ,  -1.8508028 ,  -3.880115  ,  -4.795583  ,
    -2.4092927 ,   2.0658214 ,   0.5958208 ],
 [-286.16214   ,  64.28525   , -16.538357  , -13.707475  ,   4.41523   ,
     9.184388  ,   6.3693233 ,   6.354416  ,   5.4314537 ,   6.25758   ,
     3.5181265 ,   1.8258476 ,   1.9102011 ],
 [-287.04474   ,  60.07831   ,  -7.9845443 ,  -2.4479704 ,   7.3696165 ,
    11.202749  ,   5.708539  ,  -0.7236178 ,  -0.79764366,  10.712449  ,
     6.4199133 ,   1.8779013 ,  -2.3451831 ],
 [-275.11816   ,  62.516926  , -12.266268  ,  -6.251769  ,   6.5506973 ,
    11.5671215 ,   9.089911  ,   4.2408657 ,  -2.0748339 ,   4.2428145 ,
     3.4948502 ,   7.79282   ,   1.5673037 ],
 [-283.37357   ,  57.74066   , -15.82205   ,  -3.102344  ,   5.6108274 ,
     2.5954022 ,  -3.4328232 ,   1.7188103 ,  -1.3542812 ,   5.6201487 ,
     7.027375  ,  -2.1522193 ,  -0.01520562],
 [-290.0876    ,  58.251328  ,  -2.1484604 ,   4.037621  ,   1.0398347 ,
     0.5341854 ,   4.4746933 ,   6.146734  ,  -2.3674855 ,   1.0263147 ,
     0.49300224,   1.6324066 ,   1.7846816 ],
 [-292.08566   ,  54.32989   ,  -9.213215  ,  -5.6294575 ,   3.367372  ,
     5.4501753 ,   2.885591  ,   8.356728  ,  -5.0063615 ,   2.2798092 ,
     5.261809  ,   2.2447708 ,  -0.2266922 ],
 [-300.5142    ,  55.33052   , -10.203316  ,  -4.481859  ,   7.390386  ,
     3.533834  ,   2.77368   ,   6.2590866 ,  -1.4870129 ,   2.8904662 ,
     7.300445  ,   5.1142945 ,   2.2830663 ],
 [-310.20547   ,  52.45268   ,  -2.782835  ,  -4.7629557 ,   3.588475  ,
    -2.2176933 ,  -2.2234192 ,   3.7641983 ,  -0.38496965,   2.4370177 ,
     5.9677687 ,   5.0107636 ,  -2.256628  ],
 [-308.9148    ,  55.816933  ,  -4.8244276 ,  -4.8629317 ,  12.606958  ,
     3.3194299 ,  -5.846948  ,   2.8172016 ,  -0.34321833,  -1.1436734 ,
     1.5913615 ,   0.96626014,   0.4759574 ],
 [-296.55133   ,  65.78413   ,  -4.4151163 , -12.726229  ,   2.3796399 ,
     4.5910835 ,   6.884412  ,  12.53471   ,  -0.1677061 ,   0.8376291 ,
     4.89649   ,   2.8727224 ,   1.2378768 ],
 [-301.34064   ,  58.081482  ,   5.298607  ,   0.29954755,   8.391472  ,
     4.8035326 ,  -8.272793  ,   3.5840368 ,   5.689149  ,   6.8131886 ,
     1.3018917 ,  -1.038498  ,  -1.2897831 ],
 [-292.78995   ,  58.612995  ,   1.8125459 ,  -7.364718  ,   3.2446861 ,
     3.282798  ,   1.3054702 ,   6.0169334 ,  -0.59016913,  -6.9011765 ,
     0.38138688,   6.05865   ,   2.6432061 ],
 [-287.67874   ,  61.897053  ,  16.749897  ,  -8.060713  ,   5.6799498 ,
     8.989992  ,  -4.120737  ,   3.5479593 ,  -1.3801749 ,   2.9354844 ,
     6.7511873 ,   0.17814155,  -2.7322397 ],
 [-290.4986    ,  59.42531   ,  10.254971  ,  -6.0940213 ,  -1.0342183 ,
    -0.3224634 ,  -2.4860258 ,  -2.9705744 ,  -5.958648  ,  -1.5307426 ,
     2.8574705 ,   6.841347  ,   3.518354  ],
 [-289.01      ,  60.301407  ,  10.9508095 ,   2.612686  ,   6.036599  ,
     5.464639  ,  -6.709367  ,   4.948805  ,  -2.2460854 ,   1.5433459 ,
     6.4815707 ,   4.025219  ,   1.9847932 ],
 [-298.16467   ,  56.89357   ,   4.5632963 ,  -1.2753619 ,   2.444314  ,
     1.811509  ,  -7.522031  ,  -1.6767797 ,  -3.0196543 ,   1.2035922 ,
     5.011554  ,   5.5517464 ,   3.8414745 ],
 [-308.23077   ,  61.698994  ,  12.683065  ,  -0.67617774,   5.3216453 ,
     8.684227  ,  -3.7382731 ,   2.0151742 ,  -2.7431946 ,  -6.4139266 ,
     1.7416605 ,   3.2735019 ,   4.052364  ],
 [-311.1364    ,  61.58822   ,   7.585042  ,  -6.8948603 ,   2.6863303 ,
     6.065016  ,  -0.32408357,   3.6468403 ,  -0.55501914,  -0.9358833 ,
     4.6846304 ,   2.4760902 ,  -0.6988994 ],
 [-313.71777   ,  61.61258   ,   5.5745173 ,  -8.553448  ,   3.8833597 ,
     7.2138047 ,   1.5840011 ,  -0.53808224,  -1.5844522 ,   1.2655044 ,
     2.7602048 ,  -3.3772306 ,  -6.013122  ],
 [-323.31778   ,  56.557953  ,  16.422861  ,   2.5734775 ,   1.8534436 ,
     1.1237464 ,   1.1747139 ,   0.31133598,  -3.978982  ,   1.7421436 ,
     5.132563  ,  -0.63762265,  -0.82031965],
 [-322.23285   ,  57.622353  ,  11.0228195 ,  -6.2800226 ,   1.7355413 ,
     8.98848   ,   7.26252   ,   4.859218  ,   5.210368  ,   7.638174  ,
     5.2188997 ,   0.59361666,   0.53827953],
 [-315.53995   ,  63.84203   ,  11.733072  ,  -4.153083  ,   5.904133  ,
     6.989519  ,  -0.83636963,  -2.482471  ,   1.3133453 ,   3.931892  ,
     3.7001386 ,   0.42000753,  -2.4404874 ],
 [-329.00165   ,  51.276245  ,  12.92819   ,   3.2581534 ,   6.404594  ,
     3.161949  ,   1.3117197 ,   1.431895  ,   0.03049541,   3.5257363 ,
     7.6408253 ,   3.8139288 ,   0.57719064],
 [-325.9639    ,  54.80609   ,  12.35836   ,   0.17391288,   8.596981  ,
     7.896144  ,   0.12514126,  -1.4532497 ,   0.20538741,   0.66535777,
     2.12777   ,   2.445726  ,  -0.20364863],
 [-327.2447    ,  54.73857   ,  16.331171  ,   4.6045103 ,   6.4485226 ,
     0.77425504,  -3.8267868 ,  -1.0850431 ,   1.1931142 ,   1.8506665 ,
     2.4935513 ,   0.38348937,  -1.066987  ],
 [-324.98486   ,  55.317795  ,  11.327024  ,  -2.3350587 ,   4.4118915 ,
     3.4034777 ,  -2.5918489 ,  -3.3626711 ,  -3.1528192 ,  -3.0890803 ,
     0.51343584,   2.8689854 ,   0.5788765 ],
 [-326.34546   ,  54.01528   ,  15.631662  ,   5.6679525 ,   4.596875  ,
     0.87489116,   5.736147  ,   8.558002  ,   0.4918872 ,  -3.8549907 ,
    -0.3318975 ,   1.0820069 ,   0.09281184],
 [-322.36267   ,  55.290062  ,  13.794365  ,   1.3869452 ,   2.8418622 ,
    -4.0774436 ,  -5.3035483 ,  -0.63454324,  -2.5188558 ,  -2.5905197 ,
    -2.1599538 ,   0.80804086,   0.15200138],
 [-336.2189    ,  42.412445  ,  11.440363  ,   3.2994294 ,   3.286603  ,
     0.9892138 ,  -0.27123022,  -1.6720498 ,  -1.1005619 ,   2.3231947 ,
     1.9343188 ,   4.141475  ,   2.109104  ],
 [-336.07547   ,  45.315033  ,  12.788191  ,   1.9325643 ,   3.7921124 ,
     2.6563025 ,   1.4205519 ,  -0.768471  ,  -5.3454604 ,  -1.6409048 ,
     5.1596475 ,   4.3864512 ,   0.04184294],
 [-334.98178   ,  54.03961   ,  27.573511  ,   6.3647013 ,  -0.28037012,
    -0.53026307,  -0.44155163,   1.9629436 ,   4.363782  ,   6.355174  ,
     2.6040068 ,  -0.12247762,  -1.0960908 ],
 [-331.5629    ,  56.06623   ,  23.235672  ,   2.71773   ,   0.6052238 ,
     2.5965247 ,   0.53509486,   0.17247674,   5.098338  ,   8.872682  ,
     5.4919415 ,  -0.7111909 ,  -3.601351  ],
 [-312.73834   ,  47.60936   ,  -1.0829898 , -10.534378  ,  10.40786   ,
     8.94659   ,  -6.616566  ,  -1.7647891 ,  -3.6222744 ,   4.2985334 ,
    -2.1649609 ,   3.7448506 ,   0.62771297],
 [-168.83586   ,  34.405907  ,  -6.9425077 , -23.518448  ,   8.005434  ,
     9.052918  , -13.799426  ,   1.053159  ,  -3.5185204 ,   9.795395  ,
    -2.6675358 ,  -5.192209  ,   4.864667  ],
 [-187.18062   ,  51.943066  ,   7.568429  ,  -2.8966494 ,  14.5126915 ,
    10.63319   , -17.505756  ,  -7.6966376 ,  -5.2024636 ,   7.1631536 ,
    -3.7210305 ,  -7.748805  ,   2.9177043 ],
 [-136.54222   ,  71.43228   ,  -0.6021051 ,   4.6282454 , -15.2290745 ,
    14.204804  , -20.775166  ,   1.1566958 , -16.64203   ,  15.010613  ,
     1.3016624 ,  -6.8764963 ,   8.601877  ],
 [-129.34978   ,  71.77583   ,  -0.6969277 ,  -2.967152  , -19.744764  ,
    19.91967   , -11.262134  ,  -1.7595294 , -20.10997   ,  13.373421  ,
     1.231462  ,  -4.8711495 ,   6.4819427 ],
 [-191.83118   ,  85.0213    ,   9.628498  ,   4.350993  , -11.08066   ,
    19.835737  ,  -6.674036  ,   2.5686    , -14.172077  ,  -0.32649937,
    -1.2279978 ,  -1.4687339 ,  10.861508  ],
 [-205.87126   ,  88.566     ,  19.605865  ,  25.988432  ,  -6.368249  ,
    12.421428  ,   3.4715037 ,  -1.9547622 , -11.024475  ,  10.80135   ,
    -8.668179  ,  -6.871339  ,   7.4511337 ],
 [-196.22662   ,  71.93345   ,  16.112438  ,  25.828354  ,   7.8084955 ,
    16.417654  ,   7.7124825 ,   3.489234  , -10.248484  ,   0.3677163 ,
   -13.1405945 ,  -7.726388  ,   1.9196529 ],
 [-187.0212    ,  70.770645  ,  16.811     ,  24.893902  ,  -5.368284  ,
    23.388874  ,   7.1733904 ,   0.51938844, -12.393013  ,  -1.8479061 ,
    -5.186924  ,  -5.882399  ,   4.9280434 ],
 [-192.94904   ,  71.09579   ,  11.111175  ,  26.481144  ,   1.3711247 ,
    26.992035  ,   8.467009  ,  -1.9642274 , -17.013458  ,  -2.396494  ,
    -4.6646194 ,  -5.931194  ,   5.1307983 ],
 [-188.87918   ,  75.71079   ,  10.600448  ,  18.242466  ,  -2.5652385 ,
    22.81533   ,   7.1297693 ,   0.11475158, -12.717921  ,  -1.7017896 ,
    -1.7997805 ,  -6.0005054 ,   3.546575  ],
 [-193.5961    ,  71.66123   ,   4.7487984 ,  19.37765   ,  -7.37125   ,
    26.04367   ,   8.200242  ,   0.22806183, -12.525656  ,  -1.2349906 ,
     0.6947581 ,  -6.174867  ,   1.8920953 ],
 [-194.22633   ,  70.390015  ,   7.7494354 ,  20.59353   ,  -4.7137547 ,
    24.37787   ,   7.9327893 ,  -0.9541987 , -16.700981  ,   2.409371  ,
    -1.8740287 ,  -8.361528  ,   3.9036546 ],
 [-196.51738   ,  75.040634  ,   4.9581523 ,  27.12819   ,  -9.928452  ,
    25.849419  ,   4.3884196 ,   1.4434503 , -17.001133  ,   2.1482043 ,
    -4.342767  ,  -5.869451  ,   4.3355627 ],
 [-202.7119    ,  76.16347   ,   9.232044  ,  24.730902  , -11.658373  ,
    24.434769  ,   6.930825  ,   0.36437368, -19.203064  ,   8.3567295 ,
    -3.0563107 ,  -6.751433  ,   5.6659126 ],
 [-213.63222   ,  75.69637   ,  13.040852  ,  23.154827  ,  -3.9639082 ,
    21.863525  ,  10.425209  ,  -0.2693324 , -20.23045   ,   5.9997587 ,
     0.28554916, -11.40842   ,   5.720767  ],
 [-218.14212   ,  77.817764  ,  16.302801  ,  26.134336  , -10.487634  ,
    19.690586  ,  15.684841  ,  -0.58662057, -19.68303   ,   7.2420225 ,
     1.7596897 , -13.1517315 ,   4.609713  ],
 [-227.22527   ,  86.8066    ,  12.136615  ,  25.162165  ,  -6.859643  ,
    10.360796  ,  15.299892  ,  -0.7603838 , -13.061466  ,   9.873528  ,
    -6.1662283 ,  -6.422418  ,   5.788951  ],
 [-140.73447   ,  66.30655   ,   9.442456  ,  -0.37329853, -20.8647    ,
    12.887685  ,  -8.481052  ,  -8.615799  , -11.664619  ,   8.217094  ,
     3.6252427 ,  -4.3070517 ,  10.544859  ],
 [-121.60553   ,  60.53274   ,  -9.459706  ,   2.8820682 , -19.075104  ,
    13.328725  , -15.386305  ,  -4.612172  ,  -1.7484832 ,  12.96081   ,
    -0.35745525, -10.592728  ,   8.6876745 ],
 [-115.41138   ,  52.306915  ,  -6.5995913 ,   1.8282769 , -19.396912  ,
    11.205029  , -10.3744755 ,  -0.8711698 ,  -3.4607224 ,   7.212584  ,
    -1.8569752 ,  -9.673778  ,   5.724552  ],
 [-108.41361   ,  46.679104  ,  -8.715874  ,  -0.75085783, -16.804592  ,
    11.297758  ,  -9.987436  ,  -0.04247916,   0.6615794 ,   2.969737  ,
    -2.3543892 ,  -8.5546465 ,   5.5575366 ],
 [-106.386696  ,  46.273575  , -12.778816  ,   0.4311638 , -18.428162  ,
     9.446025  ,  -8.858418  ,   0.2574042 ,   2.8933325 ,   6.302325  ,
    -3.3893485 ,  -7.8640294 ,   7.871243  ],
 [-107.69629   ,  44.087982  , -11.947239  ,   0.12542534, -15.808939  ,
     6.498159  , -10.079575  ,   0.32290733,   5.40979   ,   4.9874945 ,
    -4.173815  ,  -7.7196546 ,   9.63989   ],
 [-106.9088    ,  46.950645  , -11.480373  ,   2.399675  , -14.979015  ,
     6.6407113 ,  -9.5524435 ,   1.599931  ,   3.4394789 ,  -0.4730494 ,
    -6.1481566 ,  -5.477211  ,  10.3485985 ],
 [-103.12555   ,  40.507835  ,  -7.912092  ,   0.98186564, -16.344622  ,
     6.7273197 ,  -9.647166  ,   2.9696257 ,   2.1046462 ,   0.3115456 ,
    -4.7079086 ,  -6.7670097 ,   6.986314  ],
 [-104.97836   ,  39.667587  ,  -8.208448  ,   0.98807025, -17.028713  ,
     3.9340363 ,  -9.027937  ,   2.5213835 ,   4.8080273 ,   0.7847736 ,
    -4.0689363 ,  -4.154083  ,   9.526351  ],
 [-113.40471   ,  42.470257  ,  -5.578741  ,   5.748745  , -16.860043  ,
     2.077905  ,  -9.987076  ,   3.9654515 ,   2.674728  ,   0.32660294,
    -2.6406145 ,  -1.959013  ,   9.2498045 ],
 [-115.76779   ,  45.7136    ,  -5.900422  ,  11.596977  , -17.841812  ,
     3.3628023 , -12.326643  ,   2.0076587 ,  -0.3253013 ,   1.9234028 ,
    -6.3221054 ,  -1.2400603 ,   7.852463  ],
 [-114.415695  ,  48.20942   ,  -6.6197453 ,  13.555025  , -20.04446   ,
     2.6451108 , -17.422722  ,   4.3774433 ,  -2.986308  ,  -0.00596905,
    -2.621729  ,   2.1799579 ,   8.976534  ],
 [-130.46921   ,  51.761543  ,  -0.24927804,  17.740623  , -17.128082  ,
    -4.2404613 , -21.204456  ,   3.3021867 ,  -3.594029  ,   2.4241323 ,
    -1.4211354 ,   4.076045  ,   8.720121  ],
 [-158.57678   ,  51.05697   ,  12.0185585 ,  24.250362  ,  -6.1267924 ,
     4.1065736 , -19.90576   ,   3.7021346 ,  -9.269463  ,  -5.106721  ,
    -9.000992  ,  -1.9098642 ,  13.393929  ],
 [-160.2035    ,  52.203194  ,  13.2999525 ,  28.048376  ,  -3.3384721 ,
     4.5417347 , -20.238176  ,   1.1040125 , -10.6343    ,  -7.8802366 ,
    -9.415276  ,  -4.004209  ,  11.644871  ],
 [-164.94754   ,  52.81991   ,  15.791634  ,  30.243647  ,  -2.4006016 ,
     5.1306005 , -22.481346  ,   3.0951183 , -13.356932  ,  -8.901667  ,
    -6.6331606 ,  -4.4522343 ,  13.4404955 ],
 [-180.29419   ,  52.26886   ,  21.705467  ,  28.575373  ,  -1.1687471 ,
     5.6013002 , -18.692951  ,   2.5846343 , -12.482891  , -13.843159  ,
    -2.5755854 ,  -1.1981965 ,   8.372176  ],
 [-189.15768   ,  40.13701   ,  24.510662  ,  30.702908  ,  -4.776244  ,
    11.701073  ,  -7.402727  ,  -2.3707848 ,  -9.886551  ,  -7.8973455 ,
    -4.5589294 ,   4.238503  ,   5.0643787 ],
 [-166.30998   ,  33.330597  ,  18.373924  ,  24.863186  ,  -0.01995128,
     0.48287308,   5.330515  ,  -4.406389  , -15.399389  ,  -2.2154384 ,
     2.8570204 ,  -3.481179  ,   2.501123  ],
 [-174.01329   ,  33.50525   ,  27.446037  ,  37.079315  , -11.12741   ,
     2.8593605 ,   4.2141094 ,  -6.1052465 , -11.595671  ,  -7.4412975 ,
     0.33526373,  -6.387628  ,   7.4598465 ],
 [-178.69109   ,  34.33453   ,  29.751846  ,  32.639282  ,  -9.658213  ,
     7.037156  ,  -1.4714234 ,  -3.3873465 ,  -9.117959  ,  -4.814682  ,
     1.9280186 ,  -3.7892537 ,   6.8369293 ],
 [-178.91829   ,  31.591022  ,  33.7499    ,  36.26776   , -12.587183  ,
     8.7849    ,  -1.5466299 ,  -2.9864054 , -12.173279  ,  -3.3910556 ,
     1.0118382 ,  -4.2806835 ,   7.7097073 ],
 [-183.37514   ,  31.789406  ,  38.10244   ,  32.223465  , -12.705896  ,
    10.879887  ,   1.068033  ,  -3.612075  , -10.754635  ,  -3.839154  ,
     0.15591669,  -6.7318983 ,   6.1304975 ],
 [-176.19699   ,  29.513489  ,  37.88867   ,  28.699379  , -12.998753  ,
    12.507725  ,  -1.8033632 ,  -4.809519  , -10.129582  ,  -2.8213356 ,
     2.0207603 ,  -4.917081  ,   6.2659597 ],
 [-182.83775   ,  31.734678  ,  42.831856  ,  26.755154  , -14.122167  ,
    14.336911  ,  -1.6212978 ,  -2.314861  ,  -6.3531218 ,  -5.886518  ,
    -0.73859286,  -6.573257  ,   7.224596  ],
 [-183.6334    ,  33.256954  ,  40.97441   ,  25.595608  , -11.102961  ,
    14.723393  ,  -3.837588  ,  -4.8607097 ,  -5.0925198 ,  -2.0425594 ,
     0.96388054,  -6.637195  ,   7.678689  ],
 [-193.76878   ,  36.100105  ,  46.821846  ,  23.43819   ,  -8.751384  ,
    11.487499  ,  -1.3096277 ,  -3.1869402 ,  -3.3455014 ,  -5.193667  ,
    -0.23606753,  -7.1344066 ,   6.075366  ],
 [-204.84006   ,  39.83541   ,  52.13761   ,  28.68129   , -12.848433  ,
    10.345709  ,   2.4545608 ,  -1.1770197 ,  -7.244278  ,  -9.423535  ,
    -1.5879173 ,  -2.3513083 ,  12.3254595 ],
 [-198.50671   ,  36.193012  ,  40.28962   ,  32.34572   , -12.883932  ,
    12.712465  ,   3.080411  ,  -3.256295  , -11.215488  ,   1.4575226 ,
    -3.933989  ,  -6.122686  ,   3.421516  ],
 [-189.4536    ,  33.55729   ,  39.236313  ,  24.784035  , -12.6537    ,
    11.884898  ,  -0.26138648,  -1.1939716 , -10.189224  ,  -1.4667885 ,
    -6.363743  ,  -4.441491  ,   0.07267809],
 [-184.12408   ,  28.327816  ,  37.340233  ,  29.424099  , -12.374182  ,
    12.7556    ,  -3.9255702 ,  -0.8559277 , -11.593176  ,  -4.345413  ,
   -15.675728  ,  -4.893679  ,   4.5967083 ],
 [-184.35023   ,  27.448093  ,  39.49198   ,  28.172173  , -12.797466  ,
    10.767052  ,  -5.273984  ,  -4.4800806 , -16.875044  ,  -9.744655  ,
   -13.476     ,   2.0390592 ,  -0.6718917 ],
 [-183.83104   ,  25.723293  ,  38.27432   ,  24.470608  , -10.649947  ,
    14.162405  , -10.675169  , -11.060172  , -31.164272  ,  -2.234872  ,
   -14.164584  ,   2.8186772 ,  -1.8906202 ],
 [-207.58932   ,  38.430088  ,  45.6257    ,  15.312951  , -23.9957    ,
    -2.397424  , -14.741996  ,  -9.554464  , -24.72683   ,  -2.9398732 ,
   -10.98378   ,  -1.1018739 ,  -5.5684857 ],
 [-243.62288   ,  41.99064   ,  45.297264  ,  17.732914  , -17.309437  ,
    -3.6623945 , -18.954597  ,  -9.204577  , -13.9811325 ,   0.48357952,
   -16.631664  ,  -0.22791761,  -5.2372646 ],
 [-217.75887   ,   4.4019184 ,  18.430649  ,  23.267296  ,  -4.807681  ,
    -9.738453  ,   2.8956773 ,  -9.202974  , -21.05614   ,  -1.780731  ,
    -9.860504  ,  -3.848354  ,   0.7529073 ],
 [-275.60672   ,  12.059145  ,  26.631645  ,   8.413697  ,  -7.0636683 ,
     8.008635  ,  -4.0714874 ,   2.662315  ,  -8.006117  ,   9.44398   ,
    -2.154142  ,   3.9232895 ,  -6.143949  ],
 [-282.2044    ,  13.929919  ,  31.391514  ,   6.8910694 , -10.23575   ,
    -0.42002106,  -7.2803364 ,   4.395375  , -13.363348  ,   6.9645853 ,
    -6.229543  ,   3.5174057 ,  -2.3930516 ],
 [-297.84396   ,   5.33877   ,  31.717041  ,   7.6503477 ,  -9.281111  ,
     4.633131  ,   3.7679543 ,   5.8391085 ,  -8.756284  ,  10.966615  ,
   -14.945232  ,   1.2818702 ,  -1.2554278 ],
 [-304.89862   ,   1.8797543 ,  22.362722  ,   7.6938825 , -22.104145  ,
     6.957489  ,   5.087034  ,   4.5246    ,  -8.070013  ,  10.370676  ,
   -11.299661  ,   1.1772145 ,   1.5858994 ],
 [-301.10834   ,  13.387819  ,  27.647148  ,  15.25738   , -15.455943  ,
     5.2523184 ,   4.7747874 ,  -5.829188  , -15.861782  ,  11.36056   ,
    -8.875299  ,   8.110391  ,   5.5866146 ],
 [-309.7113    ,  18.215637  ,  14.935728  ,  16.780039  , -13.075912  ,
     4.447996  ,   4.3517475 ,   1.677488  ,  -8.640578  ,  11.579925  ,
    -4.4081917 ,  -4.107651  ,   3.5423136 ],
 [-318.44397   ,  27.241646  ,  17.505497  ,   6.9589596 ,  -6.9570346 ,
    14.16946   ,   4.8360815 ,   3.2458525 ,  -7.414693  ,   7.206696  ,
    -3.0918632 ,  -2.9089172 ,   2.1082797 ],
 [-327.1173    ,  23.167194  ,  16.11071   ,   6.4630523 ,  -8.396084  ,
     2.3676064 ,   8.618538  ,   5.347212  ,  -9.6875725 ,   7.344946  ,
    -2.9961882 ,   4.0111003 ,   0.10147524],
 [-333.1699    ,  32.76033   ,  12.131251  ,   8.441652  ,  -4.210113  ,
     4.37798   ,  12.570986  ,   5.581023  ,  -1.3181359 ,   4.797252  ,
    -5.265564  ,  -3.9511247 ,  -2.0047078 ],
 [-332.13864   ,  43.598915  ,  18.494535  ,   6.5603914 ,  -0.3881239 ,
     5.3102627 ,   6.667056  ,   1.0689689 ,  -7.097534  ,   0.91313744,
    -5.3682766 ,  -4.9997053 ,   0.8553498 ],
 [-339.3916    ,  38.518917  ,  18.07183   ,   4.0015078 ,  -4.591     ,
     5.5194154 ,   5.045576  ,  -0.7664357 ,  -2.0066783 ,   1.2863462 ,
    -2.9891202 ,  -0.7725049 ,  -2.7042305 ],
 [-338.8655    ,  48.299355  ,  22.107399  ,   3.9735463 ,  -3.815755  ,
    -0.5037495 ,   6.982549  ,   3.8977392 ,  -4.688098  ,  -5.0645485 ,
    -1.8882668 ,  -1.1678439 ,   0.30792016],
 [-349.08948   ,  38.227245  ,  19.602295  ,   7.1112404 ,   1.4477239 ,
    -1.3672017 ,  -1.537323  ,  -0.35854483,   1.252687  ,   4.484661  ,
     6.30627   ,   3.3391192 ,   0.94302034],
 [-349.3289    ,  39.11995   ,  20.8172    ,   5.9828215 ,  -0.12282944,
    -0.5297686 ,   0.90818095,   2.1623936 ,   2.3615618 ,   2.330116  ,
     2.9586012 ,   2.384072  ,  -1.0708234 ],
 [-345.04022   ,  42.84362   ,  19.768867  ,   3.2308536 ,   1.8279197 ,
     7.935794  ,   9.3387985 ,   2.959373  ,  -4.487323  ,  -6.3446574 ,
    -2.827691  ,   1.5511247 ,   3.8702946 ],
 [-348.09967   ,  42.831615  ,  27.025105  ,  10.555662  ,  -0.2264893 ,
    -4.1356163 ,  -3.1746368 ,   0.15547574,   3.482491  ,   4.7756586 ,
     3.7274067 ,   2.33527   ,   2.6746967 ],
 [-339.7625    ,  49.5987    ,  24.61998   ,   5.4335093 ,   1.2902031 ,
     5.8499155 ,   8.3531275 ,   5.5371923 ,   1.4978323 ,   0.05884457,
     0.9643785 ,   2.3043282 ,   3.234974  ],
 [-339.13205   ,  49.60546   ,  24.395046  ,   7.6377344 ,   4.9023113 ,
     6.586005  ,   6.243014  ,   6.6333623 ,   9.4108515 ,  10.375414  ,
     7.1728516 ,   3.3012044 ,   1.6212635 ],
 [-346.10773   ,  44.10676   ,  25.793198  ,   9.446496  ,   1.7769746 ,
     0.49861813,   0.55321705,   0.48403507,   1.6643107 ,   3.9880385 ,
     5.2169247 ,   4.1855807 ,   2.3288736 ],
 [-338.27005   ,  50.327972  ,  23.256012  ,   3.1566238 ,  -2.106586  ,
     1.1151304 ,   4.2242804 ,   2.878303  ,  -1.4345517 ,  -2.5698125 ,
     2.431528  ,   7.70299   ,   6.623618  ],
 [-338.5916    ,  48.172592  ,  19.706303  ,   2.8545375 ,   1.4245782 ,
     2.2838426 ,   0.70804954,   3.2286248 ,   9.865801  ,  11.302496  ,
     4.7832756 ,  -1.1111892 ,  -0.43246007],
 [-340.1333    ,  46.405266  ,  19.509289  ,   3.3765173 ,   0.8209749 ,
     2.238592  ,   0.84299195,  -1.7043612 ,  -0.05444273,   2.7013206 ,
     0.4828955 ,  -2.2523522 ,  -0.6292038 ],
 [-324.3198    ,  49.368015  ,  16.200277  ,   3.9821546 ,  -2.7354765 ,
    -1.7762225 ,  -2.9838538 ,  -0.33299088,  -3.4126036 ,   4.4455147 ,
     6.1037827 ,   2.2358806 ,   0.7240095 ],
 [-313.05475   ,  28.809544  ,  21.06446   ,   4.965009  ,   2.2713816 ,
    -0.8710413 ,  -3.4143853 ,   2.0323455 ,  -2.818497  ,   6.579014  ,
     4.9602385 ,   2.4490244 ,   0.6090143 ],
 [-306.27176   ,  28.334435  ,   9.3009815 ,   3.099208  ,   7.129387  ,
    -2.5895426 ,  -4.032971  ,   7.126999  ,  -7.4130206 ,   2.794745  ,
     6.2164245 ,   3.5492053 ,  -0.39355564],
 [-312.26263   ,  29.385525  ,  14.965874  ,   5.9341364 ,  -3.2355645 ,
    -5.2413955 ,  -4.631378  ,   6.8068104 ,   1.536035  ,   2.1323805 ,
     0.4423133 ,   0.07211558,   3.8824596 ],
 [-316.22006   ,  34.990814  ,  15.603014  ,   0.3033895 ,   7.234407  ,
     1.889365  ,  -2.8694606 ,   7.7660666 ,   0.65866375,   3.8246326 ,
     6.6307044 ,   2.3285015 ,  -1.8638377 ],
 [-311.33463   ,  37.47946   ,   9.575256  ,  -0.545243  ,   6.2785034 ,
    -2.435079  ,  -8.876825  ,   7.244751  ,  -3.0216036 ,  -0.62101483,
    -0.4208207 ,  -0.34528002,   0.48717052],
 [-325.42914   ,  29.706161  ,  10.638456  ,   6.506027  ,   3.9327354 ,
     2.6240022 ,   1.3796854 ,   8.631233  ,   1.6539948 ,  -1.927665  ,
     5.7166967 ,   5.2378516 ,  -2.1939707 ],
 [-325.4192    ,  43.621513  ,  15.143017  ,   3.3633099 ,   6.3445625 ,
     7.9514227 ,  -2.443212  ,  -0.19193044,  -1.7315047 ,   5.7263155 ,
     6.3549066 ,   2.607634  ,  -3.6513104 ],
 [-331.9567    ,  41.51893   ,   6.4094267 ,  -4.1845384 ,   0.9694556 ,
     6.56495   ,   2.5952535 ,   3.1036942 ,  -7.571846  ,  -1.5653715 ,
     6.435401  ,   0.454041  ,   1.0088351 ],
 [-335.24542   ,  49.03704   ,  20.865818  ,   1.5244083 ,   0.6753066 ,
     4.334994  ,   2.9293869 ,   6.225544  ,   4.900177  ,   5.2110004 ,
     0.6639941 ,   0.34877276,   1.2870343 ],
 [-336.7412    ,  46.674294  ,  14.000881  ,  -0.17338991,   1.6697025 ,
     3.3899837 ,   2.0681365 ,   0.10077596,  -0.8619132 ,   1.6378329 ,
     4.593224  ,   3.4771335 ,   2.0949583 ],
 [-331.74832   ,  53.875893  ,  18.814808  ,  -0.93757695,  -1.9286832 ,
     2.3642812 ,   5.0555067 ,   4.1810446 ,  -0.06556705,  -1.6049681 ,
     2.3358793 ,   4.74942   ,   2.081953  ],
 [-339.80255   ,  47.422123  ,  22.04232   ,   7.2206674 ,   3.267799  ,
     2.1541011 ,   2.9719524 ,   4.420696  ,   3.703251  ,   2.7827597 ,
     2.2848053 ,  -0.37145615,  -1.6620289 ],
 [-332.08292   ,  53.056477  ,  18.731686  ,   3.0317788 ,   5.7077107 ,
     6.3970256 ,   1.8154814 ,   1.9711013 ,   5.7407722 ,   4.831332  ,
     0.8650788 ,   0.06751344,   0.7638227 ],
 [-331.72583   ,  53.280884  ,  18.501356  ,   1.1160986 ,   1.7809459 ,
     5.338018  ,   5.2605295 ,   2.0561967 ,   0.5577828 ,   4.639309  ,
     7.7739077 ,   3.7413065 ,  -0.573879  ],
 [-332.78018   ,  53.126198  ,  17.844288  ,  -2.2029815 ,   1.38706   ,
    10.146854  ,   8.423271  ,   0.8897826 ,  -1.0392567 ,   2.8845687 ,
     4.6831126 ,   1.574889  ,  -1.6993937 ],
 [-336.74756   ,  47.89067   ,  14.603327  ,  -2.7559137 ,   1.424503  ,
    10.01605   ,   9.418729  ,   1.1578157 ,  -3.8448715 ,   1.1753951 ,
     8.847857  ,   7.658427  ,   0.15407562],
 [-335.12518   ,  47.662483  ,  10.94098   ,  -4.5433335 ,   4.743773  ,
    13.855298  ,   9.779269  ,   2.1901796 ,   0.34290135,   1.2247412 ,
     0.68844813,   0.2959204 ,   1.098453  ]]","[[-330.4393    ,  42.331512  ,   2.659122  ,   3.4952478 ,  10.611262  ,
     6.4093466 ,   0.653433  ,  -3.1948447 ,  -0.7338251 ,   2.6672173 ,
     0.32557994,  -1.7069645 ,  -2.0216906 ],
 [-314.2307    ,  62.815453  ,   8.418183  ,  -4.080024  ,   7.32098   ,
     4.5963435 ,  -2.2837558 ,   2.6934428 ,   6.487434  ,   1.9965475 ,
    -0.0838694 ,   1.6447649 ,   1.688628  ],
 [-309.83295   ,  61.434     ,   3.4327986 ,  -3.3129067 ,  11.071829  ,
    10.431356  ,  -1.7352257 ,  -2.78766   ,   3.4746413 ,   2.2766771 ,
     2.9404154 ,   4.0179253 ,   0.05854845],
 [-313.13922   ,  57.094963  ,  12.600586  ,   0.8801974 ,  11.337086  ,
     8.380846  ,   1.07317   ,  -2.1248605 ,  -2.0043805 ,   5.800845  ,
     0.6803043 ,   8.669448  ,   4.7168083 ],
 [-309.47836   ,  60.334404  ,   4.561436  ,  -5.390314  ,   4.7428446 ,
    13.172533  ,   4.725218  ,  -4.0022492 ,  -3.3430843 ,   0.62211627,
     2.050353  ,   0.3843339 ,   3.1049209 ],
 [-316.54846   ,  54.430405  ,   1.269663  ,  -2.437446  ,  11.081305  ,
     9.429113  ,   1.4385583 ,  -1.8508028 ,  -3.880115  ,  -4.795583  ,
    -2.4092927 ,   2.0658214 ,   0.5958208 ],
 [-286.16214   ,  64.28525   , -16.538357  , -13.707475  ,   4.41523   ,
     9.184388  ,   6.3693233 ,   6.354416  ,   5.4314537 ,   6.25758   ,
     3.5181265 ,   1.8258476 ,   1.9102011 ],
 [-287.04474   ,  60.07831   ,  -7.9845443 ,  -2.4479704 ,   7.3696165 ,
    11.202749  ,   5.708539  ,  -0.7236178 ,  -0.79764366,  10.712449  ,
     6.4199133 ,   1.8779013 ,  -2.3451831 ],
 [-275.11816   ,  62.516926  , -12.266268  ,  -6.251769  ,   6.5506973 ,
    11.5671215 ,   9.089911  ,   4.2408657 ,  -2.0748339 ,   4.2428145 ,
     3.4948502 ,   7.79282   ,   1.5673037 ],
 [-283.37357   ,  57.74066   , -15.82205   ,  -3.102344  ,   5.6108274 ,
     2.5954022 ,  -3.4328232 ,   1.7188103 ,  -1.3542812 ,   5.6201487 ,
     7.027375  ,  -2.1522193 ,  -0.01520562],
 [-290.0876    ,  58.251328  ,  -2.1484604 ,   4.037621  ,   1.0398347 ,
     0.5341854 ,   4.4746933 ,   6.146734  ,  -2.3674855 ,   1.0263147 ,
     0.49300224,   1.6324066 ,   1.7846816 ],
 [-292.08566   ,  54.32989   ,  -9.213215  ,  -5.6294575 ,   3.367372  ,
     5.4501753 ,   2.885591  ,   8.356728  ,  -5.0063615 ,   2.2798092 ,
     5.261809  ,   2.2447708 ,  -0.2266922 ],
 [-300.5142    ,  55.33052   , -10.203316  ,  -4.481859  ,   7.390386  ,
     3.533834  ,   2.77368   ,   6.2590866 ,  -1.4870129 ,   2.8904662 ,
     7.300445  ,   5.1142945 ,   2.2830663 ],
 [-310.20547   ,  52.45268   ,  -2.782835  ,  -4.7629557 ,   3.588475  ,
    -2.2176933 ,  -2.2234192 ,   3.7641983 ,  -0.38496965,   2.4370177 ,
     5.9677687 ,   5.0107636 ,  -2.256628  ],
 [-308.9148    ,  55.816933  ,  -4.8244276 ,  -4.8629317 ,  12.606958  ,
     3.3194299 ,  -5.846948  ,   2.8172016 ,  -0.34321833,  -1.1436734 ,
     1.5913615 ,   0.96626014,   0.4759574 ],
 [-296.55133   ,  65.78413   ,  -4.4151163 , -12.726229  ,   2.3796399 ,
     4.5910835 ,   6.884412  ,  12.53471   ,  -0.1677061 ,   0.8376291 ,
     4.89649   ,   2.8727224 ,   1.2378768 ],
 [-301.34064   ,  58.081482  ,   5.298607  ,   0.29954755,   8.391472  ,
     4.8035326 ,  -8.272793  ,   3.5840368 ,   5.689149  ,   6.8131886 ,
     1.3018917 ,  -1.038498  ,  -1.2897831 ],
 [-292.78995   ,  58.612995  ,   1.8125459 ,  -7.364718  ,   3.2446861 ,
     3.282798  ,   1.3054702 ,   6.0169334 ,  -0.59016913,  -6.9011765 ,
     0.38138688,   6.05865   ,   2.6432061 ],
 [-287.67874   ,  61.897053  ,  16.749897  ,  -8.060713  ,   5.6799498 ,
     8.989992  ,  -4.120737  ,   3.5479593 ,  -1.3801749 ,   2.9354844 ,
     6.7511873 ,   0.17814155,  -2.7322397 ],
 [-290.4986    ,  59.42531   ,  10.254971  ,  -6.0940213 ,  -1.0342183 ,
    -0.3224634 ,  -2.4860258 ,  -2.9705744 ,  -5.958648  ,  -1.5307426 ,
     2.8574705 ,   6.841347  ,   3.518354  ],
 [-289.01      ,  60.301407  ,  10.9508095 ,   2.612686  ,   6.036599  ,
     5.464639  ,  -6.709367  ,   4.948805  ,  -2.2460854 ,   1.5433459 ,
     6.4815707 ,   4.025219  ,   1.9847932 ],
 [-298.16467   ,  56.89357   ,   4.5632963 ,  -1.2753619 ,   2.444314  ,
     1.811509  ,  -7.522031  ,  -1.6767797 ,  -3.0196543 ,   1.2035922 ,
     5.011554  ,   5.5517464 ,   3.8414745 ],
 [-308.23077   ,  61.698994  ,  12.683065  ,  -0.67617774,   5.3216453 ,
     8.684227  ,  -3.7382731 ,   2.0151742 ,  -2.7431946 ,  -6.4139266 ,
     1.7416605 ,   3.2735019 ,   4.052364  ],
 [-311.1364    ,  61.58822   ,   7.585042  ,  -6.8948603 ,   2.6863303 ,
     6.065016  ,  -0.32408357,   3.6468403 ,  -0.55501914,  -0.9358833 ,
     4.6846304 ,   2.4760902 ,  -0.6988994 ],
 [-313.71777   ,  61.61258   ,   5.5745173 ,  -8.553448  ,   3.8833597 ,
     7.2138047 ,   1.5840011 ,  -0.53808224,  -1.5844522 ,   1.2655044 ,
     2.7602048 ,  -3.3772306 ,  -6.013122  ],
 [-323.31778   ,  56.557953  ,  16.422861  ,   2.5734775 ,   1.8534436 ,
     1.1237464 ,   1.1747139 ,   0.31133598,  -3.978982  ,   1.7421436 ,
     5.132563  ,  -0.63762265,  -0.82031965],
 [-322.23285   ,  57.622353  ,  11.0228195 ,  -6.2800226 ,   1.7355413 ,
     8.98848   ,   7.26252   ,   4.859218  ,   5.210368  ,   7.638174  ,
     5.2188997 ,   0.59361666,   0.53827953],
 [-315.53995   ,  63.84203   ,  11.733072  ,  -4.153083  ,   5.904133  ,
     6.989519  ,  -0.83636963,  -2.482471  ,   1.3133453 ,   3.931892  ,
     3.7001386 ,   0.42000753,  -2.4404874 ],
 [-329.00165   ,  51.276245  ,  12.92819   ,   3.2581534 ,   6.404594  ,
     3.161949  ,   1.3117197 ,   1.431895  ,   0.03049541,   3.5257363 ,
     7.6408253 ,   3.8139288 ,   0.57719064],
 [-325.9639    ,  54.80609   ,  12.35836   ,   0.17391288,   8.596981  ,
     7.896144  ,   0.12514126,  -1.4532497 ,   0.20538741,   0.66535777,
     2.12777   ,   2.445726  ,  -0.20364863],
 [-327.2447    ,  54.73857   ,  16.331171  ,   4.6045103 ,   6.4485226 ,
     0.77425504,  -3.8267868 ,  -1.0850431 ,   1.1931142 ,   1.8506665 ,
     2.4935513 ,   0.38348937,  -1.066987  ],
 [-324.98486   ,  55.317795  ,  11.327024  ,  -2.3350587 ,   4.4118915 ,
     3.4034777 ,  -2.5918489 ,  -3.3626711 ,  -3.1528192 ,  -3.0890803 ,
     0.51343584,   2.8689854 ,   0.5788765 ],
 [-326.34546   ,  54.01528   ,  15.631662  ,   5.6679525 ,   4.596875  ,
     0.87489116,   5.736147  ,   8.558002  ,   0.4918872 ,  -3.8549907 ,
    -0.3318975 ,   1.0820069 ,   0.09281184],
 [-322.36267   ,  55.290062  ,  13.794365  ,   1.3869452 ,   2.8418622 ,
    -4.0774436 ,  -5.3035483 ,  -0.63454324,  -2.5188558 ,  -2.5905197 ,
    -2.1599538 ,   0.80804086,   0.15200138],
 [-336.2189    ,  42.412445  ,  11.440363  ,   3.2994294 ,   3.286603  ,
     0.9892138 ,  -0.27123022,  -1.6720498 ,  -1.1005619 ,   2.3231947 ,
     1.9343188 ,   4.141475  ,   2.109104  ],
 [-336.07547   ,  45.315033  ,  12.788191  ,   1.9325643 ,   3.7921124 ,
     2.6563025 ,   1.4205519 ,  -0.768471  ,  -5.3454604 ,  -1.6409048 ,
     5.1596475 ,   4.3864512 ,   0.04184294],
 [-334.98178   ,  54.03961   ,  27.573511  ,   6.3647013 ,  -0.28037012,
    -0.53026307,  -0.44155163,   1.9629436 ,   4.363782  ,   6.355174  ,
     2.6040068 ,  -0.12247762,  -1.0960908 ],
 [-331.5629    ,  56.06623   ,  23.235672  ,   2.71773   ,   0.6052238 ,
     2.5965247 ,   0.53509486,   0.17247674,   5.098338  ,   8.872682  ,
     5.4919415 ,  -0.7111909 ,  -3.601351  ],
 [-312.73834   ,  47.60936   ,  -1.0829898 , -10.534378  ,  10.40786   ,
     8.94659   ,  -6.616566  ,  -1.7647891 ,  -3.6222744 ,   4.2985334 ,
    -2.1649609 ,   3.7448506 ,   0.62771297],
 [-168.83586   ,  34.405907  ,  -6.9425077 , -23.518448  ,   8.005434  ,
     9.052918  , -13.799426  ,   1.053159  ,  -3.5185204 ,   9.795395  ,
    -2.6675358 ,  -5.192209  ,   4.864667  ],
 [-187.18062   ,  51.943066  ,   7.568429  ,  -2.8966494 ,  14.5126915 ,
    10.63319   , -17.505756  ,  -7.6966376 ,  -5.2024636 ,   7.1631536 ,
    -3.7210305 ,  -7.748805  ,   2.9177043 ],
 [-136.54222   ,  71.43228   ,  -0.6021051 ,   4.6282454 , -15.2290745 ,
    14.204804  , -20.775166  ,   1.1566958 , -16.64203   ,  15.010613  ,
     1.3016624 ,  -6.8764963 ,   8.601877  ],
 [-129.34978   ,  71.77583   ,  -0.6969277 ,  -2.967152  , -19.744764  ,
    19.91967   , -11.262134  ,  -1.7595294 , -20.10997   ,  13.373421  ,
     1.231462  ,  -4.8711495 ,   6.4819427 ],
 [-191.83118   ,  85.0213    ,   9.628498  ,   4.350993  , -11.08066   ,
    19.835737  ,  -6.674036  ,   2.5686    , -14.172077  ,  -0.32649937,
    -1.2279978 ,  -1.4687339 ,  10.861508  ],
 [-205.87126   ,  88.566     ,  19.605865  ,  25.988432  ,  -6.368249  ,
    12.421428  ,   3.4715037 ,  -1.9547622 , -11.024475  ,  10.80135   ,
    -8.668179  ,  -6.871339  ,   7.4511337 ],
 [-196.22662   ,  71.93345   ,  16.112438  ,  25.828354  ,   7.8084955 ,
    16.417654  ,   7.7124825 ,   3.489234  , -10.248484  ,   0.3677163 ,
   -13.1405945 ,  -7.726388  ,   1.9196529 ],
 [-187.0212    ,  70.770645  ,  16.811     ,  24.893902  ,  -5.368284  ,
    23.388874  ,   7.1733904 ,   0.51938844, -12.393013  ,  -1.8479061 ,
    -5.186924  ,  -5.882399  ,   4.9280434 ],
 [-192.94904   ,  71.09579   ,  11.111175  ,  26.481144  ,   1.3711247 ,
    26.992035  ,   8.467009  ,  -1.9642274 , -17.013458  ,  -2.396494  ,
    -4.6646194 ,  -5.931194  ,   5.1307983 ],
 [-188.87918   ,  75.71079   ,  10.600448  ,  18.242466  ,  -2.5652385 ,
    22.81533   ,   7.1297693 ,   0.11475158, -12.717921  ,  -1.7017896 ,
    -1.7997805 ,  -6.0005054 ,   3.546575  ],
 [-193.5961    ,  71.66123   ,   4.7487984 ,  19.37765   ,  -7.37125   ,
    26.04367   ,   8.200242  ,   0.22806183, -12.525656  ,  -1.2349906 ,
     0.6947581 ,  -6.174867  ,   1.8920953 ],
 [-194.22633   ,  70.390015  ,   7.7494354 ,  20.59353   ,  -4.7137547 ,
    24.37787   ,   7.9327893 ,  -0.9541987 , -16.700981  ,   2.409371  ,
    -1.8740287 ,  -8.361528  ,   3.9036546 ],
 [-196.51738   ,  75.040634  ,   4.9581523 ,  27.12819   ,  -9.928452  ,
    25.849419  ,   4.3884196 ,   1.4434503 , -17.001133  ,   2.1482043 ,
    -4.342767  ,  -5.869451  ,   4.3355627 ],
 [-202.7119    ,  76.16347   ,   9.232044  ,  24.730902  , -11.658373  ,
    24.434769  ,   6.930825  ,   0.36437368, -19.203064  ,   8.3567295 ,
    -3.0563107 ,  -6.751433  ,   5.6659126 ],
 [-213.63222   ,  75.69637   ,  13.040852  ,  23.154827  ,  -3.9639082 ,
    21.863525  ,  10.425209  ,  -0.2693324 , -20.23045   ,   5.9997587 ,
     0.28554916, -11.40842   ,   5.720767  ],
 [-218.14212   ,  77.817764  ,  16.302801  ,  26.134336  , -10.487634  ,
    19.690586  ,  15.684841  ,  -0.58662057, -19.68303   ,   7.2420225 ,
     1.7596897 , -13.1517315 ,   4.609713  ],
 [-227.22527   ,  86.8066    ,  12.136615  ,  25.162165  ,  -6.859643  ,
    10.360796  ,  15.299892  ,  -0.7603838 , -13.061466  ,   9.873528  ,
    -6.1662283 ,  -6.422418  ,   5.788951  ],
 [-140.73447   ,  66.30655   ,   9.442456  ,  -0.37329853, -20.8647    ,
    12.887685  ,  -8.481052  ,  -8.615799  , -11.664619  ,   8.217094  ,
     3.6252427 ,  -4.3070517 ,  10.544859  ],
 [-121.60553   ,  60.53274   ,  -9.459706  ,   2.8820682 , -19.075104  ,
    13.328725  , -15.386305  ,  -4.612172  ,  -1.7484832 ,  12.96081   ,
    -0.35745525, -10.592728  ,   8.6876745 ],
 [-115.41138   ,  52.306915  ,  -6.5995913 ,   1.8282769 , -19.396912  ,
    11.205029  , -10.3744755 ,  -0.8711698 ,  -3.4607224 ,   7.212584  ,
    -1.8569752 ,  -9.673778  ,   5.724552  ],
 [-108.41361   ,  46.679104  ,  -8.715874  ,  -0.75085783, -16.804592  ,
    11.297758  ,  -9.987436  ,  -0.04247916,   0.6615794 ,   2.969737  ,
    -2.3543892 ,  -8.5546465 ,   5.5575366 ],
 [-106.386696  ,  46.273575  , -12.778816  ,   0.4311638 , -18.428162  ,
     9.446025  ,  -8.858418  ,   0.2574042 ,   2.8933325 ,   6.302325  ,
    -3.3893485 ,  -7.8640294 ,   7.871243  ],
 [-107.69629   ,  44.087982  , -11.947239  ,   0.12542534, -15.808939  ,
     6.498159  , -10.079575  ,   0.32290733,   5.40979   ,   4.9874945 ,
    -4.173815  ,  -7.7196546 ,   9.63989   ],
 [-106.9088    ,  46.950645  , -11.480373  ,   2.399675  , -14.979015  ,
     6.6407113 ,  -9.5524435 ,   1.599931  ,   3.4394789 ,  -0.4730494 ,
    -6.1481566 ,  -5.477211  ,  10.3485985 ],
 [-103.12555   ,  40.507835  ,  -7.912092  ,   0.98186564, -16.344622  ,
     6.7273197 ,  -9.647166  ,   2.9696257 ,   2.1046462 ,   0.3115456 ,
    -4.7079086 ,  -6.7670097 ,   6.986314  ],
 [-104.97836   ,  39.667587  ,  -8.208448  ,   0.98807025, -17.028713  ,
     3.9340363 ,  -9.027937  ,   2.5213835 ,   4.8080273 ,   0.7847736 ,
    -4.0689363 ,  -4.154083  ,   9.526351  ],
 [-113.40471   ,  42.470257  ,  -5.578741  ,   5.748745  , -16.860043  ,
     2.077905  ,  -9.987076  ,   3.9654515 ,   2.674728  ,   0.32660294,
    -2.6406145 ,  -1.959013  ,   9.2498045 ],
 [-115.76779   ,  45.7136    ,  -5.900422  ,  11.596977  , -17.841812  ,
     3.3628023 , -12.326643  ,   2.0076587 ,  -0.3253013 ,   1.9234028 ,
    -6.3221054 ,  -1.2400603 ,   7.852463  ],
 [-114.415695  ,  48.20942   ,  -6.6197453 ,  13.555025  , -20.04446   ,
     2.6451108 , -17.422722  ,   4.3774433 ,  -2.986308  ,  -0.00596905,
    -2.621729  ,   2.1799579 ,   8.976534  ],
 [-130.46921   ,  51.761543  ,  -0.24927804,  17.740623  , -17.128082  ,
    -4.2404613 , -21.204456  ,   3.3021867 ,  -3.594029  ,   2.4241323 ,
    -1.4211354 ,   4.076045  ,   8.720121  ],
 [-158.57678   ,  51.05697   ,  12.0185585 ,  24.250362  ,  -6.1267924 ,
     4.1065736 , -19.90576   ,   3.7021346 ,  -9.269463  ,  -5.106721  ,
    -9.000992  ,  -1.9098642 ,  13.393929  ],
 [-160.2035    ,  52.203194  ,  13.2999525 ,  28.048376  ,  -3.3384721 ,
     4.5417347 , -20.238176  ,   1.1040125 , -10.6343    ,  -7.8802366 ,
    -9.415276  ,  -4.004209  ,  11.644871  ],
 [-164.94754   ,  52.81991   ,  15.791634  ,  30.243647  ,  -2.4006016 ,
     5.1306005 , -22.481346  ,   3.0951183 , -13.356932  ,  -8.901667  ,
    -6.6331606 ,  -4.4522343 ,  13.4404955 ],
 [-180.29419   ,  52.26886   ,  21.705467  ,  28.575373  ,  -1.1687471 ,
     5.6013002 , -18.692951  ,   2.5846343 , -12.482891  , -13.843159  ,
    -2.5755854 ,  -1.1981965 ,   8.372176  ],
 [-189.15768   ,  40.13701   ,  24.510662  ,  30.702908  ,  -4.776244  ,
    11.701073  ,  -7.402727  ,  -2.3707848 ,  -9.886551  ,  -7.8973455 ,
    -4.5589294 ,   4.238503  ,   5.0643787 ],
 [-166.30998   ,  33.330597  ,  18.373924  ,  24.863186  ,  -0.01995128,
     0.48287308,   5.330515  ,  -4.406389  , -15.399389  ,  -2.2154384 ,
     2.8570204 ,  -3.481179  ,   2.501123  ],
 [-174.01329   ,  33.50525   ,  27.446037  ,  37.079315  , -11.12741   ,
     2.8593605 ,   4.2141094 ,  -6.1052465 , -11.595671  ,  -7.4412975 ,
     0.33526373,  -6.387628  ,   7.4598465 ],
 [-178.69109   ,  34.33453   ,  29.751846  ,  32.639282  ,  -9.658213  ,
     7.037156  ,  -1.4714234 ,  -3.3873465 ,  -9.117959  ,  -4.814682  ,
     1.9280186 ,  -3.7892537 ,   6.8369293 ],
 [-178.91829   ,  31.591022  ,  33.7499    ,  36.26776   , -12.587183  ,
     8.7849    ,  -1.5466299 ,  -2.9864054 , -12.173279  ,  -3.3910556 ,
     1.0118382 ,  -4.2806835 ,   7.7097073 ],
 [-183.37514   ,  31.789406  ,  38.10244   ,  32.223465  , -12.705896  ,
    10.879887  ,   1.068033  ,  -3.612075  , -10.754635  ,  -3.839154  ,
     0.15591669,  -6.7318983 ,   6.1304975 ],
 [-176.19699   ,  29.513489  ,  37.88867   ,  28.699379  , -12.998753  ,
    12.507725  ,  -1.8033632 ,  -4.809519  , -10.129582  ,  -2.8213356 ,
     2.0207603 ,  -4.917081  ,   6.2659597 ],
 [-182.83775   ,  31.734678  ,  42.831856  ,  26.755154  , -14.122167  ,
    14.336911  ,  -1.6212978 ,  -2.314861  ,  -6.3531218 ,  -5.886518  ,
    -0.73859286,  -6.573257  ,   7.224596  ],
 [-183.6334    ,  33.256954  ,  40.97441   ,  25.595608  , -11.102961  ,
    14.723393  ,  -3.837588  ,  -4.8607097 ,  -5.0925198 ,  -2.0425594 ,
     0.96388054,  -6.637195  ,   7.678689  ],
 [-193.76878   ,  36.100105  ,  46.821846  ,  23.43819   ,  -8.751384  ,
    11.487499  ,  -1.3096277 ,  -3.1869402 ,  -3.3455014 ,  -5.193667  ,
    -0.23606753,  -7.1344066 ,   6.075366  ],
 [-204.84006   ,  39.83541   ,  52.13761   ,  28.68129   , -12.848433  ,
    10.345709  ,   2.4545608 ,  -1.1770197 ,  -7.244278  ,  -9.423535  ,
    -1.5879173 ,  -2.3513083 ,  12.3254595 ],
 [-198.50671   ,  36.193012  ,  40.28962   ,  32.34572   , -12.883932  ,
    12.712465  ,   3.080411  ,  -3.256295  , -11.215488  ,   1.4575226 ,
    -3.933989  ,  -6.122686  ,   3.421516  ],
 [-189.4536    ,  33.55729   ,  39.236313  ,  24.784035  , -12.6537    ,
    11.884898  ,  -0.26138648,  -1.1939716 , -10.189224  ,  -1.4667885 ,
    -6.363743  ,  -4.441491  ,   0.07267809],
 [-184.12408   ,  28.327816  ,  37.340233  ,  29.424099  , -12.374182  ,
    12.7556    ,  -3.9255702 ,  -0.8559277 , -11.593176  ,  -4.345413  ,
   -15.675728  ,  -4.893679  ,   4.5967083 ],
 [-184.35023   ,  27.448093  ,  39.49198   ,  28.172173  , -12.797466  ,
    10.767052  ,  -5.273984  ,  -4.4800806 , -16.875044  ,  -9.744655  ,
   -13.476     ,   2.0390592 ,  -0.6718917 ],
 [-183.83104   ,  25.723293  ,  38.27432   ,  24.470608  , -10.649947  ,
    14.162405  , -10.675169  , -11.060172  , -31.164272  ,  -2.234872  ,
   -14.164584  ,   2.8186772 ,  -1.8906202 ],
 [-207.58932   ,  38.430088  ,  45.6257    ,  15.312951  , -23.9957    ,
    -2.397424  , -14.741996  ,  -9.554464  , -24.72683   ,  -2.9398732 ,
   -10.98378   ,  -1.1018739 ,  -5.5684857 ],
 [-243.62288   ,  41.99064   ,  45.297264  ,  17.732914  , -17.309437  ,
    -3.6623945 , -18.954597  ,  -9.204577  , -13.9811325 ,   0.48357952,
   -16.631664  ,  -0.22791761,  -5.2372646 ],
 [-217.75887   ,   4.4019184 ,  18.430649  ,  23.267296  ,  -4.807681  ,
    -9.738453  ,   2.8956773 ,  -9.202974  , -21.05614   ,  -1.780731  ,
    -9.860504  ,  -3.848354  ,   0.7529073 ],
 [-275.60672   ,  12.059145  ,  26.631645  ,   8.413697  ,  -7.0636683 ,
     8.008635  ,  -4.0714874 ,   2.662315  ,  -8.006117  ,   9.44398   ,
    -2.154142  ,   3.9232895 ,  -6.143949  ],
 [-282.2044    ,  13.929919  ,  31.391514  ,   6.8910694 , -10.23575   ,
    -0.42002106,  -7.2803364 ,   4.395375  , -13.363348  ,   6.9645853 ,
    -6.229543  ,   3.5174057 ,  -2.3930516 ],
 [-297.84396   ,   5.33877   ,  31.717041  ,   7.6503477 ,  -9.281111  ,
     4.633131  ,   3.7679543 ,   5.8391085 ,  -8.756284  ,  10.966615  ,
   -14.945232  ,   1.2818702 ,  -1.2554278 ],
 [-304.89862   ,   1.8797543 ,  22.362722  ,   7.6938825 , -22.104145  ,
     6.957489  ,   5.087034  ,   4.5246    ,  -8.070013  ,  10.370676  ,
   -11.299661  ,   1.1772145 ,   1.5858994 ],
 [-301.10834   ,  13.387819  ,  27.647148  ,  15.25738   , -15.455943  ,
     5.2523184 ,   4.7747874 ,  -5.829188  , -15.861782  ,  11.36056   ,
    -8.875299  ,   8.110391  ,   5.5866146 ],
 [-309.7113    ,  18.215637  ,  14.935728  ,  16.780039  , -13.075912  ,
     4.447996  ,   4.3517475 ,   1.677488  ,  -8.640578  ,  11.579925  ,
    -4.4081917 ,  -4.107651  ,   3.5423136 ],
 [-318.44397   ,  27.241646  ,  17.505497  ,   6.9589596 ,  -6.9570346 ,
    14.16946   ,   4.8360815 ,   3.2458525 ,  -7.414693  ,   7.206696  ,
    -3.0918632 ,  -2.9089172 ,   2.1082797 ],
 [-327.1173    ,  23.167194  ,  16.11071   ,   6.4630523 ,  -8.396084  ,
     2.3676064 ,   8.618538  ,   5.347212  ,  -9.6875725 ,   7.344946  ,
    -2.9961882 ,   4.0111003 ,   0.10147524],
 [-333.1699    ,  32.76033   ,  12.131251  ,   8.441652  ,  -4.210113  ,
     4.37798   ,  12.570986  ,   5.581023  ,  -1.3181359 ,   4.797252  ,
    -5.265564  ,  -3.9511247 ,  -2.0047078 ],
 [-332.13864   ,  43.598915  ,  18.494535  ,   6.5603914 ,  -0.3881239 ,
     5.3102627 ,   6.667056  ,   1.0689689 ,  -7.097534  ,   0.91313744,
    -5.3682766 ,  -4.9997053 ,   0.8553498 ],
 [-339.3916    ,  38.518917  ,  18.07183   ,   4.0015078 ,  -4.591     ,
     5.5194154 ,   5.045576  ,  -0.7664357 ,  -2.0066783 ,   1.2863462 ,
    -2.9891202 ,  -0.7725049 ,  -2.7042305 ],
 [-338.8655    ,  48.299355  ,  22.107399  ,   3.9735463 ,  -3.815755  ,
    -0.5037495 ,   6.982549  ,   3.8977392 ,  -4.688098  ,  -5.0645485 ,
    -1.8882668 ,  -1.1678439 ,   0.30792016],
 [-349.08948   ,  38.227245  ,  19.602295  ,   7.1112404 ,   1.4477239 ,
    -1.3672017 ,  -1.537323  ,  -0.35854483,   1.252687  ,   4.484661  ,
     6.30627   ,   3.3391192 ,   0.94302034],
 [-349.3289    ,  39.11995   ,  20.8172    ,   5.9828215 ,  -0.12282944,
    -0.5297686 ,   0.90818095,   2.1623936 ,   2.3615618 ,   2.330116  ,
     2.9586012 ,   2.384072  ,  -1.0708234 ],
 [-345.04022   ,  42.84362   ,  19.768867  ,   3.2308536 ,   1.8279197 ,
     7.935794  ,   9.3387985 ,   2.959373  ,  -4.487323  ,  -6.3446574 ,
    -2.827691  ,   1.5511247 ,   3.8702946 ],
 [-348.09967   ,  42.831615  ,  27.025105  ,  10.555662  ,  -0.2264893 ,
    -4.1356163 ,  -3.1746368 ,   0.15547574,   3.482491  ,   4.7756586 ,
     3.7274067 ,   2.33527   ,   2.6746967 ],
 [-339.7625    ,  49.5987    ,  24.61998   ,   5.4335093 ,   1.2902031 ,
     5.8499155 ,   8.3531275 ,   5.5371923 ,   1.4978323 ,   0.05884457,
     0.9643785 ,   2.3043282 ,   3.234974  ],
 [-339.13205   ,  49.60546   ,  24.395046  ,   7.6377344 ,   4.9023113 ,
     6.586005  ,   6.243014  ,   6.6333623 ,   9.4108515 ,  10.375414  ,
     7.1728516 ,   3.3012044 ,   1.6212635 ],
 [-346.10773   ,  44.10676   ,  25.793198  ,   9.446496  ,   1.7769746 ,
     0.49861813,   0.55321705,   0.48403507,   1.6643107 ,   3.9880385 ,
     5.2169247 ,   4.1855807 ,   2.3288736 ],
 [-338.27005   ,  50.327972  ,  23.256012  ,   3.1566238 ,  -2.106586  ,
     1.1151304 ,   4.2242804 ,   2.878303  ,  -1.4345517 ,  -2.5698125 ,
     2.431528  ,   7.70299   ,   6.623618  ],
 [-338.5916    ,  48.172592  ,  19.706303  ,   2.8545375 ,   1.4245782 ,
     2.2838426 ,   0.70804954,   3.2286248 ,   9.865801  ,  11.302496  ,
     4.7832756 ,  -1.1111892 ,  -0.43246007],
 [-340.1333    ,  46.405266  ,  19.509289  ,   3.3765173 ,   0.8209749 ,
     2.238592  ,   0.84299195,  -1.7043612 ,  -0.05444273,   2.7013206 ,
     0.4828955 ,  -2.2523522 ,  -0.6292038 ],
 [-324.3198    ,  49.368015  ,  16.200277  ,   3.9821546 ,  -2.7354765 ,
    -1.7762225 ,  -2.9838538 ,  -0.33299088,  -3.4126036 ,   4.4455147 ,
     6.1037827 ,   2.2358806 ,   0.7240095 ],
 [-313.05475   ,  28.809544  ,  21.06446   ,   4.965009  ,   2.2713816 ,
    -0.8710413 ,  -3.4143853 ,   2.0323455 ,  -2.818497  ,   6.579014  ,
     4.9602385 ,   2.4490244 ,   0.6090143 ],
 [-306.27176   ,  28.334435  ,   9.3009815 ,   3.099208  ,   7.129387  ,
    -2.5895426 ,  -4.032971  ,   7.126999  ,  -7.4130206 ,   2.794745  ,
     6.2164245 ,   3.5492053 ,  -0.39355564],
 [-312.26263   ,  29.385525  ,  14.965874  ,   5.9341364 ,  -3.2355645 ,
    -5.2413955 ,  -4.631378  ,   6.8068104 ,   1.536035  ,   2.1323805 ,
     0.4423133 ,   0.07211558,   3.8824596 ],
 [-316.22006   ,  34.990814  ,  15.603014  ,   0.3033895 ,   7.234407  ,
     1.889365  ,  -2.8694606 ,   7.7660666 ,   0.65866375,   3.8246326 ,
     6.6307044 ,   2.3285015 ,  -1.8638377 ],
 [-311.33463   ,  37.47946   ,   9.575256  ,  -0.545243  ,   6.2785034 ,
    -2.435079  ,  -8.876825  ,   7.244751  ,  -3.0216036 ,  -0.62101483,
    -0.4208207 ,  -0.34528002,   0.48717052],
 [-325.42914   ,  29.706161  ,  10.638456  ,   6.506027  ,   3.9327354 ,
     2.6240022 ,   1.3796854 ,   8.631233  ,   1.6539948 ,  -1.927665  ,
     5.7166967 ,   5.2378516 ,  -2.1939707 ],
 [-325.4192    ,  43.621513  ,  15.143017  ,   3.3633099 ,   6.3445625 ,
     7.9514227 ,  -2.443212  ,  -0.19193044,  -1.7315047 ,   5.7263155 ,
     6.3549066 ,   2.607634  ,  -3.6513104 ],
 [-331.9567    ,  41.51893   ,   6.4094267 ,  -4.1845384 ,   0.9694556 ,
     6.56495   ,   2.5952535 ,   3.1036942 ,  -7.571846  ,  -1.5653715 ,
     6.435401  ,   0.454041  ,   1.0088351 ],
 [-335.24542   ,  49.03704   ,  20.865818  ,   1.5244083 ,   0.6753066 ,
     4.334994  ,   2.9293869 ,   6.225544  ,   4.900177  ,   5.2110004 ,
     0.6639941 ,   0.34877276,   1.2870343 ],
 [-336.7412    ,  46.674294  ,  14.000881  ,  -0.17338991,   1.6697025 ,
     3.3899837 ,   2.0681365 ,   0.10077596,  -0.8619132 ,   1.6378329 ,
     4.593224  ,   3.4771335 ,   2.0949583 ],
 [-331.74832   ,  53.875893  ,  18.814808  ,  -0.93757695,  -1.9286832 ,
     2.3642812 ,   5.0555067 ,   4.1810446 ,  -0.06556705,  -1.6049681 ,
     2.3358793 ,   4.74942   ,   2.081953  ],
 [-339.80255   ,  47.422123  ,  22.04232   ,   7.2206674 ,   3.267799  ,
     2.1541011 ,   2.9719524 ,   4.420696  ,   3.703251  ,   2.7827597 ,
     2.2848053 ,  -0.37145615,  -1.6620289 ],
 [-332.08292   ,  53.056477  ,  18.731686  ,   3.0317788 ,   5.7077107 ,
     6.3970256 ,   1.8154814 ,   1.9711013 ,   5.7407722 ,   4.831332  ,
     0.8650788 ,   0.06751344,   0.7638227 ],
 [-331.72583   ,  53.280884  ,  18.501356  ,   1.1160986 ,   1.7809459 ,
     5.338018  ,   5.2605295 ,   2.0561967 ,   0.5577828 ,   4.639309  ,
     7.7739077 ,   3.7413065 ,  -0.573879  ],
 [-332.78018   ,  53.126198  ,  17.844288  ,  -2.2029815 ,   1.38706   ,
    10.146854  ,   8.423271  ,   0.8897826 ,  -1.0392567 ,   2.8845687 ,
     4.6831126 ,   1.574889  ,  -1.6993937 ],
 [-336.74756   ,  47.89067   ,  14.603327  ,  -2.7559137 ,   1.424503  ,
    10.01605   ,   9.418729  ,   1.1578157 ,  -3.8448715 ,   1.1753951 ,
     8.847857  ,   7.658427  ,   0.15407562],
 [-335.12518   ,  47.662483  ,  10.94098   ,  -4.5433335 ,   4.743773  ,
    13.855298  ,   9.779269  ,   2.1901796 ,   0.34290135,   1.2247412 ,
     0.68844813,   0.2959204 ,   1.098453  ],
 [   0.        ,   0.        ,   0.        ,   0.        ,   0.        ,
     0.        ,   0.        ,   0.        ,   0.        ,   0.        ,
     0.        ,   0.        ,   0.        ],
 [   0.        ,   0.        ,   0.        ,   0.        ,   0.        ,
     0.        ,   0.        ,   0.        ,   0.        ,   0.        ,
     0.        ,   0.        ,   0.        ],
 [   0.        ,   0.        ,   0.        ,   0.        ,   0.        ,
     0.        ,   0.        ,   0.        ,   0.        ,   0.        ,
     0.        ,   0.        ,   0.        ],
 [   0.        ,   0.        ,   0.        ,   0.        ,   0.        ,
     0.        ,   0.        ,   0.        ,   0.        ,   0.        ,
     0.        ,   0.        ,   0.        ],
 [   0.        ,   0.        ,   0.        ,   0.        ,   0.        ,
     0.        ,   0.        ,   0.        ,   0.        ,   0.        ,
     0.        ,   0.        ,   0.        ],
 [   0.        ,   0.        ,   0.        ,   0.        ,   0.        ,
     0.        ,   0.        ,   0.        ,   0.        ,   0.        ,
     0.        ,   0.        ,   0.        ],
 [   0.        ,   0.        ,   0.        ,   0.        ,   0.        ,
     0.        ,   0.        ,   0.        ,   0.        ,   0.        ,
     0.        ,   0.        ,   0.        ],
 [   0.        ,   0.        ,   0.        ,   0.        ,   0.        ,
     0.        ,   0.        ,   0.        ,   0.        ,   0.        ,
     0.        ,   0.        ,   0.        ],
 [   0.        ,   0.        ,   0.        ,   0.        ,   0.        ,
     0.        ,   0.        ,   0.        ,   0.        ,   0.        ,
     0.        ,   0.        ,   0.        ],
 [   0.        ,   0.        ,   0.        ,   0.        ,   0.        ,
     0.        ,   0.        ,   0.        ,   0.        ,   0.        ,
     0.        ,   0.        ,   0.        ],
 [   0.        ,   0.        ,   0.        ,   0.        ,   0.        ,
     0.        ,   0.        ,   0.        ,   0.        ,   0.        ,
     0.        ,   0.        ,   0.        ],
 [   0.        ,   0.        ,   0.        ,   0.        ,   0.        ,
     0.        ,   0.        ,   0.        ,   0.        ,   0.        ,
     0.        ,   0.        ,   0.        ]]"
foto,dataset\foto\foto1.wav,"[[-336.7292    ,  46.622414  ,  14.83947   ,  15.672823  ,  -3.5756984 ,
    -6.8975897 ,   1.8194139 ,  -2.8064923 ,  -1.2862663 ,   3.3858762 ,
     2.4427476 ,   0.07090133,  -2.4334254 ],
 [-332.27072   ,  51.456528  ,  18.675333  ,  13.990456  ,  -8.437109  ,
    -5.149176  ,  10.4873905 ,  -4.0978675 ,  -5.121032  ,   3.6423454 ,
     3.6196632 ,   0.13639617,   0.12049544],
 [-338.0554    ,  49.2679    ,  15.65397   ,  15.170757  ,  -3.6278505 ,
   -10.5953245 ,   8.146053  ,   4.028103  ,  -2.1537085 ,   8.055997  ,
     0.9144614 ,  -8.710869  ,   1.1233032 ],
 [-345.27606   ,  47.095886  ,  15.682503  ,   7.439768  ,  -3.707196  ,
    -5.499634  ,   2.4149263 ,  -0.16671449,   0.4584334 ,   2.7708015 ,
    -2.9788737 ,   0.4005    ,   7.4219413 ],
 [-331.04276   ,  58.60149   ,  20.560595  ,  13.238236  ,  -2.736693  ,
    -5.468054  ,   7.72244   ,  -0.03388757,  -5.9923944 ,   3.245164  ,
     1.1006433 ,  -1.6368046 ,   1.4834262 ],
 [-336.8601    ,  47.45664   ,  12.507158  ,  14.200005  ,  -1.4953809 ,
    -3.079335  ,  10.9876    ,  -0.21186149,  -5.6710634 ,   1.7620071 ,
    -0.5959517 ,   1.7958491 ,   3.9854264 ],
 [-333.59293   ,  57.342518  ,  19.678555  ,   8.131828  ,  -6.0393715 ,
    -1.2172618 ,   7.0333066 ,  -6.889545  ,  -5.346462  ,   6.536974  ,
     2.3937595 ,   0.44065818,   1.8406851 ],
 [-337.76285   ,  48.390717  ,  11.364616  ,   6.655449  ,  -4.9297395 ,
     0.26192427,  11.7657585 ,  -0.6038636 ,  -2.3624053 ,   6.8024096 ,
     0.901638  ,  -2.5015676 ,   0.49793   ],
 [-329.12863   ,  56.988472  ,  15.925651  ,  14.121533  ,   1.986062  ,
    -2.6662812 ,   5.270162  ,  -0.68873405,  -0.30542874,   4.658551  ,
    -1.1970216 ,  -2.071772  ,   1.6711754 ],
 [-344.37363   ,  41.742195  ,  11.723371  ,  16.474394  ,   3.7671409 ,
    -4.557926  ,   3.0788329 ,  -3.0347915 ,  -0.19577312,  10.5334835 ,
     1.8099291 ,  -4.4987135 ,   0.4006374 ],
 [-339.0076    ,  48.422836  ,  15.410517  ,  15.051231  ,  -1.9142992 ,
    -8.83869   ,   6.17673   ,   2.3979306 ,  -5.027103  ,  -0.09559488,
     0.34950602,   1.6590207 ,   4.310541  ],
 [-339.7229    ,  46.684677  ,  11.298097  ,  15.206102  ,   9.378886  ,
     3.067593  ,  11.89999   ,   8.653061  ,   0.33258697,   1.1417341 ,
    -0.73227894,  -3.8609385 ,   1.4053999 ],
 [-334.51904   ,  51.63456   ,  15.897224  ,   9.378827  ,  -8.844896  ,
    -8.171085  ,   4.2120895 ,   3.8903918 ,   2.7257948 ,   1.7829955 ,
     0.05165652,  -1.6725276 ,   0.13222769],
 [-340.71027   ,  51.870636  ,  21.468597  ,  14.830704  ,   5.1003985 ,
     0.63726974,   1.4099655 ,  -0.64462763,   3.3738804 ,   9.541728  ,
    -0.7726414 ,  -4.8420897 ,   5.046691  ],
 [-338.8894    ,  49.28048   ,  13.895184  ,   9.066024  ,  -4.206658  ,
    -6.519872  ,   4.923855  ,   1.7706854 ,  -1.7660149 ,   1.1126858 ,
    -0.31821838,  -0.08534405,   0.8561033 ],
 [-337.06595   ,  56.57773   ,  21.295584  ,   6.0175767 ,  -3.0469394 ,
     2.70399   ,   8.146704  ,   2.3643227 ,   0.9213039 ,   7.4250445 ,
     3.2436922 ,  -0.47754493,   4.054776  ],
 [-333.19202   ,  55.801155  ,  14.615383  ,   5.517209  ,  -1.548831  ,
    -0.47138563,   5.2794247 ,   4.258113  ,   1.5667483 ,   0.19577813,
     4.850628  ,   4.773289  ,  -0.8554461 ],
 [-342.40698   ,  50.899815  ,  23.860306  ,  12.965169  ,  -2.3409126 ,
    -0.80457366,   5.2296987 ,   4.6825275 ,  -0.30846643,  -4.3719883 ,
     0.02899116,   2.0642552 ,   0.5460077 ],
 [-346.55045   ,  45.89212   ,  15.930662  ,   7.747443  ,   1.7189413 ,
     4.820038  ,  11.669598  ,   8.848002  ,   5.9481874 ,   5.5348496 ,
     1.1949811 ,  -1.1734712 ,   2.5668383 ],
 [-337.92148   ,  56.72462   ,  22.368656  ,  11.185863  ,  -1.2082461 ,
    -4.5073705 ,   2.290449  ,  -0.9231289 ,  -1.1639524 ,   1.14189   ,
    -4.415868  ,  -0.6701179 ,   6.982196  ],
 [-346.5332    ,  44.17998   ,  19.69208   ,  14.448864  ,  -4.4878435 ,
    -2.9654284 ,   6.33502   ,  -2.96398   ,  -1.2890515 ,   5.548601  ,
     1.0862763 ,  -0.32316953,   0.196111  ],
 [-332.9675    ,  57.583664  ,  20.762611  ,   8.027765  ,  -6.845216  ,
    -8.195494  ,   5.563213  ,   3.6838672 ,  -6.626646  ,   4.027038  ,
     4.6318784 ,  -2.7066793 ,   1.0713177 ],
 [-335.39703   ,  50.28983   ,  16.012234  ,  11.5698    ,  -4.391034  ,
    -3.6520283 ,   7.3078556 ,  -1.9785004 ,  -3.1029634 ,   7.8821363 ,
     0.44001278,  -2.6666307 ,  -0.06854722],
 [-331.80704   ,  55.227814  ,  16.994759  ,  14.24445   ,   2.391223  ,
    -2.227518  ,   5.7838154 ,   4.082985  ,  -1.57511   ,  -0.7797843 ,
     1.4302052 ,   1.3133999 ,   3.5055442 ],
 [-335.22693   ,  53.128834  ,  16.8095    ,  11.67996   ,  -0.91415244,
    -1.024201  ,   8.350014  ,  -1.8113165 ,  -8.440332  ,   1.3165554 ,
     3.778276  ,   0.5632611 ,   4.7301946 ],
 [-332.6456    ,  58.70151   ,  20.58057   ,   7.4414787 ,  -7.50359   ,
    -5.1849585 ,   4.738661  ,   0.6625978 ,  -0.01942527,   4.770177  ,
     2.3732762 ,  -1.1670691 ,   2.9542403 ],
 [-334.9065    ,  47.745697  ,  11.567209  ,  10.098192  ,  -4.652694  ,
    -1.5707617 ,   9.9241495 ,  -0.08782744,  -4.541466  ,   1.2706617 ,
     2.9982035 ,   3.3698394 ,   4.7820034 ],
 [-335.98077   ,  46.211597  ,   6.9082527 ,   4.364443  ,  -4.7498775 ,
    -8.034426  ,  -4.0588074 ,   2.1106052 ,   5.0522738 ,   2.129057  ,
     2.211354  ,  -1.3317603 ,  -2.9744866 ],
 [-328.99277   ,  56.45293   ,  19.160032  ,  14.344879  ,   0.58735216,
    -1.1374087 ,   6.6293144 ,   0.93157935,  -3.877054  ,   2.808565  ,
    -1.7049646 ,  -1.6838448 ,   3.0593834 ],
 [-331.57288   ,  55.070892  ,  18.525345  ,   5.7299924 ,  -5.793654  ,
    -5.7538276 ,   0.37812746,   4.014977  ,   0.956104  ,   3.3350174 ,
     0.9353984 ,   1.764113  ,   1.2880833 ],
 [-338.51514   ,  47.794186  ,  20.200687  ,  12.659545  ,   0.742566  ,
    -5.3797565 ,  -4.9582686 ,   2.3506668 ,   0.13060641,   6.18248   ,
     0.7928065 ,   0.5791549 ,   1.8790466 ],
 [-331.50748   ,  48.507755  ,  12.575058  ,   7.6650724 ,   7.0363655 ,
     3.3477836 ,   8.01461   ,   6.429183  ,  -2.9135528 ,   5.666057  ,
    -3.3766322 ,  -4.90757   ,  -3.2285018 ],
 [-327.30423   ,  46.929134  ,  16.649565  ,   0.3722659 ,  -0.31523216,
    -4.6491337 ,   7.307569  ,  -2.4449587 ,  -7.9129343 ,   0.5477051 ,
     0.60373163,   0.70111185,   5.536709  ],
 [-322.68094   ,  37.672173  ,  20.886086  ,  -1.5239302 ,   8.389175  ,
    -2.693763  ,  11.939681  ,  -3.6521592 ,   2.936118  ,  -0.6897593 ,
     2.900058  ,   1.6682491 ,   4.037238  ],
 [-300.6859    ,  31.500952  ,  20.153717  ,  -1.7554563 ,   9.625368  ,
    -6.683095  ,   4.6589255 ,   3.977057  ,   1.6980433 ,  -1.6413941 ,
     3.235735  ,  -0.8765859 ,   1.2906704 ],
 [-295.9344    ,  24.194466  ,  19.344755  ,   0.03798729,  10.8615265 ,
    -4.356797  ,  12.289373  ,   5.5716543 ,   4.0918646 ,   4.2471733 ,
     3.6703796 ,  -0.8663871 ,   4.812763  ],
 [-286.61414   ,  25.349186  ,  24.69371   ,   1.2579947 ,   7.7284746 ,
    -1.5028577 ,   3.181995  ,  -4.3694825 ,   8.630159  ,   0.80753136,
    -2.145609  ,   3.2932582 ,   4.691268  ],
 [-281.2422    ,  11.958391  ,  22.966236  ,   5.1773047 ,   7.334413  ,
    -4.488072  ,   6.890511  ,  -3.1007907 ,   9.199646  ,  -1.087811  ,
     0.30635232,   3.4941971 ,   1.8021286 ],
 [-277.5972    ,   3.7727191 ,  18.702927  ,   5.1747446 ,  17.439327  ,
    -5.492868  ,  -3.672736  ,  -9.588849  ,  -0.9422194 ,  -1.0982285 ,
    -0.6179297 ,  -0.00565683,   2.9864433 ],
 [-273.46396   ,   9.282284  ,  18.063679  ,   6.3563023 ,   9.235438  ,
    -4.262207  ,   9.291115  ,  -0.93341124,   5.796846  ,  -0.28878582,
     4.3326464 ,   1.2313906 ,   1.0845087 ],
 [-263.4602    ,  12.191559  ,  20.49395   ,  -0.5373558 ,  15.548219  ,
     1.4305959 ,   5.790082  , -10.602827  ,   3.574019  ,   2.6322122 ,
    -4.0132685 ,  -1.195687  ,  -1.8303277 ],
 [-267.40704   ,   2.8296955 ,  19.97113   ,  12.881752  ,  10.213278  ,
    -5.7580547 ,   3.4072363 ,  -4.9210916 ,  11.531452  ,   3.8750648 ,
     0.0634923 ,  -6.1186323 ,  -1.2422807 ],
 [-237.85242   ,  10.544377  ,  13.474237  ,   3.7242959 ,   8.484174  ,
    -1.423487  ,  -0.7938583 ,  -5.0421715 ,   7.5470243 ,  -1.4413449 ,
     7.623147  ,   0.53887004,  -0.34759808],
 [-254.84726   ,  39.6241    ,  10.703353  ,   3.5530405 ,   6.590786  ,
     1.3735164 ,  -1.6503587 ,  -7.981987  ,  -2.9499729 ,  -2.485076  ,
     4.6703157 ,   2.1108391 ,   7.0670557 ],
 [-178.12706   ,  81.01419   ,  17.91048   , -10.298758  , -18.439816  ,
     7.3088574 ,  -4.2444777 ,  -1.9269546 ,  -7.199039  ,  -1.185081  ,
     5.1635613 ,  -1.5845516 ,   7.721872  ],
 [-167.36436   ,  84.29979   ,   8.865699  , -10.232189  , -29.212673  ,
    14.093098  ,  -4.810677  ,  -2.2755344 ,  -8.278971  ,   1.9147322 ,
     0.53846884,  -4.5726385 ,   9.015203  ],
 [-147.91542   ,  73.5589    ,   9.185169  , -12.587072  , -30.437256  ,
    15.933629  ,  -2.9855745 ,  -1.1755631 ,  -9.564159  ,   3.436225  ,
    -1.2508125 ,  -4.784945  ,  10.229122  ],
 [-156.39091   ,  83.672386  ,   5.1534963 , -11.136477  , -32.72609   ,
    16.73162   ,  -3.7012343 ,  -1.0163672 ,  -7.7019596 ,   0.48065376,
     0.21110153,  -5.0448313 ,   9.819732  ],
 [-154.30832   ,  79.41674   ,   8.483061  ,  -9.825524  , -32.99644   ,
    17.558296  ,  -7.9540043 ,   1.1248593 ,  -9.4196005 ,  -1.1044106 ,
     2.4073038 ,  -6.2346106 ,   9.9092045 ],
 [-164.11632   ,  83.32883   ,  12.115617  , -13.526314  , -26.167797  ,
    13.982388  ,  -4.0804396 ,  -3.9670317 ,  -8.410936  ,   0.04054928,
     2.090518  ,  -4.3182025 ,   9.368828  ],
 [-162.04527   ,  76.426605  ,  16.43723   , -15.397871  , -26.995071  ,
    18.771856  ,  -7.720694  ,  -5.259075  ,  -7.1458063 ,   3.037569  ,
    -0.13832474,  -3.4426534 ,   9.309939  ],
 [-167.79974   ,  78.03909   ,  16.025955  , -14.644516  , -20.257362  ,
    15.511266  , -12.251062  ,  -5.8181915 ,  -2.9772143 ,   1.8131242 ,
     1.7638113 ,  -4.511292  ,   4.723445  ],
 [-159.54076   ,  66.380646  ,  14.54272   ,  -1.0205333 , -21.578732  ,
    12.202694  , -12.5109005 , -10.816903  ,  -4.5692387 ,   5.421852  ,
    -3.2258604 ,  -3.7039304 ,  10.3616495 ],
 [-175.99649   ,  63.9126    ,  21.136791  ,  12.225672  , -17.915127  ,
    13.7243595 , -23.034098  ,  -8.478043  , -13.347498  ,   5.726863  ,
    -2.405445  ,   1.9955918 ,  10.25068   ],
 [-240.81194   ,  66.34436   ,  27.41512   ,  15.904426  , -14.878847  ,
     6.9253435 ,  -4.218315  ,   4.7339277 ,  -4.346882  ,   7.486236  ,
    -3.67148   ,  -4.355268  ,   6.5209675 ],
 [-263.5647    ,  60.200493  ,  10.918777  ,   6.7867546 , -13.507358  ,
     4.5524015 ,  -8.745966  ,  -6.675503  , -15.983955  ,  -0.33350968,
    -2.515397  ,   3.523569  ,   6.901311  ],
 [-295.45227   ,  42.60844   ,   9.839195  ,   5.8245935 , -11.369506  ,
     0.11603189,  -2.664523  ,  -6.0818815 , -10.334442  ,   4.3332863 ,
    -4.5482006 ,  -3.399858  ,   4.133135  ],
 [-294.2147    ,  55.881733  ,  10.230164  ,   3.9454997 , -16.844757  ,
    -2.7351768 ,  -0.11832702,  -3.0082374 , -12.275942  ,  -0.4024098 ,
     0.5899019 ,   4.4957304 ,   7.0307293 ],
 [-316.55118   ,  48.98369   ,  18.102102  ,  10.616097  ,  -6.2328157 ,
     2.5739346 ,  -5.5653615 ,  -5.591067  ,  -7.69417   ,   9.680584  ,
     2.78168   ,  -2.5483809 ,   3.9009361 ],
 [-330.5354    ,  49.875763  ,  16.47747   ,   7.641924  ,  -3.0041595 ,
     4.136218  ,   3.40941   ,  -1.2092085 ,  -3.5365326 ,   1.3131441 ,
     3.3290439 ,   3.774908  ,   5.5031075 ],
 [-336.62933   ,  52.45877   ,  20.637333  ,   6.322579  ,  -7.8519454 ,
     5.634519  ,   9.7146225 ,  -0.3337533 ,  -0.6145315 ,   2.1412675 ,
     2.2672057 ,   2.329168  ,   1.3181142 ],
 [-342.20255   ,  51.7493    ,  26.80021   ,  11.362085  ,   0.36426714,
     1.4795996 ,   4.9161825 ,   0.7571774 ,  -9.513052  ,   0.63122845,
     2.336569  ,   4.4164596 ,   2.0721796 ],
 [-288.79733   ,  32.691654  ,   4.644604  ,  16.203617  ,  -9.321973  ,
    10.910668  ,   3.2431397 ,   4.22694   ,  -1.9553272 ,   0.41326943,
    -0.7573544 ,  -1.1372477 ,   1.8038093 ],
 [-170.29675   ,  55.8768    ,  11.903388  ,   3.7227993 , -15.664678  ,
    16.523277  , -15.378555  , -10.02935   , -10.644352  ,   2.7015452 ,
     1.6356676 ,  -0.34544674,   9.358126  ],
 [-161.55641   ,  62.01419   ,  10.858648  ,  -0.43052292, -20.980362  ,
    18.490778  ,  -8.121621  , -12.975199  , -14.622011  ,   1.6679068 ,
     4.4942307 ,  -5.283715  ,   3.610332  ],
 [-169.34709   ,  60.523094  ,  13.746126  ,  -2.2832043 , -23.678547  ,
    19.082005  ,  -8.0170965 ,  -9.147581  , -12.8963585 ,   1.0705686 ,
     4.8076243 ,  -2.4922094 ,   5.2444634 ],
 [-178.30278   ,  60.31019   ,  19.60204   ,  -0.7857517 , -25.89381   ,
    17.511978  ,  -5.5066986 ,  -5.3459835 ,  -8.126354  ,  -1.9417462 ,
    -0.94597435,  -4.199898  ,   9.74559   ],
 [-182.27837   ,  63.64781   ,  26.2468    ,  -3.2984223 , -27.904839  ,
    17.11265   ,  -1.5920303 ,  -2.3886764 ,  -9.151379  ,  -4.999617  ,
    -0.52695227,  -6.237009  ,  11.03837   ],
 [-184.52744   ,  67.470505  ,  23.95631   ,  -1.6092806 , -27.259945  ,
    16.408703  ,  -0.74315137,  -1.6833091 ,  -6.9535227 ,  -8.951799  ,
    -1.3750634 ,  -9.15723   ,  10.567959  ],
 [-198.38043   ,  69.82616   ,  28.007824  ,   3.6926978 , -22.64834   ,
    13.51306   ,  -1.8728161 ,  -3.360968  ,  -5.5775337 ,  -7.4232235 ,
    -2.3870301 , -10.151569  ,   8.239559  ],
 [-212.03687   ,  73.46945   ,  24.802362  ,   0.18905443, -18.05065   ,
    15.6940975 ,  -0.31559575,   0.57986796,  -4.6797457 ,  -9.602682  ,
    -1.8852    ,  -7.973496  ,   8.265989  ],
 [-222.49638   ,  73.807465  ,  28.89117   ,   3.5432973 , -22.553108  ,
     9.247376  ,   3.4036403 ,  -6.567556  ,   0.98472315,  -8.009775  ,
    -2.4089847 ,  -2.8247194 ,   8.646503  ],
 [-258.82214   ,  67.59299   ,  27.878162  ,   9.605652  , -10.751499  ,
    16.935863  ,   4.5632944 ,   8.986803  ,  -4.699581  ,  -5.1253314 ,
     2.1152053 ,  -6.2275796 ,   2.835616  ],
 [-271.33835   ,  67.27847   ,  22.456562  ,  11.21782   , -12.16052   ,
    15.081024  ,   3.9446313 ,   1.8694563 ,  -8.847757  ,  -2.3615913 ,
     1.5626704 ,  -2.4889424 ,   3.9482465 ],
 [-298.81854   ,  52.95993   ,  21.92569   ,   7.963392  , -13.25013   ,
     3.801752  ,   2.9224396 ,  -1.0120269 , -14.765245  ,  -0.730937  ,
    -0.7345419 ,   1.4501517 ,   4.1347303 ],
 [-307.9582    ,  46.065475  ,   9.901515  ,  -1.4585315 , -17.505299  ,
     3.6526556 ,   5.767309  ,   0.6125328 , -10.281504  ,   1.779181  ,
     1.8152053 ,  -1.826314  ,   5.860609  ],
 [-318.28778   ,  47.427658  ,  22.868256  ,  12.756495  , -14.238928  ,
     1.0501502 ,   5.025645  ,  -4.5994377 , -10.587957  ,   4.8108177 ,
     2.4450972 ,  -0.5452063 ,   0.5252826 ],
 [-316.86615   ,  43.397247  ,  10.362696  ,  10.394075  , -13.285873  ,
     5.752823  ,   5.162895  ,  -6.7951384 , -10.9355755 ,  -0.9277747 ,
     1.9112875 ,   1.307776  ,   2.5123503 ],
 [-331.3929    ,  36.41278   ,  15.003973  ,   3.5301545 ,  -9.755928  ,
     3.7422035 ,  11.504776  ,   0.45198178,  -5.16538   ,  -1.3523769 ,
    -5.922799  ,  -6.0717173 ,  -1.0996926 ],
 [-324.6213    ,  52.37638   ,  22.878242  ,  10.455971  ,  -8.332939  ,
     0.8855797 ,  10.768931  ,  -1.6537056 ,  -6.4614544 ,  -1.7105765 ,
    -3.0784276 ,   1.1413614 ,   1.7100027 ],
 [-335.262     ,  50.590298  ,  18.305332  ,   8.46918   ,  -5.8919926 ,
    -3.5823035 ,   7.551615  ,   5.8610096 ,   3.5212555 ,   2.6394382 ,
    -1.8565851 ,  -3.543307  ,   1.7401072 ],
 [-334.66376   ,  53.55625   ,  18.914879  ,   8.396811  ,   0.53071886,
    -0.42287445,  -0.89506483,  -3.5228066 ,  -0.80391824,   4.604566  ,
     2.6965005 ,   0.11885719,  -2.8979723 ],
 [-333.97906   ,  52.091652  ,  15.77787   ,   3.2788692 ,  -1.295708  ,
     4.0450163 ,   4.9821577 ,   6.835354  ,  -2.0258756 ,   4.8145103 ,
     4.174491  ,  -3.468128  ,   2.8531225 ],
 [-337.0202    ,  55.172924  ,  18.547924  ,   5.898281  ,  -7.4911933 ,
    -5.8058443 ,   4.2515936 ,  -1.6435548 ,   1.3550231 ,  10.181648  ,
    -0.65144897,  -4.1561894 ,   4.1267242 ],
 [-338.0855    ,  52.945694  ,  14.663008  ,   6.132243  ,   0.17708874,
     3.3614693 ,  12.097531  ,   1.9295253 ,  -4.6138473 ,   3.4977875 ,
     3.8062978 ,  -0.06905281,   0.656939  ],
 [-339.2192    ,  50.411304  ,  10.702041  ,   0.4113139 ,  -6.4890976 ,
    -1.5627873 ,  10.27997   ,   5.4528217 ,   2.7841415 ,   7.0782843 ,
     1.3478146 ,  -3.1759055 ,   1.3955646 ],
 [-346.44336   ,  49.29697   ,  17.252758  ,   4.257251  ,  -2.7025464 ,
    -0.32713926,   7.7396317 ,   3.5660334 ,  -0.45100355,   3.398512  ,
     1.1724799 ,  -0.9401035 ,   3.5280654 ],
 [-351.4363    ,  38.179848  ,   6.1058693 ,   2.6350732 ,   1.7035515 ,
     3.4064698 ,   7.0017786 ,  -1.0251353 ,  -1.4827486 ,   6.5524273 ,
     0.87638485,  -4.338879  ,   1.3811132 ],
 [-342.50772   ,  48.437862  ,  18.678127  ,  15.704134  ,  -3.0962186 ,
   -13.901936  ,   0.23231544,   1.3194376 ,  -0.87068146,   7.461752  ,
     2.7135386 ,  -5.6559134 ,  -2.5402627 ],
 [-349.7233    ,  45.041557  ,  16.196026  ,   9.438847  ,   5.2043533 ,
     2.558651  ,   3.4171467 ,  -2.5721586 ,  -2.4195666 ,   5.0855036 ,
     0.6352024 ,  -5.4016547 ,  -0.84951663],
 [-341.5122    ,  49.14303   ,  19.068995  ,  13.363058  ,  -3.7762885 ,
    -7.8100467 ,   6.596922  ,   4.5386887 ,  -2.5330582 ,   1.8894894 ,
    -1.691046  ,  -3.6279173 ,   1.7693098 ],
 [-355.12936   ,  35.315117  ,  13.234461  ,  10.552514  ,   0.96837604,
     2.811408  ,   9.415123  ,   1.4485295 ,  -5.726269  ,  -3.5073771 ,
    -6.393019  ,  -2.714346  ,   5.098703  ],
 [-339.25528   ,  48.090836  ,  16.98592   ,  14.497974  ,  -1.7058562 ,
    -1.6250122 ,   7.4491634 ,  -4.593816  ,  -4.016244  ,   5.356875  ,
    -2.621624  ,  -0.25245792,   5.8904915 ],
 [-349.58438   ,  42.161743  ,  16.552525  ,   7.2315044 ,   0.8771905 ,
    -0.23814449,   5.2193613 ,   0.250022  ,   5.6914144 ,   7.856079  ,
     4.6888323 ,  -0.53502274,  -0.23674583],
 [-342.44412   ,  46.769184  ,  30.388279  ,  19.037676  ,  -3.5804105 ,
    -3.922719  ,   7.5438385 ,   4.5100217 ,   2.1124282 ,   5.1444826 ,
    -5.270341  ,  -3.4167    ,   5.685766  ],
 [-341.91147   ,  32.03855   ,  18.904987  ,  14.448107  ,   5.5275316 ,
     2.7584107 ,  11.507767  ,  -0.88146794,  -2.7407598 ,   3.7356615 ,
    -1.2127662 ,  -3.393706  ,   3.8388133 ],
 [-342.4063    ,  49.615307  ,  17.264286  ,   9.3167305 ,  -2.532009  ,
    -3.2357242 ,   4.541751  ,  -3.0989783 ,  -5.1966634 ,   1.6140897 ,
     1.2662036 ,   1.8078697 ,  -0.30607003],
 [-344.29672   ,  41.28419   ,  17.607834  ,   9.802121  ,   1.8593929 ,
     1.972353  ,   5.532466  ,  -1.9386296 ,  -2.7500963 ,   8.884272  ,
     0.21702754,  -3.9637973 ,   2.688733  ],
 [-343.8292    ,  43.742638  ,  12.338182  ,   7.8110895 ,  -4.2762713 ,
    -0.00062305,  10.309708  ,  -1.8866512 ,  -1.3312843 ,   9.73576   ,
     1.3829467 ,  -1.1191716 ,   2.6413128 ],
 [-349.3406    ,  36.825184  ,   6.51508   ,   6.4305696 ,  -3.796442  ,
    -6.1123633 ,   0.9842384 ,  -7.4911647 ,  -3.1693244 ,  10.50687   ,
     2.1819854 ,  -2.8712056 ,   1.9031612 ],
 [-351.33316   ,  40.90788   ,  17.918633  ,  14.06812   ,   0.98743004,
    -1.7653475 ,   4.426755  ,  -3.367721  ,  -3.0250268 ,   5.809076  ,
    -1.2525266 ,  -2.8191822 ,   2.9107404 ],
 [-353.62042   ,  41.987083  ,  21.926403  ,  13.412867  ,  -4.2164416 ,
    -6.623803  ,  -0.15454325,  -4.0044227 ,   0.9371096 ,   7.474638  ,
    -0.9152551 ,  -3.4335234 ,   1.5779152 ],
 [-349.9835    ,  41.83823   ,  19.475288  ,  17.696398  ,   3.7698138 ,
     1.6090903 ,   6.024122  ,  -0.42043278,   4.716812  ,  10.806813  ,
     3.3209243 ,  -1.2565581 ,  -1.3274951 ],
 [-345.56232   ,  48.413727  ,  19.024502  ,  10.315128  ,  -0.56020737,
    -2.8097825 ,   3.2047162 ,  -2.704824  ,  -2.1941304 ,   3.8072689 ,
    -0.9390706 ,  -1.6680773 ,   4.3561206 ],
 [-354.56125   ,  36.08837   ,  14.056929  ,  10.522239  ,  -1.4081442 ,
    -3.1013904 ,   6.270401  ,   1.775278  ,   0.03445104,   8.758275  ,
     3.353705  ,   0.61766374,   0.6464697 ],
 [-342.76602   ,  49.721153  ,  13.921562  ,   4.065107  ,  -2.5866613 ,
    -3.6552842 ,   2.9597824 ,   0.30962336,  -0.9331321 ,   5.3017025 ,
     2.3990297 ,  -5.0440345 ,  -3.7046213 ],
 [-350.8843    ,  43.653748  ,  11.093425  ,   1.127028  ,   2.0379367 ,
     4.230671  ,   7.60498   ,   4.328393  ,   0.5802375 ,   4.677828  ,
     4.5151796 ,  -2.2506142 ,  -2.1362867 ],
 [-343.66943   ,  46.151695  ,  19.793922  ,  15.282363  ,   0.5990486 ,
    -6.557417  ,   5.987792  ,   2.0569854 ,  -0.873464  ,   4.0991464 ,
    -3.2857985 ,  -2.7278712 ,   4.1965218 ],
 [-351.41095   ,  42.03856   ,  16.886189  ,  12.514467  ,   0.83509755,
    -6.1085167 ,   4.8295236 ,   5.743931  ,  -0.04955614,   3.445662  ,
     1.2808578 ,  -4.510055  ,   1.2777236 ],
 [-347.2454    ,  44.06974   ,  15.843289  ,  11.118356  ,  -0.36243862,
    -1.1676803 ,   6.987374  ,   1.0190829 ,  -1.5890591 ,   3.6319041 ,
     2.5963383 ,   0.31597254,   2.0552144 ],
 [-352.85413   ,  42.66291   ,  16.545256  ,   4.3786745 ,  -8.22909   ,
    -5.169526  ,   8.645851  ,   5.9818125 ,   1.81964   ,   4.4910173 ,
     0.23055804,  -1.2984977 ,   1.618709  ],
 [-345.13663   ,  45.90345   ,  15.733369  ,   8.154909  ,  -3.9628587 ,
    -1.7295992 ,   8.403819  ,   0.4929217 ,  -2.7875872 ,   3.9429958 ,
    -2.034563  ,  -4.3087626 ,   0.80399406],
 [-348.55472   ,  42.734528  ,  17.054752  ,  14.686064  ,  -1.5052118 ,
    -6.800207  ,   6.6456194 ,   2.997825  ,  -0.4205361 ,   8.80914   ,
     4.692295  ,  -1.9633706 ,   2.668517  ],
 [-343.92105   ,  46.990173  ,  16.454624  ,   8.680633  ,  -9.036334  ,
    -8.768906  ,   7.5776286 ,   1.9699571 ,  -0.57500523,   6.5822754 ,
     0.49906945,  -0.9235761 ,   3.980446  ],
 [-342.5424    ,  45.775238  ,  12.186916  ,   7.0395894 ,  -6.138256  ,
    -4.244595  ,   9.243813  ,   2.5281239 ,   4.164232  ,  12.333815  ,
     3.2414894 ,   1.2125239 ,   5.1186895 ],
 [-348.27612   ,  43.23799   ,  18.875835  ,  15.708412  ,   2.1603377 ,
     1.6659636 ,   5.3264756 ,  -3.9653258 ,  -0.38917816,   4.139871  ,
    -1.6633134 ,   0.81374127,   5.913686  ],
 [-339.90613   ,  52.357704  ,  22.774359  ,  15.614601  ,  -4.1580076 ,
    -5.533223  ,   8.767848  ,  -0.21941367,  -1.8774061 ,   8.939061  ,
     2.4195411 ,  -2.1450174 ,   2.8960578 ],
 [-351.63367   ,  42.57034   ,  19.550781  ,  11.069479  ,  -2.3755388 ,
    -0.18074985,   6.822513  ,  -3.1924124 ,  -6.281018  ,   1.2878528 ,
    -1.9344822 ,  -1.3278247 ,   3.5524497 ],
 [-344.45474   ,  52.561356  ,  23.150597  ,   9.528179  ,  -1.8282588 ,
    -5.4008627 ,   0.8816162 ,   4.2347813 ,   1.8080658 ,   1.8996645 ,
     0.25246364,   0.07890927,   2.0832663 ]]","[[-336.7292    ,  46.622414  ,  14.83947   ,  15.672823  ,  -3.5756984 ,
    -6.8975897 ,   1.8194139 ,  -2.8064923 ,  -1.2862663 ,   3.3858762 ,
     2.4427476 ,   0.07090133,  -2.4334254 ],
 [-332.27072   ,  51.456528  ,  18.675333  ,  13.990456  ,  -8.437109  ,
    -5.149176  ,  10.4873905 ,  -4.0978675 ,  -5.121032  ,   3.6423454 ,
     3.6196632 ,   0.13639617,   0.12049544],
 [-338.0554    ,  49.2679    ,  15.65397   ,  15.170757  ,  -3.6278505 ,
   -10.5953245 ,   8.146053  ,   4.028103  ,  -2.1537085 ,   8.055997  ,
     0.9144614 ,  -8.710869  ,   1.1233032 ],
 [-345.27606   ,  47.095886  ,  15.682503  ,   7.439768  ,  -3.707196  ,
    -5.499634  ,   2.4149263 ,  -0.16671449,   0.4584334 ,   2.7708015 ,
    -2.9788737 ,   0.4005    ,   7.4219413 ],
 [-331.04276   ,  58.60149   ,  20.560595  ,  13.238236  ,  -2.736693  ,
    -5.468054  ,   7.72244   ,  -0.03388757,  -5.9923944 ,   3.245164  ,
     1.1006433 ,  -1.6368046 ,   1.4834262 ],
 [-336.8601    ,  47.45664   ,  12.507158  ,  14.200005  ,  -1.4953809 ,
    -3.079335  ,  10.9876    ,  -0.21186149,  -5.6710634 ,   1.7620071 ,
    -0.5959517 ,   1.7958491 ,   3.9854264 ],
 [-333.59293   ,  57.342518  ,  19.678555  ,   8.131828  ,  -6.0393715 ,
    -1.2172618 ,   7.0333066 ,  -6.889545  ,  -5.346462  ,   6.536974  ,
     2.3937595 ,   0.44065818,   1.8406851 ],
 [-337.76285   ,  48.390717  ,  11.364616  ,   6.655449  ,  -4.9297395 ,
     0.26192427,  11.7657585 ,  -0.6038636 ,  -2.3624053 ,   6.8024096 ,
     0.901638  ,  -2.5015676 ,   0.49793   ],
 [-329.12863   ,  56.988472  ,  15.925651  ,  14.121533  ,   1.986062  ,
    -2.6662812 ,   5.270162  ,  -0.68873405,  -0.30542874,   4.658551  ,
    -1.1970216 ,  -2.071772  ,   1.6711754 ],
 [-344.37363   ,  41.742195  ,  11.723371  ,  16.474394  ,   3.7671409 ,
    -4.557926  ,   3.0788329 ,  -3.0347915 ,  -0.19577312,  10.5334835 ,
     1.8099291 ,  -4.4987135 ,   0.4006374 ],
 [-339.0076    ,  48.422836  ,  15.410517  ,  15.051231  ,  -1.9142992 ,
    -8.83869   ,   6.17673   ,   2.3979306 ,  -5.027103  ,  -0.09559488,
     0.34950602,   1.6590207 ,   4.310541  ],
 [-339.7229    ,  46.684677  ,  11.298097  ,  15.206102  ,   9.378886  ,
     3.067593  ,  11.89999   ,   8.653061  ,   0.33258697,   1.1417341 ,
    -0.73227894,  -3.8609385 ,   1.4053999 ],
 [-334.51904   ,  51.63456   ,  15.897224  ,   9.378827  ,  -8.844896  ,
    -8.171085  ,   4.2120895 ,   3.8903918 ,   2.7257948 ,   1.7829955 ,
     0.05165652,  -1.6725276 ,   0.13222769],
 [-340.71027   ,  51.870636  ,  21.468597  ,  14.830704  ,   5.1003985 ,
     0.63726974,   1.4099655 ,  -0.64462763,   3.3738804 ,   9.541728  ,
    -0.7726414 ,  -4.8420897 ,   5.046691  ],
 [-338.8894    ,  49.28048   ,  13.895184  ,   9.066024  ,  -4.206658  ,
    -6.519872  ,   4.923855  ,   1.7706854 ,  -1.7660149 ,   1.1126858 ,
    -0.31821838,  -0.08534405,   0.8561033 ],
 [-337.06595   ,  56.57773   ,  21.295584  ,   6.0175767 ,  -3.0469394 ,
     2.70399   ,   8.146704  ,   2.3643227 ,   0.9213039 ,   7.4250445 ,
     3.2436922 ,  -0.47754493,   4.054776  ],
 [-333.19202   ,  55.801155  ,  14.615383  ,   5.517209  ,  -1.548831  ,
    -0.47138563,   5.2794247 ,   4.258113  ,   1.5667483 ,   0.19577813,
     4.850628  ,   4.773289  ,  -0.8554461 ],
 [-342.40698   ,  50.899815  ,  23.860306  ,  12.965169  ,  -2.3409126 ,
    -0.80457366,   5.2296987 ,   4.6825275 ,  -0.30846643,  -4.3719883 ,
     0.02899116,   2.0642552 ,   0.5460077 ],
 [-346.55045   ,  45.89212   ,  15.930662  ,   7.747443  ,   1.7189413 ,
     4.820038  ,  11.669598  ,   8.848002  ,   5.9481874 ,   5.5348496 ,
     1.1949811 ,  -1.1734712 ,   2.5668383 ],
 [-337.92148   ,  56.72462   ,  22.368656  ,  11.185863  ,  -1.2082461 ,
    -4.5073705 ,   2.290449  ,  -0.9231289 ,  -1.1639524 ,   1.14189   ,
    -4.415868  ,  -0.6701179 ,   6.982196  ],
 [-346.5332    ,  44.17998   ,  19.69208   ,  14.448864  ,  -4.4878435 ,
    -2.9654284 ,   6.33502   ,  -2.96398   ,  -1.2890515 ,   5.548601  ,
     1.0862763 ,  -0.32316953,   0.196111  ],
 [-332.9675    ,  57.583664  ,  20.762611  ,   8.027765  ,  -6.845216  ,
    -8.195494  ,   5.563213  ,   3.6838672 ,  -6.626646  ,   4.027038  ,
     4.6318784 ,  -2.7066793 ,   1.0713177 ],
 [-335.39703   ,  50.28983   ,  16.012234  ,  11.5698    ,  -4.391034  ,
    -3.6520283 ,   7.3078556 ,  -1.9785004 ,  -3.1029634 ,   7.8821363 ,
     0.44001278,  -2.6666307 ,  -0.06854722],
 [-331.80704   ,  55.227814  ,  16.994759  ,  14.24445   ,   2.391223  ,
    -2.227518  ,   5.7838154 ,   4.082985  ,  -1.57511   ,  -0.7797843 ,
     1.4302052 ,   1.3133999 ,   3.5055442 ],
 [-335.22693   ,  53.128834  ,  16.8095    ,  11.67996   ,  -0.91415244,
    -1.024201  ,   8.350014  ,  -1.8113165 ,  -8.440332  ,   1.3165554 ,
     3.778276  ,   0.5632611 ,   4.7301946 ],
 [-332.6456    ,  58.70151   ,  20.58057   ,   7.4414787 ,  -7.50359   ,
    -5.1849585 ,   4.738661  ,   0.6625978 ,  -0.01942527,   4.770177  ,
     2.3732762 ,  -1.1670691 ,   2.9542403 ],
 [-334.9065    ,  47.745697  ,  11.567209  ,  10.098192  ,  -4.652694  ,
    -1.5707617 ,   9.9241495 ,  -0.08782744,  -4.541466  ,   1.2706617 ,
     2.9982035 ,   3.3698394 ,   4.7820034 ],
 [-335.98077   ,  46.211597  ,   6.9082527 ,   4.364443  ,  -4.7498775 ,
    -8.034426  ,  -4.0588074 ,   2.1106052 ,   5.0522738 ,   2.129057  ,
     2.211354  ,  -1.3317603 ,  -2.9744866 ],
 [-328.99277   ,  56.45293   ,  19.160032  ,  14.344879  ,   0.58735216,
    -1.1374087 ,   6.6293144 ,   0.93157935,  -3.877054  ,   2.808565  ,
    -1.7049646 ,  -1.6838448 ,   3.0593834 ],
 [-331.57288   ,  55.070892  ,  18.525345  ,   5.7299924 ,  -5.793654  ,
    -5.7538276 ,   0.37812746,   4.014977  ,   0.956104  ,   3.3350174 ,
     0.9353984 ,   1.764113  ,   1.2880833 ],
 [-338.51514   ,  47.794186  ,  20.200687  ,  12.659545  ,   0.742566  ,
    -5.3797565 ,  -4.9582686 ,   2.3506668 ,   0.13060641,   6.18248   ,
     0.7928065 ,   0.5791549 ,   1.8790466 ],
 [-331.50748   ,  48.507755  ,  12.575058  ,   7.6650724 ,   7.0363655 ,
     3.3477836 ,   8.01461   ,   6.429183  ,  -2.9135528 ,   5.666057  ,
    -3.3766322 ,  -4.90757   ,  -3.2285018 ],
 [-327.30423   ,  46.929134  ,  16.649565  ,   0.3722659 ,  -0.31523216,
    -4.6491337 ,   7.307569  ,  -2.4449587 ,  -7.9129343 ,   0.5477051 ,
     0.60373163,   0.70111185,   5.536709  ],
 [-322.68094   ,  37.672173  ,  20.886086  ,  -1.5239302 ,   8.389175  ,
    -2.693763  ,  11.939681  ,  -3.6521592 ,   2.936118  ,  -0.6897593 ,
     2.900058  ,   1.6682491 ,   4.037238  ],
 [-300.6859    ,  31.500952  ,  20.153717  ,  -1.7554563 ,   9.625368  ,
    -6.683095  ,   4.6589255 ,   3.977057  ,   1.6980433 ,  -1.6413941 ,
     3.235735  ,  -0.8765859 ,   1.2906704 ],
 [-295.9344    ,  24.194466  ,  19.344755  ,   0.03798729,  10.8615265 ,
    -4.356797  ,  12.289373  ,   5.5716543 ,   4.0918646 ,   4.2471733 ,
     3.6703796 ,  -0.8663871 ,   4.812763  ],
 [-286.61414   ,  25.349186  ,  24.69371   ,   1.2579947 ,   7.7284746 ,
    -1.5028577 ,   3.181995  ,  -4.3694825 ,   8.630159  ,   0.80753136,
    -2.145609  ,   3.2932582 ,   4.691268  ],
 [-281.2422    ,  11.958391  ,  22.966236  ,   5.1773047 ,   7.334413  ,
    -4.488072  ,   6.890511  ,  -3.1007907 ,   9.199646  ,  -1.087811  ,
     0.30635232,   3.4941971 ,   1.8021286 ],
 [-277.5972    ,   3.7727191 ,  18.702927  ,   5.1747446 ,  17.439327  ,
    -5.492868  ,  -3.672736  ,  -9.588849  ,  -0.9422194 ,  -1.0982285 ,
    -0.6179297 ,  -0.00565683,   2.9864433 ],
 [-273.46396   ,   9.282284  ,  18.063679  ,   6.3563023 ,   9.235438  ,
    -4.262207  ,   9.291115  ,  -0.93341124,   5.796846  ,  -0.28878582,
     4.3326464 ,   1.2313906 ,   1.0845087 ],
 [-263.4602    ,  12.191559  ,  20.49395   ,  -0.5373558 ,  15.548219  ,
     1.4305959 ,   5.790082  , -10.602827  ,   3.574019  ,   2.6322122 ,
    -4.0132685 ,  -1.195687  ,  -1.8303277 ],
 [-267.40704   ,   2.8296955 ,  19.97113   ,  12.881752  ,  10.213278  ,
    -5.7580547 ,   3.4072363 ,  -4.9210916 ,  11.531452  ,   3.8750648 ,
     0.0634923 ,  -6.1186323 ,  -1.2422807 ],
 [-237.85242   ,  10.544377  ,  13.474237  ,   3.7242959 ,   8.484174  ,
    -1.423487  ,  -0.7938583 ,  -5.0421715 ,   7.5470243 ,  -1.4413449 ,
     7.623147  ,   0.53887004,  -0.34759808],
 [-254.84726   ,  39.6241    ,  10.703353  ,   3.5530405 ,   6.590786  ,
     1.3735164 ,  -1.6503587 ,  -7.981987  ,  -2.9499729 ,  -2.485076  ,
     4.6703157 ,   2.1108391 ,   7.0670557 ],
 [-178.12706   ,  81.01419   ,  17.91048   , -10.298758  , -18.439816  ,
     7.3088574 ,  -4.2444777 ,  -1.9269546 ,  -7.199039  ,  -1.185081  ,
     5.1635613 ,  -1.5845516 ,   7.721872  ],
 [-167.36436   ,  84.29979   ,   8.865699  , -10.232189  , -29.212673  ,
    14.093098  ,  -4.810677  ,  -2.2755344 ,  -8.278971  ,   1.9147322 ,
     0.53846884,  -4.5726385 ,   9.015203  ],
 [-147.91542   ,  73.5589    ,   9.185169  , -12.587072  , -30.437256  ,
    15.933629  ,  -2.9855745 ,  -1.1755631 ,  -9.564159  ,   3.436225  ,
    -1.2508125 ,  -4.784945  ,  10.229122  ],
 [-156.39091   ,  83.672386  ,   5.1534963 , -11.136477  , -32.72609   ,
    16.73162   ,  -3.7012343 ,  -1.0163672 ,  -7.7019596 ,   0.48065376,
     0.21110153,  -5.0448313 ,   9.819732  ],
 [-154.30832   ,  79.41674   ,   8.483061  ,  -9.825524  , -32.99644   ,
    17.558296  ,  -7.9540043 ,   1.1248593 ,  -9.4196005 ,  -1.1044106 ,
     2.4073038 ,  -6.2346106 ,   9.9092045 ],
 [-164.11632   ,  83.32883   ,  12.115617  , -13.526314  , -26.167797  ,
    13.982388  ,  -4.0804396 ,  -3.9670317 ,  -8.410936  ,   0.04054928,
     2.090518  ,  -4.3182025 ,   9.368828  ],
 [-162.04527   ,  76.426605  ,  16.43723   , -15.397871  , -26.995071  ,
    18.771856  ,  -7.720694  ,  -5.259075  ,  -7.1458063 ,   3.037569  ,
    -0.13832474,  -3.4426534 ,   9.309939  ],
 [-167.79974   ,  78.03909   ,  16.025955  , -14.644516  , -20.257362  ,
    15.511266  , -12.251062  ,  -5.8181915 ,  -2.9772143 ,   1.8131242 ,
     1.7638113 ,  -4.511292  ,   4.723445  ],
 [-159.54076   ,  66.380646  ,  14.54272   ,  -1.0205333 , -21.578732  ,
    12.202694  , -12.5109005 , -10.816903  ,  -4.5692387 ,   5.421852  ,
    -3.2258604 ,  -3.7039304 ,  10.3616495 ],
 [-175.99649   ,  63.9126    ,  21.136791  ,  12.225672  , -17.915127  ,
    13.7243595 , -23.034098  ,  -8.478043  , -13.347498  ,   5.726863  ,
    -2.405445  ,   1.9955918 ,  10.25068   ],
 [-240.81194   ,  66.34436   ,  27.41512   ,  15.904426  , -14.878847  ,
     6.9253435 ,  -4.218315  ,   4.7339277 ,  -4.346882  ,   7.486236  ,
    -3.67148   ,  -4.355268  ,   6.5209675 ],
 [-263.5647    ,  60.200493  ,  10.918777  ,   6.7867546 , -13.507358  ,
     4.5524015 ,  -8.745966  ,  -6.675503  , -15.983955  ,  -0.33350968,
    -2.515397  ,   3.523569  ,   6.901311  ],
 [-295.45227   ,  42.60844   ,   9.839195  ,   5.8245935 , -11.369506  ,
     0.11603189,  -2.664523  ,  -6.0818815 , -10.334442  ,   4.3332863 ,
    -4.5482006 ,  -3.399858  ,   4.133135  ],
 [-294.2147    ,  55.881733  ,  10.230164  ,   3.9454997 , -16.844757  ,
    -2.7351768 ,  -0.11832702,  -3.0082374 , -12.275942  ,  -0.4024098 ,
     0.5899019 ,   4.4957304 ,   7.0307293 ],
 [-316.55118   ,  48.98369   ,  18.102102  ,  10.616097  ,  -6.2328157 ,
     2.5739346 ,  -5.5653615 ,  -5.591067  ,  -7.69417   ,   9.680584  ,
     2.78168   ,  -2.5483809 ,   3.9009361 ],
 [-330.5354    ,  49.875763  ,  16.47747   ,   7.641924  ,  -3.0041595 ,
     4.136218  ,   3.40941   ,  -1.2092085 ,  -3.5365326 ,   1.3131441 ,
     3.3290439 ,   3.774908  ,   5.5031075 ],
 [-336.62933   ,  52.45877   ,  20.637333  ,   6.322579  ,  -7.8519454 ,
     5.634519  ,   9.7146225 ,  -0.3337533 ,  -0.6145315 ,   2.1412675 ,
     2.2672057 ,   2.329168  ,   1.3181142 ],
 [-342.20255   ,  51.7493    ,  26.80021   ,  11.362085  ,   0.36426714,
     1.4795996 ,   4.9161825 ,   0.7571774 ,  -9.513052  ,   0.63122845,
     2.336569  ,   4.4164596 ,   2.0721796 ],
 [-288.79733   ,  32.691654  ,   4.644604  ,  16.203617  ,  -9.321973  ,
    10.910668  ,   3.2431397 ,   4.22694   ,  -1.9553272 ,   0.41326943,
    -0.7573544 ,  -1.1372477 ,   1.8038093 ],
 [-170.29675   ,  55.8768    ,  11.903388  ,   3.7227993 , -15.664678  ,
    16.523277  , -15.378555  , -10.02935   , -10.644352  ,   2.7015452 ,
     1.6356676 ,  -0.34544674,   9.358126  ],
 [-161.55641   ,  62.01419   ,  10.858648  ,  -0.43052292, -20.980362  ,
    18.490778  ,  -8.121621  , -12.975199  , -14.622011  ,   1.6679068 ,
     4.4942307 ,  -5.283715  ,   3.610332  ],
 [-169.34709   ,  60.523094  ,  13.746126  ,  -2.2832043 , -23.678547  ,
    19.082005  ,  -8.0170965 ,  -9.147581  , -12.8963585 ,   1.0705686 ,
     4.8076243 ,  -2.4922094 ,   5.2444634 ],
 [-178.30278   ,  60.31019   ,  19.60204   ,  -0.7857517 , -25.89381   ,
    17.511978  ,  -5.5066986 ,  -5.3459835 ,  -8.126354  ,  -1.9417462 ,
    -0.94597435,  -4.199898  ,   9.74559   ],
 [-182.27837   ,  63.64781   ,  26.2468    ,  -3.2984223 , -27.904839  ,
    17.11265   ,  -1.5920303 ,  -2.3886764 ,  -9.151379  ,  -4.999617  ,
    -0.52695227,  -6.237009  ,  11.03837   ],
 [-184.52744   ,  67.470505  ,  23.95631   ,  -1.6092806 , -27.259945  ,
    16.408703  ,  -0.74315137,  -1.6833091 ,  -6.9535227 ,  -8.951799  ,
    -1.3750634 ,  -9.15723   ,  10.567959  ],
 [-198.38043   ,  69.82616   ,  28.007824  ,   3.6926978 , -22.64834   ,
    13.51306   ,  -1.8728161 ,  -3.360968  ,  -5.5775337 ,  -7.4232235 ,
    -2.3870301 , -10.151569  ,   8.239559  ],
 [-212.03687   ,  73.46945   ,  24.802362  ,   0.18905443, -18.05065   ,
    15.6940975 ,  -0.31559575,   0.57986796,  -4.6797457 ,  -9.602682  ,
    -1.8852    ,  -7.973496  ,   8.265989  ],
 [-222.49638   ,  73.807465  ,  28.89117   ,   3.5432973 , -22.553108  ,
     9.247376  ,   3.4036403 ,  -6.567556  ,   0.98472315,  -8.009775  ,
    -2.4089847 ,  -2.8247194 ,   8.646503  ],
 [-258.82214   ,  67.59299   ,  27.878162  ,   9.605652  , -10.751499  ,
    16.935863  ,   4.5632944 ,   8.986803  ,  -4.699581  ,  -5.1253314 ,
     2.1152053 ,  -6.2275796 ,   2.835616  ],
 [-271.33835   ,  67.27847   ,  22.456562  ,  11.21782   , -12.16052   ,
    15.081024  ,   3.9446313 ,   1.8694563 ,  -8.847757  ,  -2.3615913 ,
     1.5626704 ,  -2.4889424 ,   3.9482465 ],
 [-298.81854   ,  52.95993   ,  21.92569   ,   7.963392  , -13.25013   ,
     3.801752  ,   2.9224396 ,  -1.0120269 , -14.765245  ,  -0.730937  ,
    -0.7345419 ,   1.4501517 ,   4.1347303 ],
 [-307.9582    ,  46.065475  ,   9.901515  ,  -1.4585315 , -17.505299  ,
     3.6526556 ,   5.767309  ,   0.6125328 , -10.281504  ,   1.779181  ,
     1.8152053 ,  -1.826314  ,   5.860609  ],
 [-318.28778   ,  47.427658  ,  22.868256  ,  12.756495  , -14.238928  ,
     1.0501502 ,   5.025645  ,  -4.5994377 , -10.587957  ,   4.8108177 ,
     2.4450972 ,  -0.5452063 ,   0.5252826 ],
 [-316.86615   ,  43.397247  ,  10.362696  ,  10.394075  , -13.285873  ,
     5.752823  ,   5.162895  ,  -6.7951384 , -10.9355755 ,  -0.9277747 ,
     1.9112875 ,   1.307776  ,   2.5123503 ],
 [-331.3929    ,  36.41278   ,  15.003973  ,   3.5301545 ,  -9.755928  ,
     3.7422035 ,  11.504776  ,   0.45198178,  -5.16538   ,  -1.3523769 ,
    -5.922799  ,  -6.0717173 ,  -1.0996926 ],
 [-324.6213    ,  52.37638   ,  22.878242  ,  10.455971  ,  -8.332939  ,
     0.8855797 ,  10.768931  ,  -1.6537056 ,  -6.4614544 ,  -1.7105765 ,
    -3.0784276 ,   1.1413614 ,   1.7100027 ],
 [-335.262     ,  50.590298  ,  18.305332  ,   8.46918   ,  -5.8919926 ,
    -3.5823035 ,   7.551615  ,   5.8610096 ,   3.5212555 ,   2.6394382 ,
    -1.8565851 ,  -3.543307  ,   1.7401072 ],
 [-334.66376   ,  53.55625   ,  18.914879  ,   8.396811  ,   0.53071886,
    -0.42287445,  -0.89506483,  -3.5228066 ,  -0.80391824,   4.604566  ,
     2.6965005 ,   0.11885719,  -2.8979723 ],
 [-333.97906   ,  52.091652  ,  15.77787   ,   3.2788692 ,  -1.295708  ,
     4.0450163 ,   4.9821577 ,   6.835354  ,  -2.0258756 ,   4.8145103 ,
     4.174491  ,  -3.468128  ,   2.8531225 ],
 [-337.0202    ,  55.172924  ,  18.547924  ,   5.898281  ,  -7.4911933 ,
    -5.8058443 ,   4.2515936 ,  -1.6435548 ,   1.3550231 ,  10.181648  ,
    -0.65144897,  -4.1561894 ,   4.1267242 ],
 [-338.0855    ,  52.945694  ,  14.663008  ,   6.132243  ,   0.17708874,
     3.3614693 ,  12.097531  ,   1.9295253 ,  -4.6138473 ,   3.4977875 ,
     3.8062978 ,  -0.06905281,   0.656939  ],
 [-339.2192    ,  50.411304  ,  10.702041  ,   0.4113139 ,  -6.4890976 ,
    -1.5627873 ,  10.27997   ,   5.4528217 ,   2.7841415 ,   7.0782843 ,
     1.3478146 ,  -3.1759055 ,   1.3955646 ],
 [-346.44336   ,  49.29697   ,  17.252758  ,   4.257251  ,  -2.7025464 ,
    -0.32713926,   7.7396317 ,   3.5660334 ,  -0.45100355,   3.398512  ,
     1.1724799 ,  -0.9401035 ,   3.5280654 ],
 [-351.4363    ,  38.179848  ,   6.1058693 ,   2.6350732 ,   1.7035515 ,
     3.4064698 ,   7.0017786 ,  -1.0251353 ,  -1.4827486 ,   6.5524273 ,
     0.87638485,  -4.338879  ,   1.3811132 ],
 [-342.50772   ,  48.437862  ,  18.678127  ,  15.704134  ,  -3.0962186 ,
   -13.901936  ,   0.23231544,   1.3194376 ,  -0.87068146,   7.461752  ,
     2.7135386 ,  -5.6559134 ,  -2.5402627 ],
 [-349.7233    ,  45.041557  ,  16.196026  ,   9.438847  ,   5.2043533 ,
     2.558651  ,   3.4171467 ,  -2.5721586 ,  -2.4195666 ,   5.0855036 ,
     0.6352024 ,  -5.4016547 ,  -0.84951663],
 [-341.5122    ,  49.14303   ,  19.068995  ,  13.363058  ,  -3.7762885 ,
    -7.8100467 ,   6.596922  ,   4.5386887 ,  -2.5330582 ,   1.8894894 ,
    -1.691046  ,  -3.6279173 ,   1.7693098 ],
 [-355.12936   ,  35.315117  ,  13.234461  ,  10.552514  ,   0.96837604,
     2.811408  ,   9.415123  ,   1.4485295 ,  -5.726269  ,  -3.5073771 ,
    -6.393019  ,  -2.714346  ,   5.098703  ],
 [-339.25528   ,  48.090836  ,  16.98592   ,  14.497974  ,  -1.7058562 ,
    -1.6250122 ,   7.4491634 ,  -4.593816  ,  -4.016244  ,   5.356875  ,
    -2.621624  ,  -0.25245792,   5.8904915 ],
 [-349.58438   ,  42.161743  ,  16.552525  ,   7.2315044 ,   0.8771905 ,
    -0.23814449,   5.2193613 ,   0.250022  ,   5.6914144 ,   7.856079  ,
     4.6888323 ,  -0.53502274,  -0.23674583],
 [-342.44412   ,  46.769184  ,  30.388279  ,  19.037676  ,  -3.5804105 ,
    -3.922719  ,   7.5438385 ,   4.5100217 ,   2.1124282 ,   5.1444826 ,
    -5.270341  ,  -3.4167    ,   5.685766  ],
 [-341.91147   ,  32.03855   ,  18.904987  ,  14.448107  ,   5.5275316 ,
     2.7584107 ,  11.507767  ,  -0.88146794,  -2.7407598 ,   3.7356615 ,
    -1.2127662 ,  -3.393706  ,   3.8388133 ],
 [-342.4063    ,  49.615307  ,  17.264286  ,   9.3167305 ,  -2.532009  ,
    -3.2357242 ,   4.541751  ,  -3.0989783 ,  -5.1966634 ,   1.6140897 ,
     1.2662036 ,   1.8078697 ,  -0.30607003],
 [-344.29672   ,  41.28419   ,  17.607834  ,   9.802121  ,   1.8593929 ,
     1.972353  ,   5.532466  ,  -1.9386296 ,  -2.7500963 ,   8.884272  ,
     0.21702754,  -3.9637973 ,   2.688733  ],
 [-343.8292    ,  43.742638  ,  12.338182  ,   7.8110895 ,  -4.2762713 ,
    -0.00062305,  10.309708  ,  -1.8866512 ,  -1.3312843 ,   9.73576   ,
     1.3829467 ,  -1.1191716 ,   2.6413128 ],
 [-349.3406    ,  36.825184  ,   6.51508   ,   6.4305696 ,  -3.796442  ,
    -6.1123633 ,   0.9842384 ,  -7.4911647 ,  -3.1693244 ,  10.50687   ,
     2.1819854 ,  -2.8712056 ,   1.9031612 ],
 [-351.33316   ,  40.90788   ,  17.918633  ,  14.06812   ,   0.98743004,
    -1.7653475 ,   4.426755  ,  -3.367721  ,  -3.0250268 ,   5.809076  ,
    -1.2525266 ,  -2.8191822 ,   2.9107404 ],
 [-353.62042   ,  41.987083  ,  21.926403  ,  13.412867  ,  -4.2164416 ,
    -6.623803  ,  -0.15454325,  -4.0044227 ,   0.9371096 ,   7.474638  ,
    -0.9152551 ,  -3.4335234 ,   1.5779152 ],
 [-349.9835    ,  41.83823   ,  19.475288  ,  17.696398  ,   3.7698138 ,
     1.6090903 ,   6.024122  ,  -0.42043278,   4.716812  ,  10.806813  ,
     3.3209243 ,  -1.2565581 ,  -1.3274951 ],
 [-345.56232   ,  48.413727  ,  19.024502  ,  10.315128  ,  -0.56020737,
    -2.8097825 ,   3.2047162 ,  -2.704824  ,  -2.1941304 ,   3.8072689 ,
    -0.9390706 ,  -1.6680773 ,   4.3561206 ],
 [-354.56125   ,  36.08837   ,  14.056929  ,  10.522239  ,  -1.4081442 ,
    -3.1013904 ,   6.270401  ,   1.775278  ,   0.03445104,   8.758275  ,
     3.353705  ,   0.61766374,   0.6464697 ],
 [-342.76602   ,  49.721153  ,  13.921562  ,   4.065107  ,  -2.5866613 ,
    -3.6552842 ,   2.9597824 ,   0.30962336,  -0.9331321 ,   5.3017025 ,
     2.3990297 ,  -5.0440345 ,  -3.7046213 ],
 [-350.8843    ,  43.653748  ,  11.093425  ,   1.127028  ,   2.0379367 ,
     4.230671  ,   7.60498   ,   4.328393  ,   0.5802375 ,   4.677828  ,
     4.5151796 ,  -2.2506142 ,  -2.1362867 ],
 [-343.66943   ,  46.151695  ,  19.793922  ,  15.282363  ,   0.5990486 ,
    -6.557417  ,   5.987792  ,   2.0569854 ,  -0.873464  ,   4.0991464 ,
    -3.2857985 ,  -2.7278712 ,   4.1965218 ],
 [-351.41095   ,  42.03856   ,  16.886189  ,  12.514467  ,   0.83509755,
    -6.1085167 ,   4.8295236 ,   5.743931  ,  -0.04955614,   3.445662  ,
     1.2808578 ,  -4.510055  ,   1.2777236 ],
 [-347.2454    ,  44.06974   ,  15.843289  ,  11.118356  ,  -0.36243862,
    -1.1676803 ,   6.987374  ,   1.0190829 ,  -1.5890591 ,   3.6319041 ,
     2.5963383 ,   0.31597254,   2.0552144 ],
 [-352.85413   ,  42.66291   ,  16.545256  ,   4.3786745 ,  -8.22909   ,
    -5.169526  ,   8.645851  ,   5.9818125 ,   1.81964   ,   4.4910173 ,
     0.23055804,  -1.2984977 ,   1.618709  ],
 [-345.13663   ,  45.90345   ,  15.733369  ,   8.154909  ,  -3.9628587 ,
    -1.7295992 ,   8.403819  ,   0.4929217 ,  -2.7875872 ,   3.9429958 ,
    -2.034563  ,  -4.3087626 ,   0.80399406],
 [-348.55472   ,  42.734528  ,  17.054752  ,  14.686064  ,  -1.5052118 ,
    -6.800207  ,   6.6456194 ,   2.997825  ,  -0.4205361 ,   8.80914   ,
     4.692295  ,  -1.9633706 ,   2.668517  ],
 [-343.92105   ,  46.990173  ,  16.454624  ,   8.680633  ,  -9.036334  ,
    -8.768906  ,   7.5776286 ,   1.9699571 ,  -0.57500523,   6.5822754 ,
     0.49906945,  -0.9235761 ,   3.980446  ],
 [-342.5424    ,  45.775238  ,  12.186916  ,   7.0395894 ,  -6.138256  ,
    -4.244595  ,   9.243813  ,   2.5281239 ,   4.164232  ,  12.333815  ,
     3.2414894 ,   1.2125239 ,   5.1186895 ],
 [-348.27612   ,  43.23799   ,  18.875835  ,  15.708412  ,   2.1603377 ,
     1.6659636 ,   5.3264756 ,  -3.9653258 ,  -0.38917816,   4.139871  ,
    -1.6633134 ,   0.81374127,   5.913686  ],
 [-339.90613   ,  52.357704  ,  22.774359  ,  15.614601  ,  -4.1580076 ,
    -5.533223  ,   8.767848  ,  -0.21941367,  -1.8774061 ,   8.939061  ,
     2.4195411 ,  -2.1450174 ,   2.8960578 ],
 [-351.63367   ,  42.57034   ,  19.550781  ,  11.069479  ,  -2.3755388 ,
    -0.18074985,   6.822513  ,  -3.1924124 ,  -6.281018  ,   1.2878528 ,
    -1.9344822 ,  -1.3278247 ,   3.5524497 ],
 [-344.45474   ,  52.561356  ,  23.150597  ,   9.528179  ,  -1.8282588 ,
    -5.4008627 ,   0.8816162 ,   4.2347813 ,   1.8080658 ,   1.8996645 ,
     0.25246364,   0.07890927,   2.0832663 ],
 [   0.        ,   0.        ,   0.        ,   0.        ,   0.        ,
     0.        ,   0.        ,   0.        ,   0.        ,   0.        ,
     0.        ,   0.        ,   0.        ],
 [   0.        ,   0.        ,   0.        ,   0.        ,   0.        ,
     0.        ,   0.        ,   0.        ,   0.        ,   0.        ,
     0.        ,   0.        ,   0.        ],
 [   0.        ,   0.        ,   0.        ,   0.        ,   0.        ,
     0.        ,   0.        ,   0.        ,   0.        ,   0.        ,
     0.        ,   0.        ,   0.        ],
 [   0.        ,   0.        ,   0.        ,   0.        ,   0.        ,
     0.        ,   0.        ,   0.        ,   0.        ,   0.        ,
     0.        ,   0.        ,   0.        ],
 [   0.        ,   0.        ,   0.        ,   0.        ,   0.        ,
     0.        ,   0.        ,   0.        ,   0.        ,   0.        ,
     0.        ,   0.        ,   0.        ],
 [   0.        ,   0.        ,   0.        ,   0.        ,   0.        ,
     0.        ,   0.        ,   0.        ,   0.        ,   0.        ,
     0.        ,   0.        ,   0.        ],
 [   0.        ,   0.        ,   0.        ,   0.        ,   0.        ,
     0.        ,   0.        ,   0.        ,   0.        ,   0.        ,
     0.        ,   0.        ,   0.        ],
 [   0.        ,   0.        ,   0.        ,   0.        ,   0.        ,
     0.        ,   0.        ,   0.        ,   0.        ,   0.        ,
     0.        ,   0.        ,   0.        ],
 [   0.        ,   0.        ,   0.        ,   0.        ,   0.        ,
     0.        ,   0.        ,   0.        ,   0.        ,   0.        ,
     0.        ,   0.        ,   0.        ],
 [   0.        ,   0.        ,   0.        ,   0.        ,   0.        ,
     0.        ,   0.        ,   0.        ,   0.        ,   0.        ,
     0.        ,   0.        ,   0.        ],
 [   0.        ,   0.        ,   0.        ,   0.        ,   0.        ,
     0.        ,   0.        ,   0.        ,   0.        ,   0.        ,
     0.        ,   0.        ,   0.        ],
 [   0.        ,   0.        ,   0.        ,   0.        ,   0.        ,
     0.        ,   0.        ,   0.        ,   0.        ,   0.        ,
     0.        ,   0.        ,   0.        ],
 [   0.        ,   0.        ,   0.        ,   0.        ,   0.        ,
     0.        ,   0.        ,   0.        ,   0.        ,   0.        ,
     0.        ,   0.        ,   0.        ],
 [   0.        ,   0.        ,   0.        ,   0.        ,   0.        ,
     0.        ,   0.        ,   0.        ,   0.        ,   0.        ,
     0.        ,   0.        ,   0.        ],
 [   0.        ,   0.        ,   0.        ,   0.        ,   0.        ,
     0.        ,   0.        ,   0.        ,   0.        ,   0.        ,
     0.        ,   0.        ,   0.        ],
 [   0.        ,   0.        ,   0.        ,   0.        ,   0.        ,
     0.        ,   0.        ,   0.        ,   0.        ,   0.        ,
     0.        ,   0.        ,   0.        ],
 [   0.        ,   0.        ,   0.        ,   0.        ,   0.        ,
     0.        ,   0.        ,   0.        ,   0.        ,   0.        ,
     0.        ,   0.        ,   0.        ],
 [   0.        ,   0.        ,   0.        ,   0.        ,   0.        ,
     0.        ,   0.        ,   0.        ,   0.        ,   0.        ,
     0.        ,   0.        ,   0.        ],
 [   0.        ,   0.        ,   0.        ,   0.        ,   0.        ,
     0.        ,   0.        ,   0.        ,   0.        ,   0.        ,
     0.        ,   0.        ,   0.        ],
 [   0.        ,   0.        ,   0.        ,   0.        ,   0.        ,
     0.        ,   0.        ,   0.        ,   0.        ,   0.        ,
     0.        ,   0.        ,   0.        ],
 [   0.        ,   0.        ,   0.        ,   0.        ,   0.        ,
     0.        ,   0.        ,   0.        ,   0.        ,   0.        ,
     0.        ,   0.        ,   0.        ],
 [   0.        ,   0.        ,   0.        ,   0.        ,   0.        ,
     0.        ,   0.        ,   0.        ,   0.        ,   0.        ,
     0.        ,   0.        ,   0.        ],
 [   0.        ,   0.        ,   0.        ,   0.        ,   0.        ,
     0.        ,   0.        ,   0.        ,   0.        ,   0.        ,
     0.        ,   0.        ,   0.        ],
 [   0.        ,   0.        ,   0.        ,   0.        ,   0.        ,
     0.        ,   0.        ,   0.        ,   0.        ,   0.        ,
     0.        ,   0.        ,   0.        ],
 [   0.        ,   0.        ,   0.        ,   0.        ,   0.        ,
     0.        ,   0.        ,   0.        ,   0.        ,   0.        ,
     0.        ,   0.        ,   0.        ]]"
info,dataset\info\info1.wav,"[[-280.09152   ,  26.1128    ,   4.060148  ,  11.953274  , -11.044165  ,
    10.203438  ,  -1.7182055 ,   1.2801168 ,   3.5486982 ,  -1.7236919 ,
     0.08136535,   4.010078  ,   2.2125456 ],
 [-295.43436   ,  28.92662   ,  16.800564  ,  19.10326   , -19.725372  ,
    21.44526   ,   3.0971546 ,  -8.330543  ,   5.9171624 ,   7.1536026 ,
    -5.955245  ,   3.6057    ,   4.7361    ],
 [-297.54648   ,  29.09445   ,  20.455048  ,  20.744003  , -19.216915  ,
    15.415655  ,  -0.6749089 ,   1.8731577 ,   7.161287  ,   9.849867  ,
    -4.362611  ,  -1.8221763 ,   2.693689  ],
 [-300.7583    ,  25.397839  ,  21.346325  ,  17.250778  , -17.170914  ,
    23.210258  ,  -3.6917713 ,   0.3367586 ,   3.155778  ,   6.403089  ,
    -8.240372  ,   0.8153514 ,   1.4743063 ],
 [-296.69226   ,  31.080204  ,  27.110245  ,  18.61374   , -22.067825  ,
    17.258858  ,  -5.5129147 ,  -3.1116028 ,  -1.7208059 ,   9.140371  ,
    -7.9850187 ,  -0.16565298,   6.0577593 ],
 [-301.52917   ,  23.755512  ,  22.82737   ,  18.597092  , -22.350481  ,
    21.003765  ,  -3.3435926 ,  -2.1808488 ,  -0.56277937,  10.129954  ,
    -4.542677  ,   1.3519386 ,   7.1096344 ],
 [-297.36075   ,  27.935545  ,  19.343773  ,  22.802952  , -18.13107   ,
    24.499184  ,   1.4681964 ,   3.7107658 ,   0.4830183 ,   8.595049  ,
    -1.6064906 ,  -1.0019233 ,  10.616415  ],
 [-304.89822   ,  29.871353  ,  23.744984  ,  24.888866  , -18.082935  ,
    19.005356  ,   0.90164083,   5.7764034 ,   2.614822  ,   6.193305  ,
     0.13185287,   1.3879302 ,   5.9688454 ],
 [-303.21756   ,  27.29103   ,  25.124062  ,  23.38328   , -22.595364  ,
    25.480501  ,  -3.7129326 ,  -1.907927  ,   4.2206793 ,   7.398712  ,
     1.2384427 ,  -5.7282286 ,   6.2533197 ],
 [-304.75333   ,  35.123665  ,  25.719196  ,  17.405857  , -19.947739  ,
    24.013615  ,  -3.34557   ,  -0.41440767,   3.8929954 ,   3.7350416 ,
     1.9924896 ,   2.3919232 ,   2.0262225 ],
 [-303.84988   ,  31.861765  ,  24.42213   ,  21.808884  , -23.632437  ,
    18.726898  ,  -5.069197  ,  -4.5788684 ,   2.150622  ,   4.6463623 ,
    -0.23856926,  -2.0860736 ,   4.2424726 ],
 [-318.85947   ,  31.579628  ,  24.536125  ,  20.883831  , -15.727085  ,
    22.601507  ,   1.2398312 ,  -0.8755475 ,   3.4298732 ,  -4.806838  ,
    -0.71986496,  -0.93889755,  -1.9540855 ],
 [-309.70883   ,  31.721058  ,  17.34301   ,  20.643127  , -16.597214  ,
    23.36882   ,  -0.9559307 ,  -4.6462326 ,  14.135191  ,  -2.238932  ,
    -3.5349681 ,   4.105794  ,   1.3006327 ],
 [-319.3504    ,  35.567368  ,  34.135628  ,  23.104095  , -20.709772  ,
    13.769025  ,  -2.737023  ,  -1.9341556 ,  15.397361  ,  -1.2493699 ,
    -5.192262  ,   2.396272  ,  -0.0119462 ],
 [-319.86047   ,  31.473942  ,  19.938072  ,  16.766928  , -27.99916   ,
    13.284376  ,  -1.742022  ,  -9.4774475 ,   8.640361  ,  -3.856381  ,
    -1.9057608 ,   4.5617986 ,   0.34773844],
 [-318.93744   ,  38.135963  ,  23.097918  ,  20.34828   , -17.936745  ,
    14.442032  ,   1.8263466 ,  -8.549341  ,  16.572811  ,  -4.6792307 ,
    -1.4679018 ,   8.315575  ,  -5.445308  ],
 [-322.99487   ,  27.245754  ,  19.939781  ,  17.614067  , -30.438347  ,
     9.537642  ,   5.069051  ,  -4.558746  ,  12.283711  ,   2.1271858 ,
    -1.1249132 ,  11.882084  ,  -1.0499165 ],
 [-316.67773   ,  25.124512  ,  19.034565  ,  23.197456  , -22.524887  ,
    19.02684   ,  -0.2687055 , -13.845479  ,   8.385114  ,  -4.4857006 ,
    -6.0147142 ,  11.686385  ,   0.83149123],
 [-319.69174   ,  31.521503  ,  22.34045   ,  13.021526  , -17.701874  ,
    11.828519  ,  -2.3897572 ,  -5.6597443 ,   4.5443707 ,   1.5183864 ,
    -5.0581007 ,  10.679423  ,   1.2505295 ],
 [-303.86288   ,  33.16305   ,  23.667826  ,  12.584681  , -20.391842  ,
    20.660389  ,  -4.094222  ,  -7.5783772 ,   0.20521247,   5.3803873 ,
    -7.2745395 ,   7.702574  ,   4.502827  ],
 [-304.95532   ,  25.351442  ,  23.075808  ,  16.495743  , -27.602222  ,
    17.838987  ,  -0.8383595 ,  -2.193358  ,  -0.47341657,  -0.7873552 ,
    -9.964554  ,   4.0632176 ,   6.55517   ],
 [-311.62573   ,  25.23785   ,  27.780884  ,  22.29555   , -18.716736  ,
    22.202555  ,   1.2350123 ,  -1.4390591 ,  -1.0991122 ,   2.6599107 ,
    -7.1213655 ,   1.2008076 ,   7.456746  ],
 [-313.58167   ,  22.279278  ,  17.795235  ,  16.640945  , -21.811375  ,
    23.682938  ,   2.716268  ,  -4.967657  ,  -2.8928785 ,  -2.98112   ,
    -4.7334504 ,   2.844986  ,   4.0131316 ],
 [-315.45316   ,  26.8073    ,  19.635393  ,  15.977026  , -22.959911  ,
    17.047867  ,  -1.0986693 ,   1.8215065 ,   5.4481316 ,   2.0508175 ,
    -5.5266666 ,  -0.8557415 ,   8.530504  ],
 [-319.9394    ,  24.08015   ,  24.497992  ,  11.95573   , -25.665054  ,
    18.408077  ,  -0.94946885,   5.712676  ,   4.880826  ,   2.783424  ,
    -5.710477  ,  -2.861806  ,   3.856082  ],
 [-314.95914   ,  29.08961   ,  26.796444  ,  14.055048  , -26.42997   ,
    20.369923  ,   0.49214292,   8.419876  ,   8.989416  ,   0.5513874 ,
    -0.51395464,   3.5989828 ,   5.486715  ],
 [-309.48102   ,  25.963173  ,  33.383583  ,  16.939209  , -20.791283  ,
    16.644346  ,  -8.63765   ,  -1.4833792 ,   5.316387  ,   5.6664557 ,
     2.1314983 ,   1.0608045 ,  -2.499455  ],
 [-309.2155    ,  26.827995  ,  25.513672  ,  14.063425  , -23.755606  ,
    19.222193  ,  -5.650367  ,   2.3629646 ,   9.964531  ,  -1.3954047 ,
    -1.6080917 ,   7.8679895 ,   1.6115371 ],
 [-310.14398   ,  20.410025  ,  24.934525  ,   8.403849  , -20.01653   ,
    21.987272  ,  -6.259946  ,  -1.2581284 ,   6.28609   ,   2.8770154 ,
    -1.3819168 ,   5.4214005 ,  -2.4238007 ],
 [-307.24915   ,  25.539001  ,  33.778618  ,  26.502434  , -21.840527  ,
    19.711552  ,  -2.6363492 ,   0.35410765,   7.6443    ,  -4.089715  ,
    -1.8280855 ,   5.4550047 ,   1.1421558 ],
 [-315.70538   ,  19.244991  ,  28.12045   ,  19.444378  , -21.939964  ,
    22.877922  ,  -3.246479  ,  -1.1087583 ,   1.5116838 ,  -0.79612327,
     0.8718271 ,   5.307422  ,  -3.2246614 ],
 [-309.3432    ,  29.376776  ,  30.840456  ,  22.851618  , -18.49865   ,
    16.82432   , -16.996662  ,   2.4163857 ,  10.622399  ,   3.1840138 ,
     0.44067   ,   0.07623879,  -4.831892  ],
 [-320.45966   ,  15.301025  ,  23.361301  ,  21.68586   , -17.19729   ,
    18.435833  ,  -3.9765391 ,   7.425293  ,  -0.3209709 ,   1.3884468 ,
    -0.40781134,   1.0280547 ,   0.7454069 ],
 [-310.25757   ,  23.518185  ,  23.155415  ,  19.24535   , -18.02025   ,
    16.30918   ,  -6.6135035 ,   4.0075006 ,   4.322882  ,   1.1720519 ,
    -7.6203923 ,  -4.0816636 ,  -2.845141  ],
 [-306.39264   ,  26.417545  ,  22.931171  ,  16.0541    , -20.573185  ,
    12.653048  ,  -7.710685  ,  10.690936  ,  10.505142  ,   3.803185  ,
    -6.205471  ,   0.20378193,   0.49691415],
 [-236.57251   ,  -2.5780182 ,  25.129028  ,  36.81968   , -39.788452  ,
    23.990656  ,  -6.925267  ,   7.1443396 , -10.099666  ,   7.6222    ,
    -3.0473132 ,   1.0905313 ,  -3.360417  ],
 [-174.60437   ,  13.980948  ,  42.165085  ,  43.038795  , -20.697416  ,
    14.174088  , -10.5882225 ,  -0.21388769,  -9.664028  ,   4.0910516 ,
    -2.8426523 ,  -0.2011188 ,   1.1391485 ],
 [-153.15494   ,  22.790052  ,  34.16391   ,  39.09826   , -20.630722  ,
    13.744132  ,  -9.372064  ,   1.7792834 , -12.663584  ,   5.1254864 ,
    -5.1823516 ,   2.6641543 ,   3.0611577 ],
 [-153.0923    ,  37.43383   ,  22.726854  ,  32.351257  , -18.903347  ,
    10.075974  ,  -5.9089227 ,  -2.2402327 , -11.958745  ,   8.066879  ,
    -4.848594  ,   4.1074586 ,   1.3806089 ],
 [-156.48979   ,  37.29948   ,  27.949451  ,  31.958923  , -12.457136  ,
     6.88495   , -10.2546425 ,  -1.1335057 , -10.281218  ,   6.910566  ,
    -2.1524353 ,   1.9938873 ,   0.7486546 ],
 [-207.88606   ,  55.341858  ,  40.38427   ,  31.773108  ,  -0.8709003 ,
     5.760643  ,   0.26947147,  -0.26712072,  -3.5564804 ,   0.25181723,
    -1.570258  ,  -4.4411635 ,  -1.948321  ],
 [-211.64047   ,  66.85614   ,  34.701855  ,  31.384775  ,  -5.6284504 ,
    14.528225  ,  -1.2433882 ,   1.962784  ,  -7.73883   ,   0.1984272 ,
    -5.123265  ,  -3.805239  ,  -2.32624   ],
 [-210.78117   ,  66.94586   ,  30.58115   ,  31.134478  ,  -2.0737865 ,
    14.32649   ,  -4.5906053 ,   7.988944  , -11.53843   ,  -1.0510571 ,
    -1.3099022 ,  -2.9723642 ,  -7.641267  ],
 [-213.80325   ,  75.778824  ,  23.731043  ,  26.405807  ,   4.3939424 ,
     9.991472  ,  -1.2004145 ,  10.460351  , -14.64983   ,  -2.172707  ,
    -3.126597  ,   0.26507518,  -6.5458875 ],
 [-212.33896   ,  68.7036    ,  24.422031  ,  32.822197  ,   4.6328287 ,
     8.007633  ,  -6.13908   ,  13.132238  , -14.637312  ,  -2.6458273 ,
    -1.8690643 ,  -0.47940555,  -5.1658764 ],
 [-206.35083   ,  67.105606  ,  24.143036  ,  26.056417  ,   6.9092784 ,
     8.096472  ,  -3.368473  ,  10.576849  , -16.606428  ,   0.60164356,
    -0.18394995,   1.1371801 ,  -8.670675  ],
 [-213.61702   ,  69.65819   ,  25.140884  ,  22.514828  ,   9.278783  ,
    11.392675  ,  -2.8711052 ,   9.825059  , -18.802174  ,   2.198666  ,
    -1.2812779 ,  -2.3603792 ,  -5.207017  ],
 [-211.8598    ,  70.51842   ,  26.343647  ,  19.498981  ,  10.082514  ,
    12.459345  ,  -4.9522533 ,  12.256319  , -20.061115  ,  -2.2418265 ,
     1.1210415 ,   1.5045735 ,  -4.5027285 ],
 [-215.68692   ,  66.9761    ,  29.306843  ,  26.145805  ,   9.009089  ,
    11.527387  ,  -7.974023  ,  10.193838  , -18.497007  ,   0.2952814 ,
    -0.3437643 ,   1.365682  ,  -6.000212  ],
 [-217.34679   ,  68.19613   ,  30.73239   ,  27.780136  ,   3.2176087 ,
    10.756185  ,  -4.693694  ,   9.303272  , -14.67083   ,  -2.3689933 ,
    -1.3867276 ,   3.3055136 ,  -8.974678  ],
 [-226.5635    ,  67.39705   ,  38.117844  ,  24.153284  ,   5.5160513 ,
     8.988758  ,  -5.02829   ,  16.927692  , -17.677391  ,  -3.8246636 ,
    -4.3641615 ,   0.80703425,  -4.890154  ],
 [-225.1179    ,  75.65932   ,  23.475122  ,  20.48233   ,   7.6036825 ,
    19.932905  ,  -3.691985  ,   6.2216434 , -12.126304  ,   2.1153185 ,
    -6.8969493 ,  -5.7565966 ,   0.96903753],
 [-226.74289   ,  43.24447   ,  32.098114  ,  15.964549  ,  10.48604   ,
    10.832195  ,   4.30666   ,   4.6896033 ,   0.27904713,  -2.2741616 ,
    -8.846654  ,  -7.9977055 ,  -3.0010872 ],
 [-226.15196   ,  23.371494  ,  18.660982  ,  10.955559  ,  12.550311  ,
    10.100475  ,   6.814171  ,   2.8500404 ,   4.78139   ,  -0.90483856,
     3.911685  ,   1.445037  ,   2.0566263 ],
 [-227.23723   ,  15.216583  ,  19.64112   ,  18.437658  ,  14.39139   ,
    10.58824   ,   6.4369555 ,   8.361642  ,   9.659283  ,  -1.2644157 ,
    -0.8300288 ,   4.959231  ,   7.224744  ],
 [-224.92447   ,  15.915758  ,  12.000101  ,   6.3315206 ,   5.6051974 ,
     3.391789  ,   7.322182  ,   1.8588455 ,   1.8178763 ,   2.5808163 ,
     5.4001436 ,   3.1058521 ,  -0.5843668 ],
 [-193.1275    ,  18.465109  ,  -0.8042003 ,   0.2994398 ,   5.730179  ,
    11.453171  ,  -3.233596  ,  -2.2476711 ,   2.8316524 ,  -2.4430308 ,
     7.532099  ,   3.670604  ,  -0.49870968],
 [-204.76703   ,  84.3423    ,  24.905518  ,  -1.310634  , -20.17247   ,
    14.248676  ,  -5.6672497 ,   1.0951021 ,  -3.6239853 ,  -4.0181894 ,
     3.1292105 ,   0.85039955,  -2.6236944 ],
 [-179.0348    ,  91.481415  ,  13.570341  ,  -0.30819964, -26.400534  ,
    11.565138  ,   2.4081063 ,  -7.3811235 ,   0.7707988 ,  -6.7084646 ,
     1.451545  ,  -1.6954644 ,   6.9707623 ],
 [-179.97125   ,  80.45014   ,  20.211773  ,   1.771544  , -30.406425  ,
    14.873842  ,  -1.5478923 ,  -6.5272923 ,  -0.04711354,  -6.3048043 ,
     6.689275  ,  -8.028053  ,  12.521686  ],
 [-187.73315   ,  84.799614  ,  25.23119   ,  -4.157384  , -27.537422  ,
    16.16587   ,  -1.5596375 ,  -9.20414   ,   7.6743407 ,  -8.010178  ,
     4.1405315 ,  -9.41066   ,   6.9160976 ],
 [-200.38661   ,  79.79866   ,  31.156395  ,  -1.8136139 , -27.168259  ,
     9.934827  ,   2.5702715 , -11.134983  ,   2.4010875 ,  -3.3058152 ,
     0.99359083,  -5.0344014 ,  10.101833  ],
 [-220.7662    ,  77.96358   ,  35.52095   ,   1.023861  , -25.649147  ,
    15.422267  ,  -0.2759955 , -12.846466  ,   5.008239  ,  -7.57971   ,
    -2.1107283 ,  -1.4782387 ,  10.361617  ],
 [-227.38719   ,  76.96506   ,  42.129105  ,   5.111623  , -28.09391   ,
     8.622073  ,  -0.72581446,  -1.3071451 ,   5.826056  ,  -6.618922  ,
    -2.203032  ,   0.4832431 ,   3.4722738 ],
 [-249.55888   ,  65.78941   ,  38.454994  ,   7.7742624 , -21.78364   ,
    15.438513  , -11.408432  ,  -5.5351167 ,   8.677066  ,  -6.2047377 ,
    -4.4772987 ,  -2.9550586 ,  11.295603  ],
 [-241.5951    ,  64.22957   ,  37.962337  ,   7.5955873 , -31.811035  ,
    17.529514  ,  -0.04775143,  -4.67652   ,   6.8943405 ,  -3.4995513 ,
    -5.502765  ,  -7.543308  ,   3.5539765 ],
 [-269.43536   ,  44.967117  ,  30.899807  ,  17.097656  , -12.852772  ,
    23.52861   ,   1.0009522 ,   0.19011569,   6.879258  ,  -0.82477427,
    -4.308437  ,  -4.754518  ,   6.2346253 ],
 [-286.7917    ,  49.225914  ,  25.768414  ,  10.658802  , -21.138443  ,
    13.261599  ,  -4.5054092 ,  -3.1977193 ,   6.5282106 ,   5.084464  ,
    -1.1022195 ,  -0.727072  ,  -0.20280123],
 [-296.7599    ,  52.767212  ,  28.134882  ,   5.0693283 , -27.965515  ,
    16.464924  ,  -3.6845958 ,   1.8816876 ,   9.583288  ,  -0.9318652 ,
    -4.5897036 ,   4.5756245 ,   1.4427364 ],
 [-303.8513    ,  38.60034   ,  17.301006  ,   6.6466756 , -12.098906  ,
    23.88142   ,  -1.2102832 ,   9.473352  ,   2.1529293 ,   2.5385866 ,
    -0.91980493,  -0.9028736 ,   4.540734  ],
 [-279.7089    ,  41.27266   ,  34.911896  ,  -3.717202  , -15.640723  ,
    22.177408  ,   4.7694654 ,   9.913614  ,   4.550226  ,   7.6709228 ,
     3.0228477 ,   7.0739074 ,  -2.6727433 ],
 [-297.05356   ,  45.797993  ,  24.487226  ,  -2.4567664 , -25.058598  ,
    21.923092  ,  -6.679122  ,   7.4473667 ,  13.375369  ,  -0.62703407,
     6.3561797 ,   5.1101193 ,  -1.1185117 ],
 [-308.08014   ,  33.67449   ,  11.631563  ,   2.0838397 , -23.025002  ,
    28.436796  ,   0.7485359 ,  -0.97987604,   8.917362  ,  -9.656258  ,
    -8.121696  ,  -3.8341649 ,  -3.8081322 ],
 [-310.61282   ,  37.06264   ,  13.640165  ,   1.4384425 , -23.607555  ,
    25.73106   ,   1.2393844 ,   4.357298  ,  13.775452  ,  -5.7567186 ,
     2.55347   ,   5.88622   ,  -2.7499783 ],
 [-309.97662   ,  41.90601   ,  17.555817  ,   2.550458  , -27.58483   ,
    20.204819  ,   7.550542  ,  -0.8779428 ,   6.1492605 ,  -3.785804  ,
    -1.7700838 ,   6.3583694 ,  -1.9997207 ],
 [-312.69592   ,  37.47695   ,  16.661179  ,   8.0100975 , -22.104443  ,
    20.012222  ,   5.360986  ,  -2.9302387 ,   7.4744453 , -11.669804  ,
    -3.9276528 ,   1.9600589 ,  -2.942883  ],
 [-319.6884    ,  33.420193  ,  10.494993  ,   4.934967  , -28.03406   ,
    19.150005  ,   5.9868236 ,  -9.3836565 ,   8.798208  ,  -7.690174  ,
    -6.0781574 ,   1.4348662 ,  -5.342228  ],
 [-309.6022    ,  36.813522  ,  11.574022  ,  11.625038  , -24.708666  ,
    25.041824  ,  13.031204  ,  -3.9200797 ,   8.06492   , -12.793994  ,
    -6.5843496 ,   9.359802  ,   3.1068888 ],
 [-319.18365   ,  25.541103  ,   4.09471   ,  10.784426  , -26.785725  ,
    22.035526  ,  18.416386  ,  -2.0279346 ,  16.79895   ,  -5.282995  ,
    -8.3770275 ,   7.7582445 ,  -4.9524155 ],
 [-322.27313   ,  29.792048  ,  19.373024  ,  10.742275  , -25.877483  ,
    24.459442  ,  16.748644  ,  -2.5700564 ,   3.002549  , -13.380406  ,
    -6.184514  ,  10.907988  ,  -1.1973064 ],
 [-306.18176   ,  35.81992   ,  18.972729  ,  18.505596  , -20.41113   ,
    22.180016  ,  17.15363   ,  -4.196799  ,   8.396385  ,   4.5559015 ,
   -12.706919  ,   7.337979  ,  -0.6967864 ],
 [-307.309     ,  30.730515  ,  30.883465  ,  20.86986   , -20.15668   ,
    22.8078    ,   6.22554   ,   0.28002822,  13.254394  ,   2.9396439 ,
    -9.007062  ,  11.632297  ,  -1.075139  ],
 [-300.12543   ,  34.396805  ,  26.663048  ,  14.543726  , -30.488312  ,
    19.107252  ,  10.174134  ,   6.4504495 ,   8.621013  ,   7.2510443 ,
    -1.9537797 ,   4.9826865 ,   0.9574535 ],
 [-303.24924   ,  27.997242  ,  23.983593  ,  14.709026  , -16.785702  ,
    28.649675  ,  -1.7722433 ,  -1.502217  ,   5.8349915 ,  10.059044  ,
    -0.5319207 ,   3.5428925 ,  -0.21177176],
 [-306.74982   ,  19.827896  ,  26.660036  ,  14.013873  , -35.08824   ,
    21.958061  ,  -2.0950801 ,   1.1392746 ,   2.4964027 ,   1.590332  ,
    -1.8734411 ,   0.06993697,   4.686439  ],
 [-296.64203   ,  30.881504  ,  31.412987  ,  23.54257   , -27.292652  ,
    22.674948  ,   3.274636  ,   3.5227876 ,   3.2040772 ,   2.5856395 ,
     1.6468191 ,   0.86094767,   7.4756308 ],
 [-301.5831    ,  19.87873   ,  27.023874  ,  27.888882  , -24.590174  ,
    27.242874  ,   5.403176  ,   1.6651167 ,   0.04653835,   2.7742991 ,
    -1.6737041 ,  -1.4705989 ,   3.7355766 ],
 [-304.34003   ,  21.920227  ,  20.001776  ,  22.839252  , -27.051332  ,
    18.899963  ,   5.442271  ,  -2.3334575 ,   0.87098515,   6.6909504 ,
     3.2418308 ,  -1.1751888 ,   1.5495018 ],
 [-305.00305   ,  25.553688  ,  22.066538  ,  20.418196  , -21.464428  ,
    16.995518  ,  -2.988819  ,   3.8384695 ,   6.8546834 ,   4.596094  ,
     3.3223448 ,  -0.92985845,   0.9041295 ],
 [-311.93753   ,  20.98547   ,  26.042355  ,  22.02901   , -17.56712   ,
    24.647123  ,   1.0484838 ,  -4.9270544 ,   0.5619262 ,   0.860569  ,
    -0.72708964,  -2.2173603 ,   4.550829  ],
 [-305.17776   ,  31.456783  ,  23.466938  ,  18.39976   , -21.759518  ,
    17.826258  ,  -5.7811    ,   0.9500958 ,   2.8054037 ,   3.688403  ,
     0.9899087 ,   3.1867502 ,   6.368179  ],
 [-313.09915   ,  23.598469  ,  24.570648  ,  23.247885  , -18.033554  ,
    19.21753   ,  -9.92577   ,  -3.0131638 ,   3.806956  ,   1.5675619 ,
    -3.3689399 ,  -2.0074458 ,   3.355494  ],
 [-315.94144   ,  21.634066  ,  31.594067  ,  26.383121  , -13.819361  ,
    18.441027  ,  -7.3938284 ,   2.0431838 ,  -2.439002  ,   7.840426  ,
     4.991231  ,  -0.7951865 ,   0.34641433],
 [-319.82233   ,  26.81176   ,  30.521202  ,  13.978079  , -20.671059  ,
    18.917482  ,  -1.4534636 ,   1.6201613 ,  -4.77522   ,   3.4760528 ,
     3.7971373 ,   5.332376  ,   6.086097  ],
 [-324.78577   ,  22.960934  ,  29.696602  ,  18.471561  , -11.283287  ,
    25.444752  ,  -2.2507768 ,   3.3130789 ,  -1.2682748 ,   1.3152349 ,
     2.9189122 ,   4.835494  ,   3.8553555 ],
 [-322.25952   ,  25.919128  ,  28.003342  ,  15.885909  , -15.745474  ,
    26.06784   ,  -2.692175  ,   4.001275  ,   4.9242105 ,   4.4823446 ,
     6.715938  ,   0.18640402,   2.4926772 ],
 [-323.13644   ,  32.03343   ,  26.642033  ,  20.433708  , -11.730373  ,
    17.727467  ,  -8.581238  ,  -1.6621234 ,   4.9787235 ,  -3.0239444 ,
    -0.7882353 ,   2.4076672 ,   3.831438  ],
 [-332.96774   ,  25.51236   ,  24.960342  ,  12.790944  , -17.09832   ,
    19.31506   ,  -8.874495  ,  -2.2120807 ,   2.4957595 ,  -6.742203  ,
     4.2368484 ,   2.5927353 ,   0.6344495 ],
 [-336.77094   ,  20.556946  ,  21.9433    ,  11.788702  , -15.783877  ,
    23.827007  ,  -0.09131896,   5.069421  ,   8.805343  ,  -2.3016896 ,
    -0.12126923,   1.2540367 ,  -1.0700921 ],
 [-335.90265   ,  28.333185  ,  27.1264    ,  15.7233    , -16.199398  ,
    17.11316   ,  -7.9565926 ,  -4.666184  ,   5.292857  ,  -5.688122  ,
     6.528083  ,   3.4565666 ,  -4.671958  ],
 [-333.7016    ,  36.873436  ,  30.176662  ,  17.890104  , -11.60639   ,
    14.4737215 ,  -6.316492  ,  -4.278904  ,   6.3108544 ,  -5.5210247 ,
     1.142361  ,   1.730482  ,  -2.7191963 ],
 [-341.57977   ,  30.991787  ,  32.85764   ,  26.908642  , -14.948428  ,
     8.216903  ,  -7.616599  , -10.090553  ,   6.1663265 ,  -4.827805  ,
     3.2901583 ,   4.762857  ,   0.6116246 ],
 [-338.49716   ,  21.61362   ,  23.050343  ,  23.080042  ,  -9.173305  ,
    15.22104   ,  -7.757002  ,  -0.8639504 ,  11.769032  ,  -9.608508  ,
     0.20796561,   0.84932584,  -2.917619  ]]","[[-280.09152   ,  26.1128    ,   4.060148  ,  11.953274  , -11.044165  ,
    10.203438  ,  -1.7182055 ,   1.2801168 ,   3.5486982 ,  -1.7236919 ,
     0.08136535,   4.010078  ,   2.2125456 ],
 [-295.43436   ,  28.92662   ,  16.800564  ,  19.10326   , -19.725372  ,
    21.44526   ,   3.0971546 ,  -8.330543  ,   5.9171624 ,   7.1536026 ,
    -5.955245  ,   3.6057    ,   4.7361    ],
 [-297.54648   ,  29.09445   ,  20.455048  ,  20.744003  , -19.216915  ,
    15.415655  ,  -0.6749089 ,   1.8731577 ,   7.161287  ,   9.849867  ,
    -4.362611  ,  -1.8221763 ,   2.693689  ],
 [-300.7583    ,  25.397839  ,  21.346325  ,  17.250778  , -17.170914  ,
    23.210258  ,  -3.6917713 ,   0.3367586 ,   3.155778  ,   6.403089  ,
    -8.240372  ,   0.8153514 ,   1.4743063 ],
 [-296.69226   ,  31.080204  ,  27.110245  ,  18.61374   , -22.067825  ,
    17.258858  ,  -5.5129147 ,  -3.1116028 ,  -1.7208059 ,   9.140371  ,
    -7.9850187 ,  -0.16565298,   6.0577593 ],
 [-301.52917   ,  23.755512  ,  22.82737   ,  18.597092  , -22.350481  ,
    21.003765  ,  -3.3435926 ,  -2.1808488 ,  -0.56277937,  10.129954  ,
    -4.542677  ,   1.3519386 ,   7.1096344 ],
 [-297.36075   ,  27.935545  ,  19.343773  ,  22.802952  , -18.13107   ,
    24.499184  ,   1.4681964 ,   3.7107658 ,   0.4830183 ,   8.595049  ,
    -1.6064906 ,  -1.0019233 ,  10.616415  ],
 [-304.89822   ,  29.871353  ,  23.744984  ,  24.888866  , -18.082935  ,
    19.005356  ,   0.90164083,   5.7764034 ,   2.614822  ,   6.193305  ,
     0.13185287,   1.3879302 ,   5.9688454 ],
 [-303.21756   ,  27.29103   ,  25.124062  ,  23.38328   , -22.595364  ,
    25.480501  ,  -3.7129326 ,  -1.907927  ,   4.2206793 ,   7.398712  ,
     1.2384427 ,  -5.7282286 ,   6.2533197 ],
 [-304.75333   ,  35.123665  ,  25.719196  ,  17.405857  , -19.947739  ,
    24.013615  ,  -3.34557   ,  -0.41440767,   3.8929954 ,   3.7350416 ,
     1.9924896 ,   2.3919232 ,   2.0262225 ],
 [-303.84988   ,  31.861765  ,  24.42213   ,  21.808884  , -23.632437  ,
    18.726898  ,  -5.069197  ,  -4.5788684 ,   2.150622  ,   4.6463623 ,
    -0.23856926,  -2.0860736 ,   4.2424726 ],
 [-318.85947   ,  31.579628  ,  24.536125  ,  20.883831  , -15.727085  ,
    22.601507  ,   1.2398312 ,  -0.8755475 ,   3.4298732 ,  -4.806838  ,
    -0.71986496,  -0.93889755,  -1.9540855 ],
 [-309.70883   ,  31.721058  ,  17.34301   ,  20.643127  , -16.597214  ,
    23.36882   ,  -0.9559307 ,  -4.6462326 ,  14.135191  ,  -2.238932  ,
    -3.5349681 ,   4.105794  ,   1.3006327 ],
 [-319.3504    ,  35.567368  ,  34.135628  ,  23.104095  , -20.709772  ,
    13.769025  ,  -2.737023  ,  -1.9341556 ,  15.397361  ,  -1.2493699 ,
    -5.192262  ,   2.396272  ,  -0.0119462 ],
 [-319.86047   ,  31.473942  ,  19.938072  ,  16.766928  , -27.99916   ,
    13.284376  ,  -1.742022  ,  -9.4774475 ,   8.640361  ,  -3.856381  ,
    -1.9057608 ,   4.5617986 ,   0.34773844],
 [-318.93744   ,  38.135963  ,  23.097918  ,  20.34828   , -17.936745  ,
    14.442032  ,   1.8263466 ,  -8.549341  ,  16.572811  ,  -4.6792307 ,
    -1.4679018 ,   8.315575  ,  -5.445308  ],
 [-322.99487   ,  27.245754  ,  19.939781  ,  17.614067  , -30.438347  ,
     9.537642  ,   5.069051  ,  -4.558746  ,  12.283711  ,   2.1271858 ,
    -1.1249132 ,  11.882084  ,  -1.0499165 ],
 [-316.67773   ,  25.124512  ,  19.034565  ,  23.197456  , -22.524887  ,
    19.02684   ,  -0.2687055 , -13.845479  ,   8.385114  ,  -4.4857006 ,
    -6.0147142 ,  11.686385  ,   0.83149123],
 [-319.69174   ,  31.521503  ,  22.34045   ,  13.021526  , -17.701874  ,
    11.828519  ,  -2.3897572 ,  -5.6597443 ,   4.5443707 ,   1.5183864 ,
    -5.0581007 ,  10.679423  ,   1.2505295 ],
 [-303.86288   ,  33.16305   ,  23.667826  ,  12.584681  , -20.391842  ,
    20.660389  ,  -4.094222  ,  -7.5783772 ,   0.20521247,   5.3803873 ,
    -7.2745395 ,   7.702574  ,   4.502827  ],
 [-304.95532   ,  25.351442  ,  23.075808  ,  16.495743  , -27.602222  ,
    17.838987  ,  -0.8383595 ,  -2.193358  ,  -0.47341657,  -0.7873552 ,
    -9.964554  ,   4.0632176 ,   6.55517   ],
 [-311.62573   ,  25.23785   ,  27.780884  ,  22.29555   , -18.716736  ,
    22.202555  ,   1.2350123 ,  -1.4390591 ,  -1.0991122 ,   2.6599107 ,
    -7.1213655 ,   1.2008076 ,   7.456746  ],
 [-313.58167   ,  22.279278  ,  17.795235  ,  16.640945  , -21.811375  ,
    23.682938  ,   2.716268  ,  -4.967657  ,  -2.8928785 ,  -2.98112   ,
    -4.7334504 ,   2.844986  ,   4.0131316 ],
 [-315.45316   ,  26.8073    ,  19.635393  ,  15.977026  , -22.959911  ,
    17.047867  ,  -1.0986693 ,   1.8215065 ,   5.4481316 ,   2.0508175 ,
    -5.5266666 ,  -0.8557415 ,   8.530504  ],
 [-319.9394    ,  24.08015   ,  24.497992  ,  11.95573   , -25.665054  ,
    18.408077  ,  -0.94946885,   5.712676  ,   4.880826  ,   2.783424  ,
    -5.710477  ,  -2.861806  ,   3.856082  ],
 [-314.95914   ,  29.08961   ,  26.796444  ,  14.055048  , -26.42997   ,
    20.369923  ,   0.49214292,   8.419876  ,   8.989416  ,   0.5513874 ,
    -0.51395464,   3.5989828 ,   5.486715  ],
 [-309.48102   ,  25.963173  ,  33.383583  ,  16.939209  , -20.791283  ,
    16.644346  ,  -8.63765   ,  -1.4833792 ,   5.316387  ,   5.6664557 ,
     2.1314983 ,   1.0608045 ,  -2.499455  ],
 [-309.2155    ,  26.827995  ,  25.513672  ,  14.063425  , -23.755606  ,
    19.222193  ,  -5.650367  ,   2.3629646 ,   9.964531  ,  -1.3954047 ,
    -1.6080917 ,   7.8679895 ,   1.6115371 ],
 [-310.14398   ,  20.410025  ,  24.934525  ,   8.403849  , -20.01653   ,
    21.987272  ,  -6.259946  ,  -1.2581284 ,   6.28609   ,   2.8770154 ,
    -1.3819168 ,   5.4214005 ,  -2.4238007 ],
 [-307.24915   ,  25.539001  ,  33.778618  ,  26.502434  , -21.840527  ,
    19.711552  ,  -2.6363492 ,   0.35410765,   7.6443    ,  -4.089715  ,
    -1.8280855 ,   5.4550047 ,   1.1421558 ],
 [-315.70538   ,  19.244991  ,  28.12045   ,  19.444378  , -21.939964  ,
    22.877922  ,  -3.246479  ,  -1.1087583 ,   1.5116838 ,  -0.79612327,
     0.8718271 ,   5.307422  ,  -3.2246614 ],
 [-309.3432    ,  29.376776  ,  30.840456  ,  22.851618  , -18.49865   ,
    16.82432   , -16.996662  ,   2.4163857 ,  10.622399  ,   3.1840138 ,
     0.44067   ,   0.07623879,  -4.831892  ],
 [-320.45966   ,  15.301025  ,  23.361301  ,  21.68586   , -17.19729   ,
    18.435833  ,  -3.9765391 ,   7.425293  ,  -0.3209709 ,   1.3884468 ,
    -0.40781134,   1.0280547 ,   0.7454069 ],
 [-310.25757   ,  23.518185  ,  23.155415  ,  19.24535   , -18.02025   ,
    16.30918   ,  -6.6135035 ,   4.0075006 ,   4.322882  ,   1.1720519 ,
    -7.6203923 ,  -4.0816636 ,  -2.845141  ],
 [-306.39264   ,  26.417545  ,  22.931171  ,  16.0541    , -20.573185  ,
    12.653048  ,  -7.710685  ,  10.690936  ,  10.505142  ,   3.803185  ,
    -6.205471  ,   0.20378193,   0.49691415],
 [-236.57251   ,  -2.5780182 ,  25.129028  ,  36.81968   , -39.788452  ,
    23.990656  ,  -6.925267  ,   7.1443396 , -10.099666  ,   7.6222    ,
    -3.0473132 ,   1.0905313 ,  -3.360417  ],
 [-174.60437   ,  13.980948  ,  42.165085  ,  43.038795  , -20.697416  ,
    14.174088  , -10.5882225 ,  -0.21388769,  -9.664028  ,   4.0910516 ,
    -2.8426523 ,  -0.2011188 ,   1.1391485 ],
 [-153.15494   ,  22.790052  ,  34.16391   ,  39.09826   , -20.630722  ,
    13.744132  ,  -9.372064  ,   1.7792834 , -12.663584  ,   5.1254864 ,
    -5.1823516 ,   2.6641543 ,   3.0611577 ],
 [-153.0923    ,  37.43383   ,  22.726854  ,  32.351257  , -18.903347  ,
    10.075974  ,  -5.9089227 ,  -2.2402327 , -11.958745  ,   8.066879  ,
    -4.848594  ,   4.1074586 ,   1.3806089 ],
 [-156.48979   ,  37.29948   ,  27.949451  ,  31.958923  , -12.457136  ,
     6.88495   , -10.2546425 ,  -1.1335057 , -10.281218  ,   6.910566  ,
    -2.1524353 ,   1.9938873 ,   0.7486546 ],
 [-207.88606   ,  55.341858  ,  40.38427   ,  31.773108  ,  -0.8709003 ,
     5.760643  ,   0.26947147,  -0.26712072,  -3.5564804 ,   0.25181723,
    -1.570258  ,  -4.4411635 ,  -1.948321  ],
 [-211.64047   ,  66.85614   ,  34.701855  ,  31.384775  ,  -5.6284504 ,
    14.528225  ,  -1.2433882 ,   1.962784  ,  -7.73883   ,   0.1984272 ,
    -5.123265  ,  -3.805239  ,  -2.32624   ],
 [-210.78117   ,  66.94586   ,  30.58115   ,  31.134478  ,  -2.0737865 ,
    14.32649   ,  -4.5906053 ,   7.988944  , -11.53843   ,  -1.0510571 ,
    -1.3099022 ,  -2.9723642 ,  -7.641267  ],
 [-213.80325   ,  75.778824  ,  23.731043  ,  26.405807  ,   4.3939424 ,
     9.991472  ,  -1.2004145 ,  10.460351  , -14.64983   ,  -2.172707  ,
    -3.126597  ,   0.26507518,  -6.5458875 ],
 [-212.33896   ,  68.7036    ,  24.422031  ,  32.822197  ,   4.6328287 ,
     8.007633  ,  -6.13908   ,  13.132238  , -14.637312  ,  -2.6458273 ,
    -1.8690643 ,  -0.47940555,  -5.1658764 ],
 [-206.35083   ,  67.105606  ,  24.143036  ,  26.056417  ,   6.9092784 ,
     8.096472  ,  -3.368473  ,  10.576849  , -16.606428  ,   0.60164356,
    -0.18394995,   1.1371801 ,  -8.670675  ],
 [-213.61702   ,  69.65819   ,  25.140884  ,  22.514828  ,   9.278783  ,
    11.392675  ,  -2.8711052 ,   9.825059  , -18.802174  ,   2.198666  ,
    -1.2812779 ,  -2.3603792 ,  -5.207017  ],
 [-211.8598    ,  70.51842   ,  26.343647  ,  19.498981  ,  10.082514  ,
    12.459345  ,  -4.9522533 ,  12.256319  , -20.061115  ,  -2.2418265 ,
     1.1210415 ,   1.5045735 ,  -4.5027285 ],
 [-215.68692   ,  66.9761    ,  29.306843  ,  26.145805  ,   9.009089  ,
    11.527387  ,  -7.974023  ,  10.193838  , -18.497007  ,   0.2952814 ,
    -0.3437643 ,   1.365682  ,  -6.000212  ],
 [-217.34679   ,  68.19613   ,  30.73239   ,  27.780136  ,   3.2176087 ,
    10.756185  ,  -4.693694  ,   9.303272  , -14.67083   ,  -2.3689933 ,
    -1.3867276 ,   3.3055136 ,  -8.974678  ],
 [-226.5635    ,  67.39705   ,  38.117844  ,  24.153284  ,   5.5160513 ,
     8.988758  ,  -5.02829   ,  16.927692  , -17.677391  ,  -3.8246636 ,
    -4.3641615 ,   0.80703425,  -4.890154  ],
 [-225.1179    ,  75.65932   ,  23.475122  ,  20.48233   ,   7.6036825 ,
    19.932905  ,  -3.691985  ,   6.2216434 , -12.126304  ,   2.1153185 ,
    -6.8969493 ,  -5.7565966 ,   0.96903753],
 [-226.74289   ,  43.24447   ,  32.098114  ,  15.964549  ,  10.48604   ,
    10.832195  ,   4.30666   ,   4.6896033 ,   0.27904713,  -2.2741616 ,
    -8.846654  ,  -7.9977055 ,  -3.0010872 ],
 [-226.15196   ,  23.371494  ,  18.660982  ,  10.955559  ,  12.550311  ,
    10.100475  ,   6.814171  ,   2.8500404 ,   4.78139   ,  -0.90483856,
     3.911685  ,   1.445037  ,   2.0566263 ],
 [-227.23723   ,  15.216583  ,  19.64112   ,  18.437658  ,  14.39139   ,
    10.58824   ,   6.4369555 ,   8.361642  ,   9.659283  ,  -1.2644157 ,
    -0.8300288 ,   4.959231  ,   7.224744  ],
 [-224.92447   ,  15.915758  ,  12.000101  ,   6.3315206 ,   5.6051974 ,
     3.391789  ,   7.322182  ,   1.8588455 ,   1.8178763 ,   2.5808163 ,
     5.4001436 ,   3.1058521 ,  -0.5843668 ],
 [-193.1275    ,  18.465109  ,  -0.8042003 ,   0.2994398 ,   5.730179  ,
    11.453171  ,  -3.233596  ,  -2.2476711 ,   2.8316524 ,  -2.4430308 ,
     7.532099  ,   3.670604  ,  -0.49870968],
 [-204.76703   ,  84.3423    ,  24.905518  ,  -1.310634  , -20.17247   ,
    14.248676  ,  -5.6672497 ,   1.0951021 ,  -3.6239853 ,  -4.0181894 ,
     3.1292105 ,   0.85039955,  -2.6236944 ],
 [-179.0348    ,  91.481415  ,  13.570341  ,  -0.30819964, -26.400534  ,
    11.565138  ,   2.4081063 ,  -7.3811235 ,   0.7707988 ,  -6.7084646 ,
     1.451545  ,  -1.6954644 ,   6.9707623 ],
 [-179.97125   ,  80.45014   ,  20.211773  ,   1.771544  , -30.406425  ,
    14.873842  ,  -1.5478923 ,  -6.5272923 ,  -0.04711354,  -6.3048043 ,
     6.689275  ,  -8.028053  ,  12.521686  ],
 [-187.73315   ,  84.799614  ,  25.23119   ,  -4.157384  , -27.537422  ,
    16.16587   ,  -1.5596375 ,  -9.20414   ,   7.6743407 ,  -8.010178  ,
     4.1405315 ,  -9.41066   ,   6.9160976 ],
 [-200.38661   ,  79.79866   ,  31.156395  ,  -1.8136139 , -27.168259  ,
     9.934827  ,   2.5702715 , -11.134983  ,   2.4010875 ,  -3.3058152 ,
     0.99359083,  -5.0344014 ,  10.101833  ],
 [-220.7662    ,  77.96358   ,  35.52095   ,   1.023861  , -25.649147  ,
    15.422267  ,  -0.2759955 , -12.846466  ,   5.008239  ,  -7.57971   ,
    -2.1107283 ,  -1.4782387 ,  10.361617  ],
 [-227.38719   ,  76.96506   ,  42.129105  ,   5.111623  , -28.09391   ,
     8.622073  ,  -0.72581446,  -1.3071451 ,   5.826056  ,  -6.618922  ,
    -2.203032  ,   0.4832431 ,   3.4722738 ],
 [-249.55888   ,  65.78941   ,  38.454994  ,   7.7742624 , -21.78364   ,
    15.438513  , -11.408432  ,  -5.5351167 ,   8.677066  ,  -6.2047377 ,
    -4.4772987 ,  -2.9550586 ,  11.295603  ],
 [-241.5951    ,  64.22957   ,  37.962337  ,   7.5955873 , -31.811035  ,
    17.529514  ,  -0.04775143,  -4.67652   ,   6.8943405 ,  -3.4995513 ,
    -5.502765  ,  -7.543308  ,   3.5539765 ],
 [-269.43536   ,  44.967117  ,  30.899807  ,  17.097656  , -12.852772  ,
    23.52861   ,   1.0009522 ,   0.19011569,   6.879258  ,  -0.82477427,
    -4.308437  ,  -4.754518  ,   6.2346253 ],
 [-286.7917    ,  49.225914  ,  25.768414  ,  10.658802  , -21.138443  ,
    13.261599  ,  -4.5054092 ,  -3.1977193 ,   6.5282106 ,   5.084464  ,
    -1.1022195 ,  -0.727072  ,  -0.20280123],
 [-296.7599    ,  52.767212  ,  28.134882  ,   5.0693283 , -27.965515  ,
    16.464924  ,  -3.6845958 ,   1.8816876 ,   9.583288  ,  -0.9318652 ,
    -4.5897036 ,   4.5756245 ,   1.4427364 ],
 [-303.8513    ,  38.60034   ,  17.301006  ,   6.6466756 , -12.098906  ,
    23.88142   ,  -1.2102832 ,   9.473352  ,   2.1529293 ,   2.5385866 ,
    -0.91980493,  -0.9028736 ,   4.540734  ],
 [-279.7089    ,  41.27266   ,  34.911896  ,  -3.717202  , -15.640723  ,
    22.177408  ,   4.7694654 ,   9.913614  ,   4.550226  ,   7.6709228 ,
     3.0228477 ,   7.0739074 ,  -2.6727433 ],
 [-297.05356   ,  45.797993  ,  24.487226  ,  -2.4567664 , -25.058598  ,
    21.923092  ,  -6.679122  ,   7.4473667 ,  13.375369  ,  -0.62703407,
     6.3561797 ,   5.1101193 ,  -1.1185117 ],
 [-308.08014   ,  33.67449   ,  11.631563  ,   2.0838397 , -23.025002  ,
    28.436796  ,   0.7485359 ,  -0.97987604,   8.917362  ,  -9.656258  ,
    -8.121696  ,  -3.8341649 ,  -3.8081322 ],
 [-310.61282   ,  37.06264   ,  13.640165  ,   1.4384425 , -23.607555  ,
    25.73106   ,   1.2393844 ,   4.357298  ,  13.775452  ,  -5.7567186 ,
     2.55347   ,   5.88622   ,  -2.7499783 ],
 [-309.97662   ,  41.90601   ,  17.555817  ,   2.550458  , -27.58483   ,
    20.204819  ,   7.550542  ,  -0.8779428 ,   6.1492605 ,  -3.785804  ,
    -1.7700838 ,   6.3583694 ,  -1.9997207 ],
 [-312.69592   ,  37.47695   ,  16.661179  ,   8.0100975 , -22.104443  ,
    20.012222  ,   5.360986  ,  -2.9302387 ,   7.4744453 , -11.669804  ,
    -3.9276528 ,   1.9600589 ,  -2.942883  ],
 [-319.6884    ,  33.420193  ,  10.494993  ,   4.934967  , -28.03406   ,
    19.150005  ,   5.9868236 ,  -9.3836565 ,   8.798208  ,  -7.690174  ,
    -6.0781574 ,   1.4348662 ,  -5.342228  ],
 [-309.6022    ,  36.813522  ,  11.574022  ,  11.625038  , -24.708666  ,
    25.041824  ,  13.031204  ,  -3.9200797 ,   8.06492   , -12.793994  ,
    -6.5843496 ,   9.359802  ,   3.1068888 ],
 [-319.18365   ,  25.541103  ,   4.09471   ,  10.784426  , -26.785725  ,
    22.035526  ,  18.416386  ,  -2.0279346 ,  16.79895   ,  -5.282995  ,
    -8.3770275 ,   7.7582445 ,  -4.9524155 ],
 [-322.27313   ,  29.792048  ,  19.373024  ,  10.742275  , -25.877483  ,
    24.459442  ,  16.748644  ,  -2.5700564 ,   3.002549  , -13.380406  ,
    -6.184514  ,  10.907988  ,  -1.1973064 ],
 [-306.18176   ,  35.81992   ,  18.972729  ,  18.505596  , -20.41113   ,
    22.180016  ,  17.15363   ,  -4.196799  ,   8.396385  ,   4.5559015 ,
   -12.706919  ,   7.337979  ,  -0.6967864 ],
 [-307.309     ,  30.730515  ,  30.883465  ,  20.86986   , -20.15668   ,
    22.8078    ,   6.22554   ,   0.28002822,  13.254394  ,   2.9396439 ,
    -9.007062  ,  11.632297  ,  -1.075139  ],
 [-300.12543   ,  34.396805  ,  26.663048  ,  14.543726  , -30.488312  ,
    19.107252  ,  10.174134  ,   6.4504495 ,   8.621013  ,   7.2510443 ,
    -1.9537797 ,   4.9826865 ,   0.9574535 ],
 [-303.24924   ,  27.997242  ,  23.983593  ,  14.709026  , -16.785702  ,
    28.649675  ,  -1.7722433 ,  -1.502217  ,   5.8349915 ,  10.059044  ,
    -0.5319207 ,   3.5428925 ,  -0.21177176],
 [-306.74982   ,  19.827896  ,  26.660036  ,  14.013873  , -35.08824   ,
    21.958061  ,  -2.0950801 ,   1.1392746 ,   2.4964027 ,   1.590332  ,
    -1.8734411 ,   0.06993697,   4.686439  ],
 [-296.64203   ,  30.881504  ,  31.412987  ,  23.54257   , -27.292652  ,
    22.674948  ,   3.274636  ,   3.5227876 ,   3.2040772 ,   2.5856395 ,
     1.6468191 ,   0.86094767,   7.4756308 ],
 [-301.5831    ,  19.87873   ,  27.023874  ,  27.888882  , -24.590174  ,
    27.242874  ,   5.403176  ,   1.6651167 ,   0.04653835,   2.7742991 ,
    -1.6737041 ,  -1.4705989 ,   3.7355766 ],
 [-304.34003   ,  21.920227  ,  20.001776  ,  22.839252  , -27.051332  ,
    18.899963  ,   5.442271  ,  -2.3334575 ,   0.87098515,   6.6909504 ,
     3.2418308 ,  -1.1751888 ,   1.5495018 ],
 [-305.00305   ,  25.553688  ,  22.066538  ,  20.418196  , -21.464428  ,
    16.995518  ,  -2.988819  ,   3.8384695 ,   6.8546834 ,   4.596094  ,
     3.3223448 ,  -0.92985845,   0.9041295 ],
 [-311.93753   ,  20.98547   ,  26.042355  ,  22.02901   , -17.56712   ,
    24.647123  ,   1.0484838 ,  -4.9270544 ,   0.5619262 ,   0.860569  ,
    -0.72708964,  -2.2173603 ,   4.550829  ],
 [-305.17776   ,  31.456783  ,  23.466938  ,  18.39976   , -21.759518  ,
    17.826258  ,  -5.7811    ,   0.9500958 ,   2.8054037 ,   3.688403  ,
     0.9899087 ,   3.1867502 ,   6.368179  ],
 [-313.09915   ,  23.598469  ,  24.570648  ,  23.247885  , -18.033554  ,
    19.21753   ,  -9.92577   ,  -3.0131638 ,   3.806956  ,   1.5675619 ,
    -3.3689399 ,  -2.0074458 ,   3.355494  ],
 [-315.94144   ,  21.634066  ,  31.594067  ,  26.383121  , -13.819361  ,
    18.441027  ,  -7.3938284 ,   2.0431838 ,  -2.439002  ,   7.840426  ,
     4.991231  ,  -0.7951865 ,   0.34641433],
 [-319.82233   ,  26.81176   ,  30.521202  ,  13.978079  , -20.671059  ,
    18.917482  ,  -1.4534636 ,   1.6201613 ,  -4.77522   ,   3.4760528 ,
     3.7971373 ,   5.332376  ,   6.086097  ],
 [-324.78577   ,  22.960934  ,  29.696602  ,  18.471561  , -11.283287  ,
    25.444752  ,  -2.2507768 ,   3.3130789 ,  -1.2682748 ,   1.3152349 ,
     2.9189122 ,   4.835494  ,   3.8553555 ],
 [-322.25952   ,  25.919128  ,  28.003342  ,  15.885909  , -15.745474  ,
    26.06784   ,  -2.692175  ,   4.001275  ,   4.9242105 ,   4.4823446 ,
     6.715938  ,   0.18640402,   2.4926772 ],
 [-323.13644   ,  32.03343   ,  26.642033  ,  20.433708  , -11.730373  ,
    17.727467  ,  -8.581238  ,  -1.6621234 ,   4.9787235 ,  -3.0239444 ,
    -0.7882353 ,   2.4076672 ,   3.831438  ],
 [-332.96774   ,  25.51236   ,  24.960342  ,  12.790944  , -17.09832   ,
    19.31506   ,  -8.874495  ,  -2.2120807 ,   2.4957595 ,  -6.742203  ,
     4.2368484 ,   2.5927353 ,   0.6344495 ],
 [-336.77094   ,  20.556946  ,  21.9433    ,  11.788702  , -15.783877  ,
    23.827007  ,  -0.09131896,   5.069421  ,   8.805343  ,  -2.3016896 ,
    -0.12126923,   1.2540367 ,  -1.0700921 ],
 [-335.90265   ,  28.333185  ,  27.1264    ,  15.7233    , -16.199398  ,
    17.11316   ,  -7.9565926 ,  -4.666184  ,   5.292857  ,  -5.688122  ,
     6.528083  ,   3.4565666 ,  -4.671958  ],
 [-333.7016    ,  36.873436  ,  30.176662  ,  17.890104  , -11.60639   ,
    14.4737215 ,  -6.316492  ,  -4.278904  ,   6.3108544 ,  -5.5210247 ,
     1.142361  ,   1.730482  ,  -2.7191963 ],
 [-341.57977   ,  30.991787  ,  32.85764   ,  26.908642  , -14.948428  ,
     8.216903  ,  -7.616599  , -10.090553  ,   6.1663265 ,  -4.827805  ,
     3.2901583 ,   4.762857  ,   0.6116246 ],
 [-338.49716   ,  21.61362   ,  23.050343  ,  23.080042  ,  -9.173305  ,
    15.22104   ,  -7.757002  ,  -0.8639504 ,  11.769032  ,  -9.608508  ,
     0.20796561,   0.84932584,  -2.917619  ],
 [   0.        ,   0.        ,   0.        ,   0.        ,   0.        ,
     0.        ,   0.        ,   0.        ,   0.        ,   0.        ,
     0.        ,   0.        ,   0.        ],
 [   0.        ,   0.        ,   0.        ,   0.        ,   0.        ,
     0.        ,   0.        ,   0.        ,   0.        ,   0.        ,
     0.        ,   0.        ,   0.        ],
 [   0.        ,   0.        ,   0.        ,   0.        ,   0.        ,
     0.        ,   0.        ,   0.        ,   0.        ,   0.        ,
     0.        ,   0.        ,   0.        ],
 [   0.        ,   0.        ,   0.        ,   0.        ,   0.        ,
     0.        ,   0.        ,   0.        ,   0.        ,   0.        ,
     0.        ,   0.        ,   0.        ],
 [   0.        ,   0.        ,   0.        ,   0.        ,   0.        ,
     0.        ,   0.        ,   0.        ,   0.        ,   0.        ,
     0.        ,   0.        ,   0.        ],
 [   0.        ,   0.        ,   0.        ,   0.        ,   0.        ,
     0.        ,   0.        ,   0.        ,   0.        ,   0.        ,
     0.        ,   0.        ,   0.        ],
 [   0.        ,   0.        ,   0.        ,   0.        ,   0.        ,
     0.        ,   0.        ,   0.        ,   0.        ,   0.        ,
     0.        ,   0.        ,   0.        ],
 [   0.        ,   0.        ,   0.        ,   0.        ,   0.        ,
     0.        ,   0.        ,   0.        ,   0.        ,   0.        ,
     0.        ,   0.        ,   0.        ],
 [   0.        ,   0.        ,   0.        ,   0.        ,   0.        ,
     0.        ,   0.        ,   0.        ,   0.        ,   0.        ,
     0.        ,   0.        ,   0.        ],
 [   0.        ,   0.        ,   0.        ,   0.        ,   0.        ,
     0.        ,   0.        ,   0.        ,   0.        ,   0.        ,
     0.        ,   0.        ,   0.        ],
 [   0.        ,   0.        ,   0.        ,   0.        ,   0.        ,
     0.        ,   0.        ,   0.        ,   0.        ,   0.        ,
     0.        ,   0.        ,   0.        ],
 [   0.        ,   0.        ,   0.        ,   0.        ,   0.        ,
     0.        ,   0.        ,   0.        ,   0.        ,   0.        ,
     0.        ,   0.        ,   0.        ],
 [   0.        ,   0.        ,   0.        ,   0.        ,   0.        ,
     0.        ,   0.        ,   0.        ,   0.        ,   0.        ,
     0.        ,   0.        ,   0.        ],
 [   0.        ,   0.        ,   0.        ,   0.        ,   0.        ,
     0.        ,   0.        ,   0.        ,   0.        ,   0.        ,
     0.        ,   0.        ,   0.        ],
 [   0.        ,   0.        ,   0.        ,   0.        ,   0.        ,
     0.        ,   0.        ,   0.        ,   0.        ,   0.        ,
     0.        ,   0.        ,   0.        ],
 [   0.        ,   0.        ,   0.        ,   0.        ,   0.        ,
     0.        ,   0.        ,   0.        ,   0.        ,   0.        ,
     0.        ,   0.        ,   0.        ],
 [   0.        ,   0.        ,   0.        ,   0.        ,   0.        ,
     0.        ,   0.        ,   0.        ,   0.        ,   0.        ,
     0.        ,   0.        ,   0.        ],
 [   0.        ,   0.        ,   0.        ,   0.        ,   0.        ,
     0.        ,   0.        ,   0.        ,   0.        ,   0.        ,
     0.        ,   0.        ,   0.        ],
 [   0.        ,   0.        ,   0.        ,   0.        ,   0.        ,
     0.        ,   0.        ,   0.        ,   0.        ,   0.        ,
     0.        ,   0.        ,   0.        ],
 [   0.        ,   0.        ,   0.        ,   0.        ,   0.        ,
     0.        ,   0.        ,   0.        ,   0.        ,   0.        ,
     0.        ,   0.        ,   0.        ],
 [   0.        ,   0.        ,   0.        ,   0.        ,   0.        ,
     0.        ,   0.        ,   0.        ,   0.        ,   0.        ,
     0.        ,   0.        ,   0.        ],
 [   0.        ,   0.        ,   0.        ,   0.        ,   0.        ,
     0.        ,   0.        ,   0.        ,   0.        ,   0.        ,
     0.        ,   0.        ,   0.        ],
 [   0.        ,   0.        ,   0.        ,   0.        ,   0.        ,
     0.        ,   0.        ,   0.        ,   0.        ,   0.        ,
     0.        ,   0.        ,   0.        ],
 [   0.        ,   0.        ,   0.        ,   0.        ,   0.        ,
     0.        ,   0.        ,   0.        ,   0.        ,   0.        ,
     0.        ,   0.        ,   0.        ],
 [   0.        ,   0.        ,   0.        ,   0.        ,   0.        ,
     0.        ,   0.        ,   0.        ,   0.        ,   0.        ,
     0.        ,   0.        ,   0.        ],
 [   0.        ,   0.        ,   0.        ,   0.        ,   0.        ,
     0.        ,   0.        ,   0.        ,   0.        ,   0.        ,
     0.        ,   0.        ,   0.        ],
 [   0.        ,   0.        ,   0.        ,   0.        ,   0.        ,
     0.        ,   0.        ,   0.        ,   0.        ,   0.        ,
     0.        ,   0.        ,   0.        ],
 [   0.        ,   0.        ,   0.        ,   0.        ,   0.        ,
     0.        ,   0.        ,   0.        ,   0.        ,   0.        ,
     0.        ,   0.        ,   0.        ],
 [   0.        ,   0.        ,   0.        ,   0.        ,   0.        ,
     0.        ,   0.        ,   0.        ,   0.        ,   0.        ,
     0.        ,   0.        ,   0.        ],
 [   0.        ,   0.        ,   0.        ,   0.        ,   0.        ,
     0.        ,   0.        ,   0.        ,   0.        ,   0.        ,
     0.        ,   0.        ,   0.        ],
 [   0.        ,   0.        ,   0.        ,   0.        ,   0.        ,
     0.        ,   0.        ,   0.        ,   0.        ,   0.        ,
     0.        ,   0.        ,   0.        ],
 [   0.        ,   0.        ,   0.        ,   0.        ,   0.        ,
     0.        ,   0.        ,   0.        ,   0.        ,   0.        ,
     0.        ,   0.        ,   0.        ],
 [   0.        ,   0.        ,   0.        ,   0.        ,   0.        ,
     0.        ,   0.        ,   0.        ,   0.        ,   0.        ,
     0.        ,   0.        ,   0.        ],
 [   0.        ,   0.        ,   0.        ,   0.        ,   0.        ,
     0.        ,   0.        ,   0.        ,   0.        ,   0.        ,
     0.        ,   0.        ,   0.        ],
 [   0.        ,   0.        ,   0.        ,   0.        ,   0.        ,
     0.        ,   0.        ,   0.        ,   0.        ,   0.        ,
     0.        ,   0.        ,   0.        ],
 [   0.        ,   0.        ,   0.        ,   0.        ,   0.        ,
     0.        ,   0.        ,   0.        ,   0.        ,   0.        ,
     0.        ,   0.        ,   0.        ],
 [   0.        ,   0.        ,   0.        ,   0.        ,   0.        ,
     0.        ,   0.        ,   0.        ,   0.        ,   0.        ,
     0.        ,   0.        ,   0.        ],
 [   0.        ,   0.        ,   0.        ,   0.        ,   0.        ,
     0.        ,   0.        ,   0.        ,   0.        ,   0.        ,
     0.        ,   0.        ,   0.        ],
 [   0.        ,   0.        ,   0.        ,   0.        ,   0.        ,
     0.        ,   0.        ,   0.        ,   0.        ,   0.        ,
     0.        ,   0.        ,   0.        ],
 [   0.        ,   0.        ,   0.        ,   0.        ,   0.        ,
     0.        ,   0.        ,   0.        ,   0.        ,   0.        ,
     0.        ,   0.        ,   0.        ],
 [   0.        ,   0.        ,   0.        ,   0.        ,   0.        ,
     0.        ,   0.        ,   0.        ,   0.        ,   0.        ,
     0.        ,   0.        ,   0.        ]]"
halo,dataset\halo\halo1.wav,"[[-359.14804   ,  35.221832  ,  10.320348  ,   3.0360827 ,  -1.2558362 ,
    -4.989147  ,   1.1842139 ,   3.7888186 ,  -2.6364834 ,  -2.429751  ,
     2.8406808 ,   0.997615  ,  -2.491193  ],
 [-347.7557    ,  41.484383  ,  10.5394745 ,   6.234272  ,   5.0131006 ,
     5.344147  ,   8.370174  ,   6.195652  ,  -1.2498462 ,  -2.48935   ,
    -2.1976795 ,  -1.6716148 ,   2.072215  ],
 [-349.40512   ,  39.300747  ,  18.563038  ,   8.038126  ,   6.2903275 ,
     8.746578  ,  10.028408  ,   3.2991912 ,  -4.4072723 ,   3.1957479 ,
    -2.0205145 ,  -4.020619  ,  -1.8929591 ],
 [-338.1439    ,  53.38774   ,  24.335352  ,   7.4787483 ,   4.911494  ,
     0.52330273,   5.6250668 ,   4.3526816 ,  -2.6434484 ,   1.1890814 ,
     2.9725938 ,   6.4482574 ,  -1.6390042 ],
 [-325.18253   ,  29.778515  ,  26.455215  ,   7.8264055 ,   4.7807035 ,
    -0.4007498 ,   1.1007293 ,  11.915491  ,  -2.9361415 ,   9.99681   ,
     1.897668  ,   3.9250035 ,  -5.2859635 ],
 [-340.17484   ,  33.336082  ,  32.356197  ,  10.843098  ,   7.7907815 ,
    -1.7290959 ,  -1.9010084 ,   3.9510307 ,  -8.586449  ,  -1.9479585 ,
    -3.2033117 ,   0.16061786,  -0.77176356],
 [-340.13785   ,  45.893734  ,  21.31815   ,   0.66535586,   9.06464   ,
     5.7536163 ,   3.2283561 ,   0.9430996 ,  -0.6192875 ,   2.0112243 ,
    -1.9728518 ,   5.386372  ,  -1.8002491 ],
 [-319.48795   ,  40.145763  ,  18.641445  ,   5.65036   ,   2.0730624 ,
    14.270847  ,   2.4084353 ,  -2.9942913 ,   3.9506264 ,   0.20535886,
    -1.6661228 ,   3.370656  ,  -1.4842888 ],
 [-333.93286   ,  53.975075  ,  15.972987  ,  -0.03210074,   2.3263392 ,
     5.829728  ,  -3.4132502 ,  -5.6142836 ,  -2.9550076 ,  -2.037313  ,
     1.6517508 ,   3.9915817 ,  -0.744766  ],
 [-336.60687   ,  54.676746  ,  24.113325  ,   3.3553002 ,   8.205485  ,
     3.0076833 ,   2.4376252 ,  -3.4030273 ,  -1.3717916 ,   2.0098526 ,
     3.8391016 ,   1.4852207 ,   0.6151545 ],
 [-336.01483   ,  57.04467   ,  16.917942  ,   2.3700824 ,   4.412235  ,
     8.645298  ,   5.1790476 ,   0.49808693,   0.72210205,   1.8205423 ,
     1.9837577 ,  -1.2987089 ,  -0.30855703],
 [-340.89136   ,  48.24683   ,  18.285803  ,  -0.40301841,   4.0274663 ,
     9.430635  ,   1.752481  ,  -0.45383066,   0.46596342,  -0.513924  ,
     2.9834936 ,  -3.8901486 ,   1.1634648 ],
 [-341.15002   ,  53.961136  ,  14.729265  ,   0.33902723,   2.5834131 ,
     4.0947604 ,   5.6925592 ,   6.300557  ,   1.1720489 ,  -2.1253924 ,
     2.3872533 ,   4.134128  ,  -0.7569767 ],
 [-347.6359    ,  47.74993   ,  15.480756  ,  -0.76147056,   1.9844706 ,
     7.02221   ,   0.28264165,  -1.4621549 ,  -0.08589733,   4.5486326 ,
     4.784811  ,  -0.9744245 ,  -0.6671047 ],
 [-350.56516   ,  47.941505  ,  17.621922  ,   4.696507  ,  10.319542  ,
    14.009672  ,   6.539205  ,  -2.6282327 ,  -3.6561742 ,   0.5372632 ,
     1.5819092 ,  -0.9002504 ,  -1.201716  ],
 [-347.37866   ,  45.18732   ,  12.012244  ,   5.3785734 ,   6.875249  ,
     7.6662273 ,   8.414985  ,   2.8400915 ,  -0.28183222,   2.7951899 ,
     2.2655342 ,  -0.42104405,  -0.5238908 ],
 [-346.90204   ,  50.797638  ,  22.63836   ,  11.197752  ,   3.5066333 ,
     0.8579525 ,   6.8102694 ,   4.9349585 ,  -1.8767602 ,  -0.7541466 ,
     1.4515153 ,   2.3424995 ,   4.7008543 ],
 [-352.32544   ,  42.811882  ,  16.31068   ,  11.576696  ,  10.865164  ,
     6.4681497 ,   3.2465792 ,  -3.5153694 ,  -5.2390594 ,   3.6972308 ,
     6.7691646 ,   2.3522828 ,   2.6139283 ],
 [-353.61377   ,  42.84314   ,  15.21232   ,   5.8715067 ,   5.3845305 ,
     2.4795804 ,   1.0371406 ,  -0.20177662,  -3.0188441 ,  -2.2811306 ,
     1.6577011 ,   3.2157054 ,   1.4398874 ],
 [-347.11322   ,  52.53189   ,  28.863861  ,  15.423403  ,   0.6415126 ,
    -3.321991  ,   1.5757113 ,   0.5869273 ,   3.27914   ,   8.14721   ,
     4.106286  ,   0.7865678 ,   2.9204574 ],
 [-325.57007   ,  54.148193  ,   1.290126  ,  -6.19234   ,  12.16842   ,
    15.303757  ,   9.215102  ,   3.355854  ,   1.1458119 ,   3.8033528 ,
    -1.1789519 ,   4.511317  ,  -0.84384143],
 [-293.71606   ,  47.717808  , -10.511764  ,  -4.788842  ,  14.424594  ,
    11.132051  ,   0.62540936,   3.8845363 ,   7.616935  ,   7.7938995 ,
    -9.391207  ,  15.739022  ,  -1.137703  ],
 [-248.74129   ,  29.275051  , -18.632706  , -11.403679  ,   4.8409624 ,
    12.038651  ,   2.215783  ,   2.2972589 ,   6.4063573 ,  -1.5850163 ,
   -11.400094  ,   4.5261025 ,  -2.8965998 ],
 [-225.18863   ,  14.301439  ,  -8.363755  ,   0.3704791 ,   4.283017  ,
    11.535487  ,   6.7324085 ,  -3.2465384 ,   2.4159846 ,   5.334955  ,
    -6.2430363 ,   6.969787  ,   4.6289806 ],
 [-199.47977   ,   7.622813  , -12.941492  ,   0.01043889,  -2.498885  ,
    11.537701  ,   7.7570705 ,  -1.349266  ,   3.7465007 ,   8.503075  ,
   -11.298931  ,   1.749127  ,  -0.62918425],
 [-189.17406   ,   9.653578  ,  -4.7718062 ,  -6.1256657 ,  -2.7633595 ,
    10.348804  ,  -4.0782194 ,  -4.5638924 ,   8.089804  ,   8.994883  ,
    -7.655404  ,   6.435361  ,   0.2204237 ],
 [-182.38219   ,  15.760039  , -14.113905  , -14.55195   ,  -2.10722   ,
    23.705711  ,   4.9887686 ,  -5.501596  ,   4.3721905 ,   0.03886116,
   -13.097335  ,   4.227204  ,  -4.2427874 ],
 [-150.84961   ,  44.629753  ,   2.246825  ,  -1.8432161 ,  -4.954738  ,
    16.84784   ,  -1.4631717 ,  -4.004719  ,  -3.6144    ,   2.1653254 ,
    -9.565598  ,   1.6887176 ,  -3.9390395 ],
 [-133.16911   ,  57.936142  , -11.121681  , -10.697673  ,  -4.3636646 ,
    20.909374  ,  -7.7024856 ,  -3.9153028 ,  -4.880026  ,   5.951087  ,
   -10.50923   ,  -0.6074371 ,  -4.650516  ],
 [-107.31786   ,  49.188164  , -20.172703  ,  -8.701054  , -14.35499   ,
    20.881975  ,  -5.875315  ,  -4.0795803 ,  -0.76419157,   6.246344  ,
    -9.349064  ,  -0.5507951 ,  -6.6324043 ],
 [-116.350494  ,  56.86872   , -20.409294  , -13.672319  , -14.319248  ,
    21.577623  ,  -4.296624  ,  -9.292494  ,   1.5820456 ,   4.4819865 ,
    -7.923633  ,  -0.33715808,  -2.2323747 ],
 [-122.23667   ,  54.904533  , -13.960009  , -12.006111  , -15.069026  ,
    19.640404  ,  -6.731407  ,  -6.075741  ,  -1.1875689 ,   2.8098457 ,
    -7.237342  ,  -1.7191839 ,  -0.6179559 ],
 [-128.39133   ,  55.0023    ,  -3.0422068 , -13.048889  , -15.89189   ,
    13.623573  ,  -9.615988  ,  -1.2784426 ,  -0.05143063,   0.21203732,
   -10.570728  ,   2.2632391 ,  -0.9389348 ],
 [-138.84065   ,  61.39394   ,  -0.7858313 , -16.523685  , -13.793465  ,
    12.749517  ,  -5.51638   ,  -7.608039  ,  -2.6867437 ,   0.12754083,
    -1.2044331 ,  -0.02156922,  -3.4308343 ],
 [-144.74834   ,  67.5524    ,   2.8835459 , -13.8311405 , -21.888304  ,
    15.845961  , -10.520691  , -12.86306   ,  -1.7345195 ,   6.156667  ,
    -0.55213153,   0.33164814,  -3.9884038 ],
 [-154.47163   ,  70.986206  ,  10.097834  , -15.710689  , -23.266747  ,
    16.605684  , -13.285948  ,  -9.483281  ,  -8.2639675 ,  10.401761  ,
     1.3892654 ,   1.0497534 ,  -4.8179173 ],
 [-161.0556    ,  71.89847   ,  16.64742   , -15.003433  , -24.216822  ,
    17.139324  , -15.971024  ,  -8.885494  ,  -7.327484  ,   7.8262253 ,
     3.3681562 ,   2.5010335 ,  -3.590832  ],
 [-172.86957   ,  76.12517   ,  16.734768  , -11.325724  , -23.797314  ,
    20.368416  , -13.938748  ,  -9.842225  ,  -7.2576    ,   4.7779164 ,
     2.8462477 ,   5.179553  ,  -2.1236286 ],
 [-187.59914   ,  85.5138    ,  20.746078  , -11.820116  , -17.858025  ,
     9.715359  ,  -9.9826355 , -11.647216  ,  -8.085973  ,   4.3025217 ,
     3.017841  ,   7.751514  ,   0.5706308 ],
 [-169.15189   ,  74.72265   ,  14.235758  ,  -9.249855  , -19.983631  ,
     5.8415284 ,  -5.134642  ,  -8.815841  ,  -5.032544  ,   1.1972277 ,
     3.699912  ,   5.0778613 ,   0.39585686],
 [-170.69742   ,  76.94593   ,  16.907017  , -18.794477  , -21.444977  ,
    14.793858  ,  -4.678042  , -12.053724  ,  -3.10309   ,   1.5197145 ,
    -0.6364666 ,   0.19950603,   1.5534161 ],
 [-181.5847    ,  86.60408   ,  18.253107  , -17.929626  , -22.023384  ,
    17.343533  ,  -1.7599314 , -12.100651  ,  -6.3302145 ,   2.544312  ,
    -3.1163192 ,  -0.06118478,   4.6469626 ],
 [-179.69948   ,  85.25755   ,  19.691143  , -11.772084  , -27.378288  ,
    17.033108  ,   1.800851  , -15.446461  ,  -1.97101   ,   0.05900562,
    -0.53160876,  -2.6257071 ,   1.3702056 ],
 [-183.67415   ,  83.235855  ,  22.850063  , -12.624642  , -23.793875  ,
    18.579117  ,  -0.2762115 , -17.514675  ,  -0.7872133 ,   0.37939078,
    -2.3067636 ,  -0.07777796,   0.79999197],
 [-189.74106   ,  88.23787   ,  21.75892   , -17.718613  , -18.675879  ,
    17.055134  ,  -0.26427794, -10.656994  ,  -4.487219  ,   2.5211935 ,
    -5.0675836 ,   1.0281957 ,  -0.35198832],
 [-186.55064   ,  80.50511   ,  28.583302  , -15.237714  , -25.958668  ,
    21.031788  ,   0.02409029, -13.431328  ,   0.50207067,  -2.670063  ,
     0.2725947 ,  -4.4126    ,   5.0787106 ],
 [-188.77603   ,  84.33326   ,  24.047256  , -12.362083  , -28.881449  ,
    21.092093  ,   2.3283932 , -15.062192  ,   1.6906855 ,  -1.7658055 ,
    -2.668714  ,  -1.2199169 ,   5.7242885 ],
 [-187.60786   ,  81.34708   ,  26.530972  , -15.850043  , -24.86489   ,
    17.68388   ,   2.094851  , -15.635238  ,   1.9273014 ,  -0.47789562,
    -6.3961353 ,   4.4095907 ,   2.3489573 ],
 [-187.4897    ,  81.69653   ,  27.733389  , -15.213487  , -31.307377  ,
    21.260195  ,   3.7635636 , -15.671022  ,  -0.85197306,   0.2824535 ,
    -1.0005414 ,  -1.7565174 ,   4.2927246 ],
 [-183.8969    ,  82.01458   ,  25.588192  , -15.445987  , -27.578144  ,
    18.272919  ,   3.8646712 , -17.118187  ,   3.0717382 ,   0.07566224,
    -5.827515  ,   2.1656482 ,   4.0443263 ],
 [-186.49063   ,  85.20657   ,  22.248692  , -14.084261  , -27.301586  ,
    14.312994  ,   5.1158485 , -17.722977  ,   4.8545294 ,  -5.5433626 ,
    -1.61313   ,  -0.6585639 ,   4.40762   ],
 [-182.11507   ,  81.63139   ,  22.37511   , -12.805362  , -28.449852  ,
    16.631042  ,   1.3659494 , -13.772032  ,   1.4789186 ,  -1.0957899 ,
    -4.9198523 ,   1.5885923 ,   3.226739  ],
 [-178.81526   ,  82.39612   ,  19.228012  , -14.075792  , -30.982166  ,
    19.92902   ,  -0.4895773 , -13.684856  ,   1.4377162 ,  -2.8369143 ,
    -3.6048086 ,   1.4235644 ,   4.277464  ],
 [-176.18549   ,  78.23159   ,  22.345947  , -16.08004   , -29.098503  ,
    17.270275  ,   0.16861773, -13.006202  ,   0.7590122 ,  -3.5970564 ,
    -0.84941983,  -1.2445053 ,   5.5537596 ],
 [-181.83148   ,  82.34778   ,  22.019073  , -17.152018  , -30.476774  ,
    21.763657  ,  -2.0000663 , -14.385538  ,   2.8721242 ,  -1.3992077 ,
    -2.5515237 ,   1.5936909 ,   3.2028012 ],
 [-178.85738   ,  74.410385  ,  23.562368  , -17.435959  , -27.998451  ,
    22.066345  ,  -2.6231468 , -13.585306  ,   0.3222524 ,   1.7943465 ,
    -6.0302153 ,   6.0197086 ,   1.5932591 ],
 [-196.03107   ,  79.40044   ,  23.858248  , -17.922398  , -20.19549   ,
    18.466991  ,  -3.852458  , -13.229835  ,   2.9555726 ,   0.85154486,
    -0.5840775 ,   0.09073366,  -1.0390462 ],
 [-210.61018   ,  69.94319   ,  21.596272  , -10.833961  , -21.897198  ,
    21.47044   ,  -2.9702315 ,  -5.0897226 ,   2.4117846 ,  -2.4487784 ,
    -2.143813  ,   0.07885049,  -4.736474  ],
 [-236.51624   ,  62.827118  ,  24.526236  , -12.150999  , -15.80196   ,
    16.802385  , -10.296912  ,  -8.782006  ,  -2.066996  ,   1.7513571 ,
    -4.171209  ,  10.215343  ,  -5.3090806 ],
 [-270.31714   ,  56.951588  ,  17.355545  , -18.78553   , -19.356441  ,
    19.76182   ,  -3.5788367 , -13.144556  ,  -5.8915615 ,   2.3882241 ,
    -1.396699  ,   9.637278  ,  -6.25539   ],
 [-281.7955    ,  52.21286   ,  16.297817  , -13.43768   ,   0.23662436,
    18.679039  ,  -5.969739  ,  -5.8404436 ,   2.828738  ,  -1.0572844 ,
    -3.2847693 ,   5.8948627 ,  -4.9702015 ],
 [-289.69675   ,  50.264572  ,  20.23317   ,  -5.779845  ,  -5.5440874 ,
    21.282347  ,  -5.2945175 ,  -2.769425  ,  -6.1503124 ,   1.0144184 ,
     3.551003  ,   7.306297  ,  -6.8715396 ],
 [-300.48413   ,  49.29398   ,   4.098408  , -13.156035  ,   0.04173112,
    20.728859  ,  -5.5972395 ,  -4.444073  ,   0.80026007,  -0.75440884,
    -2.7239332 ,   5.5656257 ,  -6.9116106 ],
 [-317.84027   ,  53.92837   ,   5.2923384 , -19.149107  ,   0.2386029 ,
    20.1069    ,   3.1663003 ,  -0.43706533,   3.1041865 ,   4.3626842 ,
    -0.22328925,   1.5375311 ,  -5.495514  ],
 [-331.8729    ,  45.65503   ,  12.506512  ,  -9.493618  ,   0.17771053,
    12.459505  ,   7.6783752 ,   0.18114269,   2.5200238 ,   6.797778  ,
    -0.01278567,   4.448563  ,   2.5259957 ],
 [-330.15128   ,  47.46384   ,   6.163556  ,  -3.3140497 ,   0.5054394 ,
    12.424175  ,   6.2475986 ,   1.0872643 ,   1.5071509 ,   3.8147445 ,
     3.254659  ,  -2.1191044 ,   1.0412519 ],
 [-339.41644   ,  49.896065  ,   9.761491  ,  -4.999108  ,   2.9611142 ,
    10.731187  ,   4.157179  ,  -3.3249068 ,  -3.5124223 ,   6.1799726 ,
     3.868009  ,   4.8634257 ,   2.7407227 ],
 [-349.9821    ,  37.529064  ,  16.08596   ,   2.6834733 ,   3.2120914 ,
     8.977144  ,   2.4491816 ,  -1.4899077 ,  -0.80368614,   5.011734  ,
    -1.3904173 ,  -4.704044  ,  -1.9464531 ],
 [-339.09116   ,  43.559433  ,  17.266312  ,  10.745741  ,   9.053534  ,
    14.734571  ,  -1.5549951 ,  -2.38963   ,   1.5809643 ,   3.1928134 ,
     7.123042  ,   2.4760923 ,  -2.8933764 ],
 [-300.19385   ,   8.514511  ,  33.648865  ,   6.0096493 ,   1.0199383 ,
    12.211562  ,   0.96466327,  -0.5802771 ,   3.0203047 ,  -3.4423046 ,
     3.3062654 ,  -3.6413453 ,   0.4011407 ],
 [-330.43506   ,  24.462017  ,  20.798512  ,   7.932184  ,   5.970087  ,
     7.952157  ,   1.8546324 ,  -0.80522585,   1.56585   ,   7.867072  ,
     8.452953  ,   0.28264442,   3.258243  ],
 [-344.8634    ,  29.130394  ,  19.017094  ,   6.535038  ,   4.347413  ,
    11.427386  ,  -0.8945664 ,   2.8652933 ,   1.1455553 ,  -1.8546579 ,
     7.1233835 ,  -3.0891397 ,  -1.3162212 ],
 [-325.86334   ,  21.504398  ,  24.260815  ,   8.846873  ,   8.165009  ,
    13.813466  ,   8.044096  ,   4.197398  ,   1.1880746 ,  -2.5519223 ,
     1.5819392 ,  -5.6437426 ,  -1.4342141 ],
 [-352.00742   ,  35.712425  ,  18.385838  ,   7.602562  ,   7.1246405 ,
    11.909691  ,   2.441255  ,  -1.0544292 ,  -3.317686  ,   2.1627264 ,
     6.1049495 ,   3.4823294 ,   1.8637376 ],
 [-164.5005    ,  22.81366   , -26.58741   ,  -3.2674031 ,  -8.307314  ,
    -3.386773  ,  -4.0377603 ,  -4.0527325 ,  -0.79530716,  -3.5022485 ,
    -1.3711147 ,  -2.4589906 ,  -0.68204045],
 [-311.113     ,  20.702398  ,   1.791295  ,  18.640305  ,   1.6032364 ,
    10.33967   ,   2.5325732 ,   7.8834734 ,   0.68004966,   0.8369203 ,
     2.4165983 ,   2.1023457 ,   0.889526  ]]","[[-359.14804   ,  35.221832  ,  10.320348  ,   3.0360827 ,  -1.2558362 ,
    -4.989147  ,   1.1842139 ,   3.7888186 ,  -2.6364834 ,  -2.429751  ,
     2.8406808 ,   0.997615  ,  -2.491193  ],
 [-347.7557    ,  41.484383  ,  10.5394745 ,   6.234272  ,   5.0131006 ,
     5.344147  ,   8.370174  ,   6.195652  ,  -1.2498462 ,  -2.48935   ,
    -2.1976795 ,  -1.6716148 ,   2.072215  ],
 [-349.40512   ,  39.300747  ,  18.563038  ,   8.038126  ,   6.2903275 ,
     8.746578  ,  10.028408  ,   3.2991912 ,  -4.4072723 ,   3.1957479 ,
    -2.0205145 ,  -4.020619  ,  -1.8929591 ],
 [-338.1439    ,  53.38774   ,  24.335352  ,   7.4787483 ,   4.911494  ,
     0.52330273,   5.6250668 ,   4.3526816 ,  -2.6434484 ,   1.1890814 ,
     2.9725938 ,   6.4482574 ,  -1.6390042 ],
 [-325.18253   ,  29.778515  ,  26.455215  ,   7.8264055 ,   4.7807035 ,
    -0.4007498 ,   1.1007293 ,  11.915491  ,  -2.9361415 ,   9.99681   ,
     1.897668  ,   3.9250035 ,  -5.2859635 ],
 [-340.17484   ,  33.336082  ,  32.356197  ,  10.843098  ,   7.7907815 ,
    -1.7290959 ,  -1.9010084 ,   3.9510307 ,  -8.586449  ,  -1.9479585 ,
    -3.2033117 ,   0.16061786,  -0.77176356],
 [-340.13785   ,  45.893734  ,  21.31815   ,   0.66535586,   9.06464   ,
     5.7536163 ,   3.2283561 ,   0.9430996 ,  -0.6192875 ,   2.0112243 ,
    -1.9728518 ,   5.386372  ,  -1.8002491 ],
 [-319.48795   ,  40.145763  ,  18.641445  ,   5.65036   ,   2.0730624 ,
    14.270847  ,   2.4084353 ,  -2.9942913 ,   3.9506264 ,   0.20535886,
    -1.6661228 ,   3.370656  ,  -1.4842888 ],
 [-333.93286   ,  53.975075  ,  15.972987  ,  -0.03210074,   2.3263392 ,
     5.829728  ,  -3.4132502 ,  -5.6142836 ,  -2.9550076 ,  -2.037313  ,
     1.6517508 ,   3.9915817 ,  -0.744766  ],
 [-336.60687   ,  54.676746  ,  24.113325  ,   3.3553002 ,   8.205485  ,
     3.0076833 ,   2.4376252 ,  -3.4030273 ,  -1.3717916 ,   2.0098526 ,
     3.8391016 ,   1.4852207 ,   0.6151545 ],
 [-336.01483   ,  57.04467   ,  16.917942  ,   2.3700824 ,   4.412235  ,
     8.645298  ,   5.1790476 ,   0.49808693,   0.72210205,   1.8205423 ,
     1.9837577 ,  -1.2987089 ,  -0.30855703],
 [-340.89136   ,  48.24683   ,  18.285803  ,  -0.40301841,   4.0274663 ,
     9.430635  ,   1.752481  ,  -0.45383066,   0.46596342,  -0.513924  ,
     2.9834936 ,  -3.8901486 ,   1.1634648 ],
 [-341.15002   ,  53.961136  ,  14.729265  ,   0.33902723,   2.5834131 ,
     4.0947604 ,   5.6925592 ,   6.300557  ,   1.1720489 ,  -2.1253924 ,
     2.3872533 ,   4.134128  ,  -0.7569767 ],
 [-347.6359    ,  47.74993   ,  15.480756  ,  -0.76147056,   1.9844706 ,
     7.02221   ,   0.28264165,  -1.4621549 ,  -0.08589733,   4.5486326 ,
     4.784811  ,  -0.9744245 ,  -0.6671047 ],
 [-350.56516   ,  47.941505  ,  17.621922  ,   4.696507  ,  10.319542  ,
    14.009672  ,   6.539205  ,  -2.6282327 ,  -3.6561742 ,   0.5372632 ,
     1.5819092 ,  -0.9002504 ,  -1.201716  ],
 [-347.37866   ,  45.18732   ,  12.012244  ,   5.3785734 ,   6.875249  ,
     7.6662273 ,   8.414985  ,   2.8400915 ,  -0.28183222,   2.7951899 ,
     2.2655342 ,  -0.42104405,  -0.5238908 ],
 [-346.90204   ,  50.797638  ,  22.63836   ,  11.197752  ,   3.5066333 ,
     0.8579525 ,   6.8102694 ,   4.9349585 ,  -1.8767602 ,  -0.7541466 ,
     1.4515153 ,   2.3424995 ,   4.7008543 ],
 [-352.32544   ,  42.811882  ,  16.31068   ,  11.576696  ,  10.865164  ,
     6.4681497 ,   3.2465792 ,  -3.5153694 ,  -5.2390594 ,   3.6972308 ,
     6.7691646 ,   2.3522828 ,   2.6139283 ],
 [-353.61377   ,  42.84314   ,  15.21232   ,   5.8715067 ,   5.3845305 ,
     2.4795804 ,   1.0371406 ,  -0.20177662,  -3.0188441 ,  -2.2811306 ,
     1.6577011 ,   3.2157054 ,   1.4398874 ],
 [-347.11322   ,  52.53189   ,  28.863861  ,  15.423403  ,   0.6415126 ,
    -3.321991  ,   1.5757113 ,   0.5869273 ,   3.27914   ,   8.14721   ,
     4.106286  ,   0.7865678 ,   2.9204574 ],
 [-325.57007   ,  54.148193  ,   1.290126  ,  -6.19234   ,  12.16842   ,
    15.303757  ,   9.215102  ,   3.355854  ,   1.1458119 ,   3.8033528 ,
    -1.1789519 ,   4.511317  ,  -0.84384143],
 [-293.71606   ,  47.717808  , -10.511764  ,  -4.788842  ,  14.424594  ,
    11.132051  ,   0.62540936,   3.8845363 ,   7.616935  ,   7.7938995 ,
    -9.391207  ,  15.739022  ,  -1.137703  ],
 [-248.74129   ,  29.275051  , -18.632706  , -11.403679  ,   4.8409624 ,
    12.038651  ,   2.215783  ,   2.2972589 ,   6.4063573 ,  -1.5850163 ,
   -11.400094  ,   4.5261025 ,  -2.8965998 ],
 [-225.18863   ,  14.301439  ,  -8.363755  ,   0.3704791 ,   4.283017  ,
    11.535487  ,   6.7324085 ,  -3.2465384 ,   2.4159846 ,   5.334955  ,
    -6.2430363 ,   6.969787  ,   4.6289806 ],
 [-199.47977   ,   7.622813  , -12.941492  ,   0.01043889,  -2.498885  ,
    11.537701  ,   7.7570705 ,  -1.349266  ,   3.7465007 ,   8.503075  ,
   -11.298931  ,   1.749127  ,  -0.62918425],
 [-189.17406   ,   9.653578  ,  -4.7718062 ,  -6.1256657 ,  -2.7633595 ,
    10.348804  ,  -4.0782194 ,  -4.5638924 ,   8.089804  ,   8.994883  ,
    -7.655404  ,   6.435361  ,   0.2204237 ],
 [-182.38219   ,  15.760039  , -14.113905  , -14.55195   ,  -2.10722   ,
    23.705711  ,   4.9887686 ,  -5.501596  ,   4.3721905 ,   0.03886116,
   -13.097335  ,   4.227204  ,  -4.2427874 ],
 [-150.84961   ,  44.629753  ,   2.246825  ,  -1.8432161 ,  -4.954738  ,
    16.84784   ,  -1.4631717 ,  -4.004719  ,  -3.6144    ,   2.1653254 ,
    -9.565598  ,   1.6887176 ,  -3.9390395 ],
 [-133.16911   ,  57.936142  , -11.121681  , -10.697673  ,  -4.3636646 ,
    20.909374  ,  -7.7024856 ,  -3.9153028 ,  -4.880026  ,   5.951087  ,
   -10.50923   ,  -0.6074371 ,  -4.650516  ],
 [-107.31786   ,  49.188164  , -20.172703  ,  -8.701054  , -14.35499   ,
    20.881975  ,  -5.875315  ,  -4.0795803 ,  -0.76419157,   6.246344  ,
    -9.349064  ,  -0.5507951 ,  -6.6324043 ],
 [-116.350494  ,  56.86872   , -20.409294  , -13.672319  , -14.319248  ,
    21.577623  ,  -4.296624  ,  -9.292494  ,   1.5820456 ,   4.4819865 ,
    -7.923633  ,  -0.33715808,  -2.2323747 ],
 [-122.23667   ,  54.904533  , -13.960009  , -12.006111  , -15.069026  ,
    19.640404  ,  -6.731407  ,  -6.075741  ,  -1.1875689 ,   2.8098457 ,
    -7.237342  ,  -1.7191839 ,  -0.6179559 ],
 [-128.39133   ,  55.0023    ,  -3.0422068 , -13.048889  , -15.89189   ,
    13.623573  ,  -9.615988  ,  -1.2784426 ,  -0.05143063,   0.21203732,
   -10.570728  ,   2.2632391 ,  -0.9389348 ],
 [-138.84065   ,  61.39394   ,  -0.7858313 , -16.523685  , -13.793465  ,
    12.749517  ,  -5.51638   ,  -7.608039  ,  -2.6867437 ,   0.12754083,
    -1.2044331 ,  -0.02156922,  -3.4308343 ],
 [-144.74834   ,  67.5524    ,   2.8835459 , -13.8311405 , -21.888304  ,
    15.845961  , -10.520691  , -12.86306   ,  -1.7345195 ,   6.156667  ,
    -0.55213153,   0.33164814,  -3.9884038 ],
 [-154.47163   ,  70.986206  ,  10.097834  , -15.710689  , -23.266747  ,
    16.605684  , -13.285948  ,  -9.483281  ,  -8.2639675 ,  10.401761  ,
     1.3892654 ,   1.0497534 ,  -4.8179173 ],
 [-161.0556    ,  71.89847   ,  16.64742   , -15.003433  , -24.216822  ,
    17.139324  , -15.971024  ,  -8.885494  ,  -7.327484  ,   7.8262253 ,
     3.3681562 ,   2.5010335 ,  -3.590832  ],
 [-172.86957   ,  76.12517   ,  16.734768  , -11.325724  , -23.797314  ,
    20.368416  , -13.938748  ,  -9.842225  ,  -7.2576    ,   4.7779164 ,
     2.8462477 ,   5.179553  ,  -2.1236286 ],
 [-187.59914   ,  85.5138    ,  20.746078  , -11.820116  , -17.858025  ,
     9.715359  ,  -9.9826355 , -11.647216  ,  -8.085973  ,   4.3025217 ,
     3.017841  ,   7.751514  ,   0.5706308 ],
 [-169.15189   ,  74.72265   ,  14.235758  ,  -9.249855  , -19.983631  ,
     5.8415284 ,  -5.134642  ,  -8.815841  ,  -5.032544  ,   1.1972277 ,
     3.699912  ,   5.0778613 ,   0.39585686],
 [-170.69742   ,  76.94593   ,  16.907017  , -18.794477  , -21.444977  ,
    14.793858  ,  -4.678042  , -12.053724  ,  -3.10309   ,   1.5197145 ,
    -0.6364666 ,   0.19950603,   1.5534161 ],
 [-181.5847    ,  86.60408   ,  18.253107  , -17.929626  , -22.023384  ,
    17.343533  ,  -1.7599314 , -12.100651  ,  -6.3302145 ,   2.544312  ,
    -3.1163192 ,  -0.06118478,   4.6469626 ],
 [-179.69948   ,  85.25755   ,  19.691143  , -11.772084  , -27.378288  ,
    17.033108  ,   1.800851  , -15.446461  ,  -1.97101   ,   0.05900562,
    -0.53160876,  -2.6257071 ,   1.3702056 ],
 [-183.67415   ,  83.235855  ,  22.850063  , -12.624642  , -23.793875  ,
    18.579117  ,  -0.2762115 , -17.514675  ,  -0.7872133 ,   0.37939078,
    -2.3067636 ,  -0.07777796,   0.79999197],
 [-189.74106   ,  88.23787   ,  21.75892   , -17.718613  , -18.675879  ,
    17.055134  ,  -0.26427794, -10.656994  ,  -4.487219  ,   2.5211935 ,
    -5.0675836 ,   1.0281957 ,  -0.35198832],
 [-186.55064   ,  80.50511   ,  28.583302  , -15.237714  , -25.958668  ,
    21.031788  ,   0.02409029, -13.431328  ,   0.50207067,  -2.670063  ,
     0.2725947 ,  -4.4126    ,   5.0787106 ],
 [-188.77603   ,  84.33326   ,  24.047256  , -12.362083  , -28.881449  ,
    21.092093  ,   2.3283932 , -15.062192  ,   1.6906855 ,  -1.7658055 ,
    -2.668714  ,  -1.2199169 ,   5.7242885 ],
 [-187.60786   ,  81.34708   ,  26.530972  , -15.850043  , -24.86489   ,
    17.68388   ,   2.094851  , -15.635238  ,   1.9273014 ,  -0.47789562,
    -6.3961353 ,   4.4095907 ,   2.3489573 ],
 [-187.4897    ,  81.69653   ,  27.733389  , -15.213487  , -31.307377  ,
    21.260195  ,   3.7635636 , -15.671022  ,  -0.85197306,   0.2824535 ,
    -1.0005414 ,  -1.7565174 ,   4.2927246 ],
 [-183.8969    ,  82.01458   ,  25.588192  , -15.445987  , -27.578144  ,
    18.272919  ,   3.8646712 , -17.118187  ,   3.0717382 ,   0.07566224,
    -5.827515  ,   2.1656482 ,   4.0443263 ],
 [-186.49063   ,  85.20657   ,  22.248692  , -14.084261  , -27.301586  ,
    14.312994  ,   5.1158485 , -17.722977  ,   4.8545294 ,  -5.5433626 ,
    -1.61313   ,  -0.6585639 ,   4.40762   ],
 [-182.11507   ,  81.63139   ,  22.37511   , -12.805362  , -28.449852  ,
    16.631042  ,   1.3659494 , -13.772032  ,   1.4789186 ,  -1.0957899 ,
    -4.9198523 ,   1.5885923 ,   3.226739  ],
 [-178.81526   ,  82.39612   ,  19.228012  , -14.075792  , -30.982166  ,
    19.92902   ,  -0.4895773 , -13.684856  ,   1.4377162 ,  -2.8369143 ,
    -3.6048086 ,   1.4235644 ,   4.277464  ],
 [-176.18549   ,  78.23159   ,  22.345947  , -16.08004   , -29.098503  ,
    17.270275  ,   0.16861773, -13.006202  ,   0.7590122 ,  -3.5970564 ,
    -0.84941983,  -1.2445053 ,   5.5537596 ],
 [-181.83148   ,  82.34778   ,  22.019073  , -17.152018  , -30.476774  ,
    21.763657  ,  -2.0000663 , -14.385538  ,   2.8721242 ,  -1.3992077 ,
    -2.5515237 ,   1.5936909 ,   3.2028012 ],
 [-178.85738   ,  74.410385  ,  23.562368  , -17.435959  , -27.998451  ,
    22.066345  ,  -2.6231468 , -13.585306  ,   0.3222524 ,   1.7943465 ,
    -6.0302153 ,   6.0197086 ,   1.5932591 ],
 [-196.03107   ,  79.40044   ,  23.858248  , -17.922398  , -20.19549   ,
    18.466991  ,  -3.852458  , -13.229835  ,   2.9555726 ,   0.85154486,
    -0.5840775 ,   0.09073366,  -1.0390462 ],
 [-210.61018   ,  69.94319   ,  21.596272  , -10.833961  , -21.897198  ,
    21.47044   ,  -2.9702315 ,  -5.0897226 ,   2.4117846 ,  -2.4487784 ,
    -2.143813  ,   0.07885049,  -4.736474  ],
 [-236.51624   ,  62.827118  ,  24.526236  , -12.150999  , -15.80196   ,
    16.802385  , -10.296912  ,  -8.782006  ,  -2.066996  ,   1.7513571 ,
    -4.171209  ,  10.215343  ,  -5.3090806 ],
 [-270.31714   ,  56.951588  ,  17.355545  , -18.78553   , -19.356441  ,
    19.76182   ,  -3.5788367 , -13.144556  ,  -5.8915615 ,   2.3882241 ,
    -1.396699  ,   9.637278  ,  -6.25539   ],
 [-281.7955    ,  52.21286   ,  16.297817  , -13.43768   ,   0.23662436,
    18.679039  ,  -5.969739  ,  -5.8404436 ,   2.828738  ,  -1.0572844 ,
    -3.2847693 ,   5.8948627 ,  -4.9702015 ],
 [-289.69675   ,  50.264572  ,  20.23317   ,  -5.779845  ,  -5.5440874 ,
    21.282347  ,  -5.2945175 ,  -2.769425  ,  -6.1503124 ,   1.0144184 ,
     3.551003  ,   7.306297  ,  -6.8715396 ],
 [-300.48413   ,  49.29398   ,   4.098408  , -13.156035  ,   0.04173112,
    20.728859  ,  -5.5972395 ,  -4.444073  ,   0.80026007,  -0.75440884,
    -2.7239332 ,   5.5656257 ,  -6.9116106 ],
 [-317.84027   ,  53.92837   ,   5.2923384 , -19.149107  ,   0.2386029 ,
    20.1069    ,   3.1663003 ,  -0.43706533,   3.1041865 ,   4.3626842 ,
    -0.22328925,   1.5375311 ,  -5.495514  ],
 [-331.8729    ,  45.65503   ,  12.506512  ,  -9.493618  ,   0.17771053,
    12.459505  ,   7.6783752 ,   0.18114269,   2.5200238 ,   6.797778  ,
    -0.01278567,   4.448563  ,   2.5259957 ],
 [-330.15128   ,  47.46384   ,   6.163556  ,  -3.3140497 ,   0.5054394 ,
    12.424175  ,   6.2475986 ,   1.0872643 ,   1.5071509 ,   3.8147445 ,
     3.254659  ,  -2.1191044 ,   1.0412519 ],
 [-339.41644   ,  49.896065  ,   9.761491  ,  -4.999108  ,   2.9611142 ,
    10.731187  ,   4.157179  ,  -3.3249068 ,  -3.5124223 ,   6.1799726 ,
     3.868009  ,   4.8634257 ,   2.7407227 ],
 [-349.9821    ,  37.529064  ,  16.08596   ,   2.6834733 ,   3.2120914 ,
     8.977144  ,   2.4491816 ,  -1.4899077 ,  -0.80368614,   5.011734  ,
    -1.3904173 ,  -4.704044  ,  -1.9464531 ],
 [-339.09116   ,  43.559433  ,  17.266312  ,  10.745741  ,   9.053534  ,
    14.734571  ,  -1.5549951 ,  -2.38963   ,   1.5809643 ,   3.1928134 ,
     7.123042  ,   2.4760923 ,  -2.8933764 ],
 [-300.19385   ,   8.514511  ,  33.648865  ,   6.0096493 ,   1.0199383 ,
    12.211562  ,   0.96466327,  -0.5802771 ,   3.0203047 ,  -3.4423046 ,
     3.3062654 ,  -3.6413453 ,   0.4011407 ],
 [-330.43506   ,  24.462017  ,  20.798512  ,   7.932184  ,   5.970087  ,
     7.952157  ,   1.8546324 ,  -0.80522585,   1.56585   ,   7.867072  ,
     8.452953  ,   0.28264442,   3.258243  ],
 [-344.8634    ,  29.130394  ,  19.017094  ,   6.535038  ,   4.347413  ,
    11.427386  ,  -0.8945664 ,   2.8652933 ,   1.1455553 ,  -1.8546579 ,
     7.1233835 ,  -3.0891397 ,  -1.3162212 ],
 [-325.86334   ,  21.504398  ,  24.260815  ,   8.846873  ,   8.165009  ,
    13.813466  ,   8.044096  ,   4.197398  ,   1.1880746 ,  -2.5519223 ,
     1.5819392 ,  -5.6437426 ,  -1.4342141 ],
 [-352.00742   ,  35.712425  ,  18.385838  ,   7.602562  ,   7.1246405 ,
    11.909691  ,   2.441255  ,  -1.0544292 ,  -3.317686  ,   2.1627264 ,
     6.1049495 ,   3.4823294 ,   1.8637376 ],
 [-164.5005    ,  22.81366   , -26.58741   ,  -3.2674031 ,  -8.307314  ,
    -3.386773  ,  -4.0377603 ,  -4.0527325 ,  -0.79530716,  -3.5022485 ,
    -1.3711147 ,  -2.4589906 ,  -0.68204045],
 [-311.113     ,  20.702398  ,   1.791295  ,  18.640305  ,   1.6032364 ,
    10.33967   ,   2.5325732 ,   7.8834734 ,   0.68004966,   0.8369203 ,
     2.4165983 ,   2.1023457 ,   0.889526  ],
 [   0.        ,   0.        ,   0.        ,   0.        ,   0.        ,
     0.        ,   0.        ,   0.        ,   0.        ,   0.        ,
     0.        ,   0.        ,   0.        ],
 [   0.        ,   0.        ,   0.        ,   0.        ,   0.        ,
     0.        ,   0.        ,   0.        ,   0.        ,   0.        ,
     0.        ,   0.        ,   0.        ],
 [   0.        ,   0.        ,   0.        ,   0.        ,   0.        ,
     0.        ,   0.        ,   0.        ,   0.        ,   0.        ,
     0.        ,   0.        ,   0.        ],
 [   0.        ,   0.        ,   0.        ,   0.        ,   0.        ,
     0.        ,   0.        ,   0.        ,   0.        ,   0.        ,
     0.        ,   0.        ,   0.        ],
 [   0.        ,   0.        ,   0.        ,   0.        ,   0.        ,
     0.        ,   0.        ,   0.        ,   0.        ,   0.        ,
     0.        ,   0.        ,   0.        ],
 [   0.        ,   0.        ,   0.        ,   0.        ,   0.        ,
     0.        ,   0.        ,   0.        ,   0.        ,   0.        ,
     0.        ,   0.        ,   0.        ],
 [   0.        ,   0.        ,   0.        ,   0.        ,   0.        ,
     0.        ,   0.        ,   0.        ,   0.        ,   0.        ,
     0.        ,   0.        ,   0.        ],
 [   0.        ,   0.        ,   0.        ,   0.        ,   0.        ,
     0.        ,   0.        ,   0.        ,   0.        ,   0.        ,
     0.        ,   0.        ,   0.        ],
 [   0.        ,   0.        ,   0.        ,   0.        ,   0.        ,
     0.        ,   0.        ,   0.        ,   0.        ,   0.        ,
     0.        ,   0.        ,   0.        ],
 [   0.        ,   0.        ,   0.        ,   0.        ,   0.        ,
     0.        ,   0.        ,   0.        ,   0.        ,   0.        ,
     0.        ,   0.        ,   0.        ],
 [   0.        ,   0.        ,   0.        ,   0.        ,   0.        ,
     0.        ,   0.        ,   0.        ,   0.        ,   0.        ,
     0.        ,   0.        ,   0.        ],
 [   0.        ,   0.        ,   0.        ,   0.        ,   0.        ,
     0.        ,   0.        ,   0.        ,   0.        ,   0.        ,
     0.        ,   0.        ,   0.        ],
 [   0.        ,   0.        ,   0.        ,   0.        ,   0.        ,
     0.        ,   0.        ,   0.        ,   0.        ,   0.        ,
     0.        ,   0.        ,   0.        ],
 [   0.        ,   0.        ,   0.        ,   0.        ,   0.        ,
     0.        ,   0.        ,   0.        ,   0.        ,   0.        ,
     0.        ,   0.        ,   0.        ],
 [   0.        ,   0.        ,   0.        ,   0.        ,   0.        ,
     0.        ,   0.        ,   0.        ,   0.        ,   0.        ,
     0.        ,   0.        ,   0.        ],
 [   0.        ,   0.        ,   0.        ,   0.        ,   0.        ,
     0.        ,   0.        ,   0.        ,   0.        ,   0.        ,
     0.        ,   0.        ,   0.        ],
 [   0.        ,   0.        ,   0.        ,   0.        ,   0.        ,
     0.        ,   0.        ,   0.        ,   0.        ,   0.        ,
     0.        ,   0.        ,   0.        ],
 [   0.        ,   0.        ,   0.        ,   0.        ,   0.        ,
     0.        ,   0.        ,   0.        ,   0.        ,   0.        ,
     0.        ,   0.        ,   0.        ],
 [   0.        ,   0.        ,   0.        ,   0.        ,   0.        ,
     0.        ,   0.        ,   0.        ,   0.        ,   0.        ,
     0.        ,   0.        ,   0.        ],
 [   0.        ,   0.        ,   0.        ,   0.        ,   0.        ,
     0.        ,   0.        ,   0.        ,   0.        ,   0.        ,
     0.        ,   0.        ,   0.        ],
 [   0.        ,   0.        ,   0.        ,   0.        ,   0.        ,
     0.        ,   0.        ,   0.        ,   0.        ,   0.        ,
     0.        ,   0.        ,   0.        ],
 [   0.        ,   0.        ,   0.        ,   0.        ,   0.        ,
     0.        ,   0.        ,   0.        ,   0.        ,   0.        ,
     0.        ,   0.        ,   0.        ],
 [   0.        ,   0.        ,   0.        ,   0.        ,   0.        ,
     0.        ,   0.        ,   0.        ,   0.        ,   0.        ,
     0.        ,   0.        ,   0.        ],
 [   0.        ,   0.        ,   0.        ,   0.        ,   0.        ,
     0.        ,   0.        ,   0.        ,   0.        ,   0.        ,
     0.        ,   0.        ,   0.        ],
 [   0.        ,   0.        ,   0.        ,   0.        ,   0.        ,
     0.        ,   0.        ,   0.        ,   0.        ,   0.        ,
     0.        ,   0.        ,   0.        ],
 [   0.        ,   0.        ,   0.        ,   0.        ,   0.        ,
     0.        ,   0.        ,   0.        ,   0.        ,   0.        ,
     0.        ,   0.        ,   0.        ],
 [   0.        ,   0.        ,   0.        ,   0.        ,   0.        ,
     0.        ,   0.        ,   0.        ,   0.        ,   0.        ,
     0.        ,   0.        ,   0.        ],
 [   0.        ,   0.        ,   0.        ,   0.        ,   0.        ,
     0.        ,   0.        ,   0.        ,   0.        ,   0.        ,
     0.        ,   0.        ,   0.        ],
 [   0.        ,   0.        ,   0.        ,   0.        ,   0.        ,
     0.        ,   0.        ,   0.        ,   0.        ,   0.        ,
     0.        ,   0.        ,   0.        ],
 [   0.        ,   0.        ,   0.        ,   0.        ,   0.        ,
     0.        ,   0.        ,   0.        ,   0.        ,   0.        ,
     0.        ,   0.        ,   0.        ],
 [   0.        ,   0.        ,   0.        ,   0.        ,   0.        ,
     0.        ,   0.        ,   0.        ,   0.        ,   0.        ,
     0.        ,   0.        ,   0.        ],
 [   0.        ,   0.        ,   0.        ,   0.        ,   0.        ,
     0.        ,   0.        ,   0.        ,   0.        ,   0.        ,
     0.        ,   0.        ,   0.        ],
 [   0.        ,   0.        ,   0.        ,   0.        ,   0.        ,
     0.        ,   0.        ,   0.        ,   0.        ,   0.        ,
     0.        ,   0.        ,   0.        ],
 [   0.        ,   0.        ,   0.        ,   0.        ,   0.        ,
     0.        ,   0.        ,   0.        ,   0.        ,   0.        ,
     0.        ,   0.        ,   0.        ],
 [   0.        ,   0.        ,   0.        ,   0.        ,   0.        ,
     0.        ,   0.        ,   0.        ,   0.        ,   0.        ,
     0.        ,   0.        ,   0.        ],
 [   0.        ,   0.        ,   0.        ,   0.        ,   0.        ,
     0.        ,   0.        ,   0.        ,   0.        ,   0.        ,
     0.        ,   0.        ,   0.        ],
 [   0.        ,   0.        ,   0.        ,   0.        ,   0.        ,
     0.        ,   0.        ,   0.        ,   0.        ,   0.        ,
     0.        ,   0.        ,   0.        ],
 [   0.        ,   0.        ,   0.        ,   0.        ,   0.        ,
     0.        ,   0.        ,   0.        ,   0.        ,   0.        ,
     0.        ,   0.        ,   0.        ],
 [   0.        ,   0.        ,   0.        ,   0.        ,   0.        ,
     0.        ,   0.        ,   0.        ,   0.        ,   0.        ,
     0.        ,   0.        ,   0.        ],
 [   0.        ,   0.        ,   0.        ,   0.        ,   0.        ,
     0.        ,   0.        ,   0.        ,   0.        ,   0.        ,
     0.        ,   0.        ,   0.        ],
 [   0.        ,   0.        ,   0.        ,   0.        ,   0.        ,
     0.        ,   0.        ,   0.        ,   0.        ,   0.        ,
     0.        ,   0.        ,   0.        ],
 [   0.        ,   0.        ,   0.        ,   0.        ,   0.        ,
     0.        ,   0.        ,   0.        ,   0.        ,   0.        ,
     0.        ,   0.        ,   0.        ],
 [   0.        ,   0.        ,   0.        ,   0.        ,   0.        ,
     0.        ,   0.        ,   0.        ,   0.        ,   0.        ,
     0.        ,   0.        ,   0.        ],
 [   0.        ,   0.        ,   0.        ,   0.        ,   0.        ,
     0.        ,   0.        ,   0.        ,   0.        ,   0.        ,
     0.        ,   0.        ,   0.        ],
 [   0.        ,   0.        ,   0.        ,   0.        ,   0.        ,
     0.        ,   0.        ,   0.        ,   0.        ,   0.        ,
     0.        ,   0.        ,   0.        ],
 [   0.        ,   0.        ,   0.        ,   0.        ,   0.        ,
     0.        ,   0.        ,   0.        ,   0.        ,   0.        ,
     0.        ,   0.        ,   0.        ],
 [   0.        ,   0.        ,   0.        ,   0.        ,   0.        ,
     0.        ,   0.        ,   0.        ,   0.        ,   0.        ,
     0.        ,   0.        ,   0.        ],
 [   0.        ,   0.        ,   0.        ,   0.        ,   0.        ,
     0.        ,   0.        ,   0.        ,   0.        ,   0.        ,
     0.        ,   0.        ,   0.        ],
 [   0.        ,   0.        ,   0.        ,   0.        ,   0.        ,
     0.        ,   0.        ,   0.        ,   0.        ,   0.        ,
     0.        ,   0.        ,   0.        ],
 [   0.        ,   0.        ,   0.        ,   0.        ,   0.        ,
     0.        ,   0.        ,   0.        ,   0.        ,   0.        ,
     0.        ,   0.        ,   0.        ],
 [   0.        ,   0.        ,   0.        ,   0.        ,   0.        ,
     0.        ,   0.        ,   0.        ,   0.        ,   0.        ,
     0.        ,   0.        ,   0.        ],
 [   0.        ,   0.        ,   0.        ,   0.        ,   0.        ,
     0.        ,   0.        ,   0.        ,   0.        ,   0.        ,
     0.        ,   0.        ,   0.        ],
 [   0.        ,   0.        ,   0.        ,   0.        ,   0.        ,
     0.        ,   0.        ,   0.        ,   0.        ,   0.        ,
     0.        ,   0.        ,   0.        ],
 [   0.        ,   0.        ,   0.        ,   0.        ,   0.        ,
     0.        ,   0.        ,   0.        ,   0.        ,   0.        ,
     0.        ,   0.        ,   0.        ],
 [   0.        ,   0.        ,   0.        ,   0.        ,   0.        ,
     0.        ,   0.        ,   0.        ,   0.        ,   0.        ,
     0.        ,   0.        ,   0.        ],
 [   0.        ,   0.        ,   0.        ,   0.        ,   0.        ,
     0.        ,   0.        ,   0.        ,   0.        ,   0.        ,
     0.        ,   0.        ,   0.        ],
 [   0.        ,   0.        ,   0.        ,   0.        ,   0.        ,
     0.        ,   0.        ,   0.        ,   0.        ,   0.        ,
     0.        ,   0.        ,   0.        ],
 [   0.        ,   0.        ,   0.        ,   0.        ,   0.        ,
     0.        ,   0.        ,   0.        ,   0.        ,   0.        ,
     0.        ,   0.        ,   0.        ],
 [   0.        ,   0.        ,   0.        ,   0.        ,   0.        ,
     0.        ,   0.        ,   0.        ,   0.        ,   0.        ,
     0.        ,   0.        ,   0.        ],
 [   0.        ,   0.        ,   0.        ,   0.        ,   0.        ,
     0.        ,   0.        ,   0.        ,   0.        ,   0.        ,
     0.        ,   0.        ,   0.        ],
 [   0.        ,   0.        ,   0.        ,   0.        ,   0.        ,
     0.        ,   0.        ,   0.        ,   0.        ,   0.        ,
     0.        ,   0.        ,   0.        ],
 [   0.        ,   0.        ,   0.        ,   0.        ,   0.        ,
     0.        ,   0.        ,   0.        ,   0.        ,   0.        ,
     0.        ,   0.        ,   0.        ],
 [   0.        ,   0.        ,   0.        ,   0.        ,   0.        ,
     0.        ,   0.        ,   0.        ,   0.        ,   0.        ,
     0.        ,   0.        ,   0.        ],
 [   0.        ,   0.        ,   0.        ,   0.        ,   0.        ,
     0.        ,   0.        ,   0.        ,   0.        ,   0.        ,
     0.        ,   0.        ,   0.        ],
 [   0.        ,   0.        ,   0.        ,   0.        ,   0.        ,
     0.        ,   0.        ,   0.        ,   0.        ,   0.        ,
     0.        ,   0.        ,   0.        ],
 [   0.        ,   0.        ,   0.        ,   0.        ,   0.        ,
     0.        ,   0.        ,   0.        ,   0.        ,   0.        ,
     0.        ,   0.        ,   0.        ],
 [   0.        ,   0.        ,   0.        ,   0.        ,   0.        ,
     0.        ,   0.        ,   0.        ,   0.        ,   0.        ,
     0.        ,   0.        ,   0.        ],
 [   0.        ,   0.        ,   0.        ,   0.        ,   0.        ,
     0.        ,   0.        ,   0.        ,   0.        ,   0.        ,
     0.        ,   0.        ,   0.        ]]"
ulang,dataset\ulang\ulang1.wav,"[[-322.49048   ,  31.25511   ,  11.654533  ,  -1.3667905 , -10.427849  ,
    16.494617  ,  -3.9767673 ,  11.211886  ,   3.45734   ,  -2.130378  ,
     7.1047153 ,  -3.4928496 ,  -0.38892293],
 [-303.5803    ,  39.78952   ,  25.013062  ,   6.6366215 , -11.411015  ,
    24.182102  , -10.18537   ,   7.5561886 ,   7.0701847 ,   2.6009078 ,
     4.2795534 ,  -0.71678025,   0.5639926 ],
 [-323.48148   ,  33.668526  ,  20.200787  ,   2.2408855 , -10.056102  ,
    24.30164   ,   0.26486054,   4.5468717 ,   1.3179067 ,  -1.6358881 ,
     2.6375275 ,  -3.2039878 ,  -0.16916132],
 [-318.5494    ,  34.218193  ,  30.051556  ,   9.983406  , -10.958389  ,
    22.89617   ,  -2.0574005 ,   5.6938496 ,   3.2981071 ,  -0.7357205 ,
     1.8874669 ,   1.6470498 ,   1.5590634 ],
 [-325.68585   ,  32.72237   ,  15.693085  ,   4.5427885 ,  -8.949044  ,
    19.276358  ,   4.3835373 ,   5.9399996 ,   5.771141  ,  -1.3837066 ,
    -0.6001289 ,   0.83343905,   5.3231506 ],
 [-326.3915    ,  36.520145  ,  23.926472  ,   6.3101015 ,  -3.0091183 ,
    23.643944  ,   2.6191716 ,   6.021309  ,   1.2580569 ,   1.8900586 ,
     4.940343  ,   1.7822577 ,   2.148981  ],
 [-325.2856    ,  32.052643  ,  25.662407  ,   5.9975743 ,  -6.123967  ,
    23.814375  ,  -0.82024455,  10.257972  ,   0.93266916,  -0.3343686 ,
     5.185039  ,   4.7149816 ,   3.0400004 ],
 [-318.58585   ,  38.858948  ,  26.487427  ,   7.920741  ,  -9.755281  ,
    19.673748  ,  -1.5562356 ,  11.004217  ,   4.2864485 ,  -2.0240688 ,
     4.429467  ,   0.6586111 ,   1.3968971 ],
 [-321.4023    ,  32.06637   ,  26.751978  ,   7.144614  , -20.811588  ,
    16.44429   ,  -2.3099098 ,   7.797263  ,   5.7831    ,  -4.8157406 ,
     3.660613  ,   2.307908  ,  -1.9405833 ],
 [-321.78595   ,  27.395636  ,  22.339806  ,  12.310728  , -14.871066  ,
    19.576714  ,  -9.963228  ,  -0.91309667,   8.880729  ,  -5.4535017 ,
    -2.2915354 ,  -4.6064086 ,   0.44467103],
 [-323.1065    ,  28.786045  ,  24.73182   ,  15.2550335 , -16.900715  ,
    19.33076   ,  -7.7218647 ,   1.4596648 ,  13.689997  ,  -3.6271195 ,
    11.5084095 ,   2.9307961 ,  -4.6810074 ],
 [-329.20764   ,  24.553604  ,  24.853092  ,  19.627972  , -14.014804  ,
    21.20765   ,  -3.5642576 ,  -3.7859864 ,   9.770636  ,  -9.701294  ,
     4.3640656 ,   1.6651026 ,  -1.6302023 ],
 [-331.79324   ,  29.162271  ,  22.68626   ,  20.936716  ,  -8.564186  ,
    18.470465  ,  -2.1938217 ,  -9.342247  ,   8.164951  ,  -7.246371  ,
     2.837586  ,   5.1361055 ,  -3.4701967 ],
 [-331.09164   ,  26.71848   ,  18.556091  ,  15.446605  , -11.069765  ,
    22.032576  ,   0.6274735 ,  -3.4003377 ,   8.340596  , -12.000458  ,
     2.9575405 ,  -2.1683047 ,  -8.804325  ],
 [-327.7041    ,  38.109707  ,  25.011536  ,  16.012693  , -11.326971  ,
    14.329733  ,  -0.9659117 ,  -8.301443  ,   6.1656017 ,  -3.720475  ,
     2.8470564 ,   3.6229987 ,  -3.6818647 ],
 [-331.88367   ,  35.709503  ,  21.510418  ,  10.776588  ,  -9.253777  ,
    18.67554   ,   8.886239  ,   2.886482  ,   4.7897663 , -11.053342  ,
    -5.739107  ,   0.22035019,   0.14354825],
 [-323.0829    ,  41.992287  ,  25.646927  ,   6.970752  , -11.716726  ,
    15.759394  ,   2.0859642 ,   6.3379135 ,   6.551764  ,  -5.8631277 ,
    -1.3257232 ,   0.7377834 ,  -2.8409343 ],
 [-329.1538    ,  38.3448    ,  21.056751  ,  -2.4039307 ,  -8.365568  ,
    11.596418  ,  -3.3064642 ,   1.6087278 ,  -8.749172  ,  -1.5643973 ,
    -3.401721  ,   0.14746158,   1.9800572 ],
 [-329.30545   ,  39.13188   ,  23.111958  ,   2.8852634 ,  -2.0040379 ,
    15.49996   ,  -4.2027493 ,   6.8210783 ,  -0.8751902 ,   1.0513294 ,
    -0.04533625,  -4.381752  ,   1.9408665 ],
 [-332.52515   ,  30.443123  ,  23.20932   ,  -0.9835565 ,  -9.709816  ,
    14.177171  ,  -6.0775905 ,   9.802492  ,  -1.4699904 ,   5.149362  ,
     8.045033  ,   2.2343924 ,   0.83876586],
 [-325.612     ,  31.460014  ,  27.958994  ,   8.534137  ,  -4.1674247 ,
    18.82977   , -12.299471  ,   8.609293  ,   0.6473458 ,   0.28803927,
     0.71102524,  -5.0721436 ,   4.8420663 ],
 [-333.38797   ,  34.47193   ,  25.690456  ,   1.8772252 , -16.188732  ,
     7.199882  ,  -9.347895  ,   7.5474586 ,   3.222743  ,  -0.6557501 ,
     7.618637  ,  -2.0473266 ,   4.137478  ],
 [-326.40887   ,  31.372305  ,  29.851025  ,  10.14096   , -16.552887  ,
    16.214935  ,  -6.8316994 ,  11.051732  ,   7.2415304 ,  -6.2446046 ,
     3.5932543 ,  -2.1887572 ,   4.4250393 ],
 [-316.70892   ,  40.1774    ,  26.211012  ,   4.8728676 , -16.629063  ,
    15.505074  , -10.033615  ,   8.930977  ,   6.8129044 ,  -4.6635675 ,
     8.150036  ,  -4.084317  ,   3.2300766 ],
 [-326.27374   ,  34.177963  ,  29.151688  ,  12.0781765 , -11.8685055 ,
    20.54522   ,  -4.4469905 ,   1.7655464 ,   0.21327877,  -8.393098  ,
     7.3656945 ,   1.3043084 ,   1.4584937 ],
 [-315.39307   ,  43.99198   ,  19.591345  ,   4.171536  , -13.627335  ,
    15.464726  ,  -8.224463  ,   1.432941  ,  10.717466  ,  -5.2478113 ,
     4.222971  ,  -0.527654  ,   3.719023  ],
 [-328.91177   ,  34.548912  ,  25.570608  ,   5.7495127 , -23.341837  ,
    11.08263   ,  -4.934534  ,   4.422563  ,   6.9679933 , -10.017384  ,
     6.355978  ,  -0.968602  ,   0.50871396],
 [-326.84158   ,  39.492825  ,  25.552908  ,  12.161192  , -11.347923  ,
    13.702888  ,  -2.615395  ,   1.7293394 ,   9.380177  ,  -3.9079065 ,
     3.0431783 ,  -2.6240644 ,  -1.5359232 ],
 [-325.81616   ,  38.03688   ,  26.839447  ,  18.652243  , -11.828943  ,
     7.557731  ,  -8.716465  ,  -3.9202342 ,   8.241612  ,  -5.100257  ,
     0.9988313 ,  -0.38378653,  -1.0958679 ],
 [-324.21893   ,  42.67479   ,  21.548637  ,  16.146116  , -12.716042  ,
     5.205571  ,   4.919629  ,   1.4949547 ,  14.537834  ,   0.02578008,
    -3.4686205 ,   0.7019275 ,  -1.1092503 ],
 [-322.09036   ,  43.452568  ,  16.143986  ,   8.334542  , -13.533144  ,
     4.906541  ,  -1.1850117 ,  -5.3101873 ,  10.800499  ,   1.4776616 ,
    -2.6517873 ,   2.4482446 ,   1.1173223 ],
 [-324.05582   ,  42.303547  ,  23.336687  ,  18.951488  ,  -8.468359  ,
     9.984827  ,   5.3511024 ,  -2.9235797 ,   7.6925955 ,   4.825554  ,
     4.7701626 ,   1.1556658 ,   3.3559988 ],
 [-318.94748   ,  44.767555  ,  25.4287    ,  19.226833  , -14.780104  ,
     5.3576045 ,   6.0062475 ,   2.0538237 ,  12.186106  ,   4.8382187 ,
     4.547331  ,   3.7863703 ,  -2.9416256 ],
 [-324.4032    ,  34.68326   ,  23.947464  ,  12.38759   ,  -6.8356566 ,
    19.800953  ,   1.2060659 ,   2.596682  ,   2.5029895 ,  -2.622862  ,
     0.93074095,  -0.4745573 ,   0.93781734],
 [-316.16406   ,  44.962585  ,  30.783669  ,  11.200153  , -13.880848  ,
    16.221647  ,  -3.0782876 ,   4.0914464 ,  11.703505  ,   4.4055204 ,
    10.393779  ,   1.2303096 ,  -3.6709986 ],
 [-323.51285   ,  33.006912  ,  24.968071  ,  12.9594555 , -16.995293  ,
    16.27166   ,   0.8230994 ,   4.2422214 ,  12.098431  ,  -2.086025  ,
     1.163963  ,  -2.0192466 ,  -2.501801  ],
 [-309.6591    ,  39.203682  ,  28.81755   ,  14.941095  ,  -9.540939  ,
    22.141157  ,  -5.7145286 ,   2.2714963 ,  13.986499  ,  -4.632179  ,
     1.6285784 ,  -2.7687328 ,  -1.492558  ],
 [-309.0193    ,  42.585747  ,  21.134794  ,   9.856351  , -19.891094  ,
    21.481995  ,   1.9702247 ,  -2.1351876 ,  12.34217   ,  -6.354114  ,
     5.840371  ,   2.1216848 , -10.248401  ],
 [-304.12067   ,  38.427753  ,  19.42395   ,  10.907291  , -17.994932  ,
    29.406586  ,  -0.02200963,  -2.3109374 ,  15.096712  ,  -2.8983355 ,
     4.3868785 ,   0.8411884 ,  -2.6166415 ],
 [-305.82175   ,  44.272884  ,  14.084446  ,   3.647267  , -19.017277  ,
    26.479502  ,   5.80947   ,  -1.5061563 ,  17.723728  ,  -3.4417176 ,
     2.9930377 ,   0.02315703,  -9.383644  ],
 [-312.50894   ,  36.970467  ,  20.293827  ,   8.971538  , -19.221203  ,
    21.45486   ,   5.5408373 ,   2.8849277 ,  13.465885  ,   3.6956604 ,
     2.7539825 ,   1.92368   ,  -4.159364  ],
 [-236.80907   ,  84.67653   ,  49.5       ,   3.272071  , -19.043255  ,
     9.929386  ,  -5.6131454 ,  -6.864522  ,   4.4729543 ,  -5.137105  ,
     2.4934394 , -11.763874  ,   5.178755  ],
 [-203.60722   ,  87.85101   ,  39.707573  ,  -6.1725073 , -28.741142  ,
    14.586333  ,  -5.2538404 ,  -2.4446468 ,   9.699252  ,  -3.348902  ,
     8.405691  , -16.822693  ,   6.1150417 ],
 [-201.91974   ,  86.21249   ,  36.62829   ,   1.53234   , -18.879494  ,
     7.262515  ,   5.5348167 ,  -9.313162  ,   2.2589965 ,  -3.193217  ,
     6.399867  , -12.532496  ,  11.358243  ],
 [-181.49387   ,  85.474625  ,  17.300419  ,   4.6946173 , -16.877369  ,
     3.9051356 ,  15.622     , -16.12687   ,  -0.35239303,  -0.28621674,
    -0.2295723 ,  -6.744837  ,  11.404356  ],
 [-164.48013   ,  75.08268   ,  -3.2974715 ,  24.042803  ,  -4.7815275 ,
     2.3007417 ,   4.5220294 , -16.894203  ,  -6.111184  ,   5.974262  ,
    -0.31236959,  -9.709781  ,   6.892846  ],
 [-160.73254   ,  71.30433   ,   3.2929506 ,  24.661392  ,  -2.491341  ,
     2.2180307 ,  -5.2528725 , -16.754642  ,   0.7201556 ,   3.9639516 ,
    -8.889379  ,  -2.9676752 ,  10.515273  ],
 [-154.89062   ,  65.057175  ,   7.242867  ,  21.115795  ,  -4.166532  ,
     8.399307  , -14.911591  , -11.866318  ,   3.7869775 ,   2.0032449 ,
    -7.821385  ,   1.0956726 ,   8.351589  ],
 [-154.14867   ,  61.715477  ,  13.062933  ,  16.651104  ,  -5.991789  ,
    12.489466  , -19.896946  , -14.484629  ,   3.9059412 ,   2.1031833 ,
    -9.457043  ,   6.019663  ,   6.225467  ],
 [-148.3973    ,  61.986153  ,  16.083317  ,  10.819214  ,  -8.726415  ,
    13.743442  , -21.630632  , -16.686213  ,   2.43462   ,   1.7125518 ,
    -8.79278   ,   6.0244246 ,   5.173779  ],
 [-146.04353   ,  63.815166  ,  11.480162  ,   8.087669  , -16.548374  ,
    16.202917  , -13.938409  , -14.974512  ,  -1.0935655 ,   5.4941297 ,
   -12.355822  ,   4.9822683 ,  -0.12866306],
 [-132.32445   ,  67.37726   ,  -1.2131109 ,  -3.2214222 , -20.656816  ,
    10.619373  , -10.981387  , -13.544106  ,  11.359734  ,   7.5836835 ,
    -4.5598288 ,   0.23511092,   1.518147  ],
 [-123.343254  ,  63.63013   ,  -5.043685  ,  -7.1025286 , -19.319538  ,
    16.313873  ,  -8.72136   ,  -8.84099   ,   7.0904703 ,   2.8709607 ,
    -2.3141036 ,  -4.2327366 ,   3.298285  ],
 [-126.38322   ,  64.673065  , -14.455116  ,  -4.6623716 , -20.77992   ,
    16.319931  ,  -6.412856  ,  -8.029215  ,   8.082741  ,   5.6928906 ,
    -4.0521774 ,  -4.514757  ,  -3.4076295 ],
 [-118.37281   ,  62.038322  , -15.214034  ,  -6.129064  , -19.021759  ,
    18.393803  ,  -9.458458  ,  -6.603652  ,   4.6320896 ,   2.062659  ,
    -2.8357196 ,  -3.411626  ,  -2.785699  ],
 [-116.682434  ,  58.94597   , -16.579071  ,  -8.29946   , -22.6039    ,
    22.27489   ,  -6.950647  ,  -5.85574   ,   4.3441834 ,   4.409649  ,
    -3.2567701 ,  -4.9801116 ,   1.2910938 ],
 [-126.1686    ,  63.341408  , -16.851221  ,  -7.7628655 , -18.301418  ,
    19.694891  ,  -4.1991305 ,  -7.319357  ,   3.2343478 ,   4.316808  ,
    -3.7644086 ,  -6.458086  ,  -1.6385932 ],
 [-122.58297   ,  62.109917  , -14.677508  ,  -8.963636  , -16.969492  ,
    18.472939  ,  -4.9373302 ,  -7.7963204 ,   4.017567  ,   3.1323338 ,
    -3.5675716 ,  -4.286452  ,  -1.9147582 ],
 [-129.38135   ,  62.958626  , -17.326769  ,  -8.241875  , -20.2019    ,
    25.845993  ,  -4.3300743 ,  -8.322496  ,   4.370945  ,   5.2980137 ,
    -3.4259505 ,  -3.111034  ,  -3.464182  ],
 [-139.48851   ,  65.44046   , -13.955369  ,  -4.952921  , -23.47808   ,
    29.625109  ,  -5.977746  ,  -8.605375  ,   1.6177979 ,   2.8289049 ,
    -0.6307936 ,  -3.3987944 ,  -5.2305293 ],
 [-174.73413   ,  60.81059   ,   1.8220203 ,  -0.13475269, -19.260859  ,
    26.00674   ,   0.81496066,   0.23263276,   2.6738195 ,   0.503536  ,
    -6.762022  ,   6.220926  ,  -6.8402653 ],
 [-192.70045   ,  82.259995  ,   2.3971395 ,   8.177395  , -19.178349  ,
    21.729753  ,   2.9408898 ,  -3.136661  ,  -3.0454183 ,  -0.37583447,
    -0.5473262 ,  -1.0747799 ,   3.6927023 ],
 [-200.5117    ,  77.96306   ,  13.395899  ,   2.5038981 , -14.8832245 ,
    22.401302  ,   2.5787134 ,  -5.3264823 ,  -1.446693  ,  -6.5163336 ,
     6.107273  ,   3.591922  ,   3.3263302 ],
 [-204.83282   ,  82.43222   ,  13.056849  ,   2.9893985 , -17.041492  ,
    22.725986  ,   1.7754941 ,  -2.4412875 ,  -4.5639024 ,  -5.754317  ,
     1.4671097 ,   4.858382  ,   1.337445  ],
 [-215.53307   ,  86.51594   ,  15.428924  ,   0.07451379,  -8.807871  ,
    23.131687  ,   0.00849581,  -8.256256  ,   0.5216954 ,  -4.3458366 ,
     5.8410683 ,  -0.90462977,   1.7670577 ],
 [-227.57794   ,  81.673904  ,  24.039757  ,   6.9806824 ,  -0.30392432,
    21.94168   ,  -3.6562624 ,  -7.4157023 ,   4.4804187 ,  -5.061241  ,
     4.5631037 ,  -7.0549617 ,  -1.8602765 ],
 [-249.73065   ,  73.98453   ,  25.520323  ,  12.619901  ,   1.9301106 ,
    27.822979  ,   0.993083  , -11.077631  ,  -5.997735  ,  -5.153141  ,
    -0.35642207,  -5.0112467 ,  -0.8145747 ],
 [-257.06528   ,  70.81828   ,  23.34622   ,  10.978172  ,   2.4181476 ,
    28.351797  ,  -1.1313345 ,  -7.5938873 ,  -3.9764266 , -12.98728   ,
    -1.422597  ,  -2.4471262 ,   2.4832163 ],
 [-270.89343   ,  63.569954  ,  16.939806  ,  14.544542  ,   3.7107997 ,
    29.79133   ,  -1.9833591 ,  -7.627225  ,  -4.6017237 , -16.379366  ,
    -2.7067018 ,  -0.71736896,  -2.554275  ],
 [-283.64215   ,  65.30369   ,  20.539942  ,   8.384888  ,   0.2221458 ,
    22.839024  ,  -1.0030768 ,  -6.1301427 ,  -0.90398294,  -7.185874  ,
    -2.9116924 ,  -1.1017989 ,  -0.39569688],
 [-301.26593   ,  52.735977  ,  20.57158   ,   7.7061033 ,  -4.6251116 ,
    18.325794  ,  -9.821131  ,   0.02173173,   5.9845295 ,  -3.4749923 ,
    -3.2726626 ,  -9.546582  ,   1.1309357 ],
 [-314.56274   ,  47.568665  ,  17.465708  ,   2.4492874 ,  -0.15916672,
    14.145811  ,  -4.9560785 ,   5.4452124 ,   1.0398473 ,  -5.456235  ,
    -5.9475036 ,   1.5371072 ,   1.710998  ],
 [-318.7631    ,  41.948776  ,  18.61814   ,  -0.33937097,  -2.4264977 ,
    17.298801  ,  -6.8555193 ,   7.872448  ,   0.9506178 ,  -1.7613108 ,
     1.1787732 ,  -1.7442058 ,  -1.2274058 ],
 [-320.04343   ,  45.43346   ,  19.946663  ,  -3.8396106 ,  -7.8831925 ,
    18.137405  ,   0.09806228,   8.888235  ,   0.41368216,  -3.5958452 ,
     1.0987581 ,  -0.60647863,   4.3598104 ],
 [-324.88608   ,  39.029655  ,  17.121609  ,   0.8002832 ,  -2.467672  ,
    13.889027  , -10.01394   ,   5.6868258 ,   7.1595163 ,   3.1025538 ,
     1.2635297 ,  -4.4630785 ,   0.475971  ],
 [-315.18176   ,  43.045853  ,  21.173073  ,  -0.49296057,  -9.523309  ,
    24.03389   ,  -0.4263283 ,   8.879262  ,   2.0692706 ,  -4.6021166 ,
     4.4116254 ,  -1.034357  ,   2.1925912 ],
 [-321.71002   ,  36.53415   ,  20.991302  ,   5.8682976 ,  -6.4297414 ,
    16.913982  , -13.312275  ,   1.9269948 ,   3.147223  ,  -0.11972371,
     8.777046  ,  -2.8926976 ,   3.514607  ],
 [-327.01437   ,  37.68586   ,  22.880032  ,   5.8665123 ,  -2.772962  ,
    23.465899  ,  -6.314738  ,   4.3894615 ,   0.8604628 ,  -0.8845068 ,
    11.744094  ,  -7.1111627 ,   3.1280022 ],
 [-332.01343   ,  35.645447  ,  22.205793  ,   2.4581316 , -13.06094   ,
    15.244946  ,  -4.085404  ,   4.3316355 ,   2.0005426 ,  -5.875207  ,
     6.9855094 ,  -7.365415  ,  -1.8280797 ],
 [-332.93497   ,  36.26609   ,  22.549469  ,   5.9792733 ,  -5.6771755 ,
    23.361095  ,   4.3982344 ,   7.4051466 ,   2.7321243 ,  -6.305567  ,
     7.7810783 ,  -4.234102  ,  -0.97932243],
 [-329.25623   ,  37.395615  ,  23.78091   ,   6.938794  ,  -8.747614  ,
    22.700699  ,   3.6804035 ,   8.56503   ,   7.254242  ,  -4.294902  ,
     8.174423  ,  -4.0999184 ,  -2.236291  ],
 [-327.53717   ,  43.401436  ,  12.486704  ,  -3.0448275 ,  -5.026061  ,
    18.220047  ,   4.074953  ,   4.3968115 ,   6.807199  ,  -1.8036971 ,
     6.001076  ,  -2.2035177 ,  -2.5822225 ],
 [-325.81107   ,  42.94043   ,  19.336014  ,  -1.1787976 , -10.860561  ,
    19.656898  ,   4.69909   ,   6.307456  ,   2.7348857 ,  -2.6155238 ,
     9.898846  ,  -0.4657459 ,   2.4433675 ],
 [-333.6007    ,  36.0632    ,   9.182329  ,  -6.073037  ,  -4.681102  ,
    21.561066  ,   5.201709  ,   4.4112024 ,  -0.28796685,  -8.784929  ,
    -2.0673819 , -11.447884  ,  -3.1357498 ],
 [-318.87073   ,  34.432182  ,   9.213238  ,   6.2931347 ,  -4.7394123 ,
     9.060177  ,  -3.5543861 ,  12.490625  ,   4.528796  ,  -2.6854978 ,
     3.8555722 ,  -0.33893153,   4.955112  ],
 [-322.79602   ,  35.270805  ,  19.922804  ,   0.22753608,  -8.952248  ,
    19.074299  ,   1.123917  ,  16.976833  ,   3.4223118 ,  -3.269353  ,
    -1.3244247 ,   0.74590445,   6.737959  ],
 [-330.1172    ,  33.335503  ,  19.210392  ,   2.5470831 ,  -8.872337  ,
    19.06784   ,  -0.02244174,  10.656084  ,   5.766877  ,  -0.48252332,
     6.7517786 ,  -2.1886976 ,   5.197569  ],
 [-328.20737   ,  26.545542  ,  14.510279  ,   2.7969675 , -12.422335  ,
    19.300411  ,   0.2260263 ,   5.281757  ,   3.0721302 ,   1.5322084 ,
     4.1034555 ,   3.6575205 ,   8.008983  ],
 [-310.0271    ,  35.495216  ,   7.4509697 ,  13.416072  ,  -2.1826987 ,
    15.015819  ,   4.6561327 ,   3.0381377 ,  -4.575298  ,  -4.121566  ,
     0.22642493,   2.7939901 ,   4.8736725 ],
 [-327.44626   ,  29.868084  ,  21.530977  ,  13.158306  , -13.745839  ,
    11.652403  ,  -1.3435807 ,   3.864943  ,   1.6362069 ,  -1.7913494 ,
     4.7426643 ,   0.40979543,   6.1016808 ],
 [-332.10364   ,  35.903862  ,  20.855045  ,   7.358307  ,  -2.373898  ,
    24.420128  ,   5.4803    ,   2.2043912 ,   1.0630852 ,  -6.946931  ,
     4.464558  ,   0.72672385,  -2.5644288 ],
 [-326.47562   ,  29.487743  ,  17.129978  ,   9.684713  , -15.429272  ,
    15.3540325 ,   4.7271338 ,   4.987021  ,   6.7637987 ,  -5.3879457 ,
     3.969518  ,   6.038124  ,  -0.1474669 ],
 [-340.26294   ,  20.4981    ,  23.419422  ,  19.558437  ,  -9.756963  ,
    14.739736  ,  -4.7035193 ,  -0.34085903,  10.146032  ,  -2.3564544 ,
     5.471154  ,   3.8415751 ,  -1.7376268 ],
 [-333.98865   ,  29.395496  ,  22.04057   ,  13.25326   , -15.758223  ,
    16.215014  ,   2.5762072 ,   0.32930732,   9.118949  , -10.380683  ,
     4.2025995 ,   2.3474956 ,  -4.0926113 ],
 [-333.87094   ,  27.203424  ,  17.761303  ,  15.161747  , -14.742002  ,
    20.26939   ,   9.064539  ,  -5.181547  ,  11.672937  ,  -7.724481  ,
    -0.45799208,   3.8552306 ,  -7.3568387 ],
 [-343.19412   ,  19.642162  ,  12.920416  ,   9.658535  , -21.557507  ,
     5.8281283 ,  -4.4395704 , -13.901126  ,   7.5440903 ,  -4.9112487 ,
     2.4079578 ,   6.0534363 ,  -7.244978  ],
 [-332.37433   ,  31.053444  ,  12.873568  ,   2.6419423 , -19.844418  ,
    13.53706   ,   6.099063  ,  -2.562199  ,   8.829129  ,  -3.3296304 ,
     2.8481607 ,   3.1014433 ,  -4.0953217 ],
 [-341.0552    ,  23.926369  ,   8.762034  ,   1.5781858 , -16.718895  ,
    11.165291  ,   3.3721967 ,  -2.204639  ,  10.542112  ,   1.0223515 ,
     4.863059  ,   4.3154626 ,  -5.380101  ],
 [-332.49744   ,  31.359436  ,  12.932165  ,   4.301569  , -15.027983  ,
    15.175165  ,   3.6975803 ,  -5.075609  ,   8.071893  ,  -3.815312  ,
     0.48677278,   1.0925523 ,  -6.6339483 ],
 [-339.36603   ,  32.534195  ,  23.757797  ,  13.1252575 , -10.802177  ,
     5.1197896 ,  -1.137472  ,  -1.3590366 ,  11.465069  ,   5.9104896 ,
     0.6590233 ,   1.5048041 ,  -6.3409905 ],
 [-334.9291    ,  27.81857   ,  20.419418  ,   2.3641796 , -11.042377  ,
    15.971943  ,  -0.05515432,   5.9866886 ,   1.1055897 ,   4.318696  ,
     5.8066654 ,   2.6005232 ,  -2.0324128 ],
 [-340.85928   ,  30.249477  ,  20.492214  ,   4.746015  ,  -0.7646378 ,
    15.390005  ,  -1.4142197 ,   4.3751507 ,  -5.7745495 ,  -3.6236832 ,
     0.12558961,   0.3115237 ,   7.8259907 ],
 [-330.83008   ,  37.645473  ,  26.282429  ,   3.6222575 , -12.005379  ,
    10.729755  ,  -5.7687635 ,   6.024932  ,   0.6514535 ,   1.3195984 ,
     5.5283294 ,  -3.9430978 ,   1.1503215 ],
 [-350.0957    ,  23.755623  ,  25.821293  ,  14.315552  ,   0.48495984,
    14.523705  ,  -3.5668683 ,   4.7436895 ,  -2.7301278 ,  -3.8842564 ,
     3.3488326 ,  -3.8210595 ,   4.5855527 ],
 [-342.09744   ,  29.737577  ,  18.006994  ,  -1.3100762 , -11.589203  ,
     8.755814  ,  -5.022014  ,   5.198272  ,  -0.17480934,  -0.34310073,
     7.30688   ,  -3.1016746 ,   2.0545855 ],
 [-326.1929    ,  47.11292   ,  11.820604  , -13.621859  , -11.752014  ,
    14.037953  ,   5.0681906 ,   5.188828  ,  -2.5791135 ,  -2.1064153 ,
     5.1558084 ,  -1.4247639 ,   1.5076177 ],
 [-338.50095   ,  38.891983  ,  14.94658   ,  -4.019903  ,  -7.9016924 ,
     5.167219  ,  -4.2982197 ,   0.56961197,  -1.2218585 ,   1.2828293 ,
     2.6115525 ,  -5.1857815 ,   1.6394479 ],
 [-344.77878   ,  34.971855  ,  16.552013  ,   0.8868965 ,   0.41957968,
    13.193455  ,   3.7496116 ,   6.9075646 ,   0.15309525,   0.48357388,
     1.5048    ,  -6.6905646 ,   1.2310914 ]]","[[-322.49048   ,  31.25511   ,  11.654533  ,  -1.3667905 , -10.427849  ,
    16.494617  ,  -3.9767673 ,  11.211886  ,   3.45734   ,  -2.130378  ,
     7.1047153 ,  -3.4928496 ,  -0.38892293],
 [-303.5803    ,  39.78952   ,  25.013062  ,   6.6366215 , -11.411015  ,
    24.182102  , -10.18537   ,   7.5561886 ,   7.0701847 ,   2.6009078 ,
     4.2795534 ,  -0.71678025,   0.5639926 ],
 [-323.48148   ,  33.668526  ,  20.200787  ,   2.2408855 , -10.056102  ,
    24.30164   ,   0.26486054,   4.5468717 ,   1.3179067 ,  -1.6358881 ,
     2.6375275 ,  -3.2039878 ,  -0.16916132],
 [-318.5494    ,  34.218193  ,  30.051556  ,   9.983406  , -10.958389  ,
    22.89617   ,  -2.0574005 ,   5.6938496 ,   3.2981071 ,  -0.7357205 ,
     1.8874669 ,   1.6470498 ,   1.5590634 ],
 [-325.68585   ,  32.72237   ,  15.693085  ,   4.5427885 ,  -8.949044  ,
    19.276358  ,   4.3835373 ,   5.9399996 ,   5.771141  ,  -1.3837066 ,
    -0.6001289 ,   0.83343905,   5.3231506 ],
 [-326.3915    ,  36.520145  ,  23.926472  ,   6.3101015 ,  -3.0091183 ,
    23.643944  ,   2.6191716 ,   6.021309  ,   1.2580569 ,   1.8900586 ,
     4.940343  ,   1.7822577 ,   2.148981  ],
 [-325.2856    ,  32.052643  ,  25.662407  ,   5.9975743 ,  -6.123967  ,
    23.814375  ,  -0.82024455,  10.257972  ,   0.93266916,  -0.3343686 ,
     5.185039  ,   4.7149816 ,   3.0400004 ],
 [-318.58585   ,  38.858948  ,  26.487427  ,   7.920741  ,  -9.755281  ,
    19.673748  ,  -1.5562356 ,  11.004217  ,   4.2864485 ,  -2.0240688 ,
     4.429467  ,   0.6586111 ,   1.3968971 ],
 [-321.4023    ,  32.06637   ,  26.751978  ,   7.144614  , -20.811588  ,
    16.44429   ,  -2.3099098 ,   7.797263  ,   5.7831    ,  -4.8157406 ,
     3.660613  ,   2.307908  ,  -1.9405833 ],
 [-321.78595   ,  27.395636  ,  22.339806  ,  12.310728  , -14.871066  ,
    19.576714  ,  -9.963228  ,  -0.91309667,   8.880729  ,  -5.4535017 ,
    -2.2915354 ,  -4.6064086 ,   0.44467103],
 [-323.1065    ,  28.786045  ,  24.73182   ,  15.2550335 , -16.900715  ,
    19.33076   ,  -7.7218647 ,   1.4596648 ,  13.689997  ,  -3.6271195 ,
    11.5084095 ,   2.9307961 ,  -4.6810074 ],
 [-329.20764   ,  24.553604  ,  24.853092  ,  19.627972  , -14.014804  ,
    21.20765   ,  -3.5642576 ,  -3.7859864 ,   9.770636  ,  -9.701294  ,
     4.3640656 ,   1.6651026 ,  -1.6302023 ],
 [-331.79324   ,  29.162271  ,  22.68626   ,  20.936716  ,  -8.564186  ,
    18.470465  ,  -2.1938217 ,  -9.342247  ,   8.164951  ,  -7.246371  ,
     2.837586  ,   5.1361055 ,  -3.4701967 ],
 [-331.09164   ,  26.71848   ,  18.556091  ,  15.446605  , -11.069765  ,
    22.032576  ,   0.6274735 ,  -3.4003377 ,   8.340596  , -12.000458  ,
     2.9575405 ,  -2.1683047 ,  -8.804325  ],
 [-327.7041    ,  38.109707  ,  25.011536  ,  16.012693  , -11.326971  ,
    14.329733  ,  -0.9659117 ,  -8.301443  ,   6.1656017 ,  -3.720475  ,
     2.8470564 ,   3.6229987 ,  -3.6818647 ],
 [-331.88367   ,  35.709503  ,  21.510418  ,  10.776588  ,  -9.253777  ,
    18.67554   ,   8.886239  ,   2.886482  ,   4.7897663 , -11.053342  ,
    -5.739107  ,   0.22035019,   0.14354825],
 [-323.0829    ,  41.992287  ,  25.646927  ,   6.970752  , -11.716726  ,
    15.759394  ,   2.0859642 ,   6.3379135 ,   6.551764  ,  -5.8631277 ,
    -1.3257232 ,   0.7377834 ,  -2.8409343 ],
 [-329.1538    ,  38.3448    ,  21.056751  ,  -2.4039307 ,  -8.365568  ,
    11.596418  ,  -3.3064642 ,   1.6087278 ,  -8.749172  ,  -1.5643973 ,
    -3.401721  ,   0.14746158,   1.9800572 ],
 [-329.30545   ,  39.13188   ,  23.111958  ,   2.8852634 ,  -2.0040379 ,
    15.49996   ,  -4.2027493 ,   6.8210783 ,  -0.8751902 ,   1.0513294 ,
    -0.04533625,  -4.381752  ,   1.9408665 ],
 [-332.52515   ,  30.443123  ,  23.20932   ,  -0.9835565 ,  -9.709816  ,
    14.177171  ,  -6.0775905 ,   9.802492  ,  -1.4699904 ,   5.149362  ,
     8.045033  ,   2.2343924 ,   0.83876586],
 [-325.612     ,  31.460014  ,  27.958994  ,   8.534137  ,  -4.1674247 ,
    18.82977   , -12.299471  ,   8.609293  ,   0.6473458 ,   0.28803927,
     0.71102524,  -5.0721436 ,   4.8420663 ],
 [-333.38797   ,  34.47193   ,  25.690456  ,   1.8772252 , -16.188732  ,
     7.199882  ,  -9.347895  ,   7.5474586 ,   3.222743  ,  -0.6557501 ,
     7.618637  ,  -2.0473266 ,   4.137478  ],
 [-326.40887   ,  31.372305  ,  29.851025  ,  10.14096   , -16.552887  ,
    16.214935  ,  -6.8316994 ,  11.051732  ,   7.2415304 ,  -6.2446046 ,
     3.5932543 ,  -2.1887572 ,   4.4250393 ],
 [-316.70892   ,  40.1774    ,  26.211012  ,   4.8728676 , -16.629063  ,
    15.505074  , -10.033615  ,   8.930977  ,   6.8129044 ,  -4.6635675 ,
     8.150036  ,  -4.084317  ,   3.2300766 ],
 [-326.27374   ,  34.177963  ,  29.151688  ,  12.0781765 , -11.8685055 ,
    20.54522   ,  -4.4469905 ,   1.7655464 ,   0.21327877,  -8.393098  ,
     7.3656945 ,   1.3043084 ,   1.4584937 ],
 [-315.39307   ,  43.99198   ,  19.591345  ,   4.171536  , -13.627335  ,
    15.464726  ,  -8.224463  ,   1.432941  ,  10.717466  ,  -5.2478113 ,
     4.222971  ,  -0.527654  ,   3.719023  ],
 [-328.91177   ,  34.548912  ,  25.570608  ,   5.7495127 , -23.341837  ,
    11.08263   ,  -4.934534  ,   4.422563  ,   6.9679933 , -10.017384  ,
     6.355978  ,  -0.968602  ,   0.50871396],
 [-326.84158   ,  39.492825  ,  25.552908  ,  12.161192  , -11.347923  ,
    13.702888  ,  -2.615395  ,   1.7293394 ,   9.380177  ,  -3.9079065 ,
     3.0431783 ,  -2.6240644 ,  -1.5359232 ],
 [-325.81616   ,  38.03688   ,  26.839447  ,  18.652243  , -11.828943  ,
     7.557731  ,  -8.716465  ,  -3.9202342 ,   8.241612  ,  -5.100257  ,
     0.9988313 ,  -0.38378653,  -1.0958679 ],
 [-324.21893   ,  42.67479   ,  21.548637  ,  16.146116  , -12.716042  ,
     5.205571  ,   4.919629  ,   1.4949547 ,  14.537834  ,   0.02578008,
    -3.4686205 ,   0.7019275 ,  -1.1092503 ],
 [-322.09036   ,  43.452568  ,  16.143986  ,   8.334542  , -13.533144  ,
     4.906541  ,  -1.1850117 ,  -5.3101873 ,  10.800499  ,   1.4776616 ,
    -2.6517873 ,   2.4482446 ,   1.1173223 ],
 [-324.05582   ,  42.303547  ,  23.336687  ,  18.951488  ,  -8.468359  ,
     9.984827  ,   5.3511024 ,  -2.9235797 ,   7.6925955 ,   4.825554  ,
     4.7701626 ,   1.1556658 ,   3.3559988 ],
 [-318.94748   ,  44.767555  ,  25.4287    ,  19.226833  , -14.780104  ,
     5.3576045 ,   6.0062475 ,   2.0538237 ,  12.186106  ,   4.8382187 ,
     4.547331  ,   3.7863703 ,  -2.9416256 ],
 [-324.4032    ,  34.68326   ,  23.947464  ,  12.38759   ,  -6.8356566 ,
    19.800953  ,   1.2060659 ,   2.596682  ,   2.5029895 ,  -2.622862  ,
     0.93074095,  -0.4745573 ,   0.93781734],
 [-316.16406   ,  44.962585  ,  30.783669  ,  11.200153  , -13.880848  ,
    16.221647  ,  -3.0782876 ,   4.0914464 ,  11.703505  ,   4.4055204 ,
    10.393779  ,   1.2303096 ,  -3.6709986 ],
 [-323.51285   ,  33.006912  ,  24.968071  ,  12.9594555 , -16.995293  ,
    16.27166   ,   0.8230994 ,   4.2422214 ,  12.098431  ,  -2.086025  ,
     1.163963  ,  -2.0192466 ,  -2.501801  ],
 [-309.6591    ,  39.203682  ,  28.81755   ,  14.941095  ,  -9.540939  ,
    22.141157  ,  -5.7145286 ,   2.2714963 ,  13.986499  ,  -4.632179  ,
     1.6285784 ,  -2.7687328 ,  -1.492558  ],
 [-309.0193    ,  42.585747  ,  21.134794  ,   9.856351  , -19.891094  ,
    21.481995  ,   1.9702247 ,  -2.1351876 ,  12.34217   ,  -6.354114  ,
     5.840371  ,   2.1216848 , -10.248401  ],
 [-304.12067   ,  38.427753  ,  19.42395   ,  10.907291  , -17.994932  ,
    29.406586  ,  -0.02200963,  -2.3109374 ,  15.096712  ,  -2.8983355 ,
     4.3868785 ,   0.8411884 ,  -2.6166415 ],
 [-305.82175   ,  44.272884  ,  14.084446  ,   3.647267  , -19.017277  ,
    26.479502  ,   5.80947   ,  -1.5061563 ,  17.723728  ,  -3.4417176 ,
     2.9930377 ,   0.02315703,  -9.383644  ],
 [-312.50894   ,  36.970467  ,  20.293827  ,   8.971538  , -19.221203  ,
    21.45486   ,   5.5408373 ,   2.8849277 ,  13.465885  ,   3.6956604 ,
     2.7539825 ,   1.92368   ,  -4.159364  ],
 [-236.80907   ,  84.67653   ,  49.5       ,   3.272071  , -19.043255  ,
     9.929386  ,  -5.6131454 ,  -6.864522  ,   4.4729543 ,  -5.137105  ,
     2.4934394 , -11.763874  ,   5.178755  ],
 [-203.60722   ,  87.85101   ,  39.707573  ,  -6.1725073 , -28.741142  ,
    14.586333  ,  -5.2538404 ,  -2.4446468 ,   9.699252  ,  -3.348902  ,
     8.405691  , -16.822693  ,   6.1150417 ],
 [-201.91974   ,  86.21249   ,  36.62829   ,   1.53234   , -18.879494  ,
     7.262515  ,   5.5348167 ,  -9.313162  ,   2.2589965 ,  -3.193217  ,
     6.399867  , -12.532496  ,  11.358243  ],
 [-181.49387   ,  85.474625  ,  17.300419  ,   4.6946173 , -16.877369  ,
     3.9051356 ,  15.622     , -16.12687   ,  -0.35239303,  -0.28621674,
    -0.2295723 ,  -6.744837  ,  11.404356  ],
 [-164.48013   ,  75.08268   ,  -3.2974715 ,  24.042803  ,  -4.7815275 ,
     2.3007417 ,   4.5220294 , -16.894203  ,  -6.111184  ,   5.974262  ,
    -0.31236959,  -9.709781  ,   6.892846  ],
 [-160.73254   ,  71.30433   ,   3.2929506 ,  24.661392  ,  -2.491341  ,
     2.2180307 ,  -5.2528725 , -16.754642  ,   0.7201556 ,   3.9639516 ,
    -8.889379  ,  -2.9676752 ,  10.515273  ],
 [-154.89062   ,  65.057175  ,   7.242867  ,  21.115795  ,  -4.166532  ,
     8.399307  , -14.911591  , -11.866318  ,   3.7869775 ,   2.0032449 ,
    -7.821385  ,   1.0956726 ,   8.351589  ],
 [-154.14867   ,  61.715477  ,  13.062933  ,  16.651104  ,  -5.991789  ,
    12.489466  , -19.896946  , -14.484629  ,   3.9059412 ,   2.1031833 ,
    -9.457043  ,   6.019663  ,   6.225467  ],
 [-148.3973    ,  61.986153  ,  16.083317  ,  10.819214  ,  -8.726415  ,
    13.743442  , -21.630632  , -16.686213  ,   2.43462   ,   1.7125518 ,
    -8.79278   ,   6.0244246 ,   5.173779  ],
 [-146.04353   ,  63.815166  ,  11.480162  ,   8.087669  , -16.548374  ,
    16.202917  , -13.938409  , -14.974512  ,  -1.0935655 ,   5.4941297 ,
   -12.355822  ,   4.9822683 ,  -0.12866306],
 [-132.32445   ,  67.37726   ,  -1.2131109 ,  -3.2214222 , -20.656816  ,
    10.619373  , -10.981387  , -13.544106  ,  11.359734  ,   7.5836835 ,
    -4.5598288 ,   0.23511092,   1.518147  ],
 [-123.343254  ,  63.63013   ,  -5.043685  ,  -7.1025286 , -19.319538  ,
    16.313873  ,  -8.72136   ,  -8.84099   ,   7.0904703 ,   2.8709607 ,
    -2.3141036 ,  -4.2327366 ,   3.298285  ],
 [-126.38322   ,  64.673065  , -14.455116  ,  -4.6623716 , -20.77992   ,
    16.319931  ,  -6.412856  ,  -8.029215  ,   8.082741  ,   5.6928906 ,
    -4.0521774 ,  -4.514757  ,  -3.4076295 ],
 [-118.37281   ,  62.038322  , -15.214034  ,  -6.129064  , -19.021759  ,
    18.393803  ,  -9.458458  ,  -6.603652  ,   4.6320896 ,   2.062659  ,
    -2.8357196 ,  -3.411626  ,  -2.785699  ],
 [-116.682434  ,  58.94597   , -16.579071  ,  -8.29946   , -22.6039    ,
    22.27489   ,  -6.950647  ,  -5.85574   ,   4.3441834 ,   4.409649  ,
    -3.2567701 ,  -4.9801116 ,   1.2910938 ],
 [-126.1686    ,  63.341408  , -16.851221  ,  -7.7628655 , -18.301418  ,
    19.694891  ,  -4.1991305 ,  -7.319357  ,   3.2343478 ,   4.316808  ,
    -3.7644086 ,  -6.458086  ,  -1.6385932 ],
 [-122.58297   ,  62.109917  , -14.677508  ,  -8.963636  , -16.969492  ,
    18.472939  ,  -4.9373302 ,  -7.7963204 ,   4.017567  ,   3.1323338 ,
    -3.5675716 ,  -4.286452  ,  -1.9147582 ],
 [-129.38135   ,  62.958626  , -17.326769  ,  -8.241875  , -20.2019    ,
    25.845993  ,  -4.3300743 ,  -8.322496  ,   4.370945  ,   5.2980137 ,
    -3.4259505 ,  -3.111034  ,  -3.464182  ],
 [-139.48851   ,  65.44046   , -13.955369  ,  -4.952921  , -23.47808   ,
    29.625109  ,  -5.977746  ,  -8.605375  ,   1.6177979 ,   2.8289049 ,
    -0.6307936 ,  -3.3987944 ,  -5.2305293 ],
 [-174.73413   ,  60.81059   ,   1.8220203 ,  -0.13475269, -19.260859  ,
    26.00674   ,   0.81496066,   0.23263276,   2.6738195 ,   0.503536  ,
    -6.762022  ,   6.220926  ,  -6.8402653 ],
 [-192.70045   ,  82.259995  ,   2.3971395 ,   8.177395  , -19.178349  ,
    21.729753  ,   2.9408898 ,  -3.136661  ,  -3.0454183 ,  -0.37583447,
    -0.5473262 ,  -1.0747799 ,   3.6927023 ],
 [-200.5117    ,  77.96306   ,  13.395899  ,   2.5038981 , -14.8832245 ,
    22.401302  ,   2.5787134 ,  -5.3264823 ,  -1.446693  ,  -6.5163336 ,
     6.107273  ,   3.591922  ,   3.3263302 ],
 [-204.83282   ,  82.43222   ,  13.056849  ,   2.9893985 , -17.041492  ,
    22.725986  ,   1.7754941 ,  -2.4412875 ,  -4.5639024 ,  -5.754317  ,
     1.4671097 ,   4.858382  ,   1.337445  ],
 [-215.53307   ,  86.51594   ,  15.428924  ,   0.07451379,  -8.807871  ,
    23.131687  ,   0.00849581,  -8.256256  ,   0.5216954 ,  -4.3458366 ,
     5.8410683 ,  -0.90462977,   1.7670577 ],
 [-227.57794   ,  81.673904  ,  24.039757  ,   6.9806824 ,  -0.30392432,
    21.94168   ,  -3.6562624 ,  -7.4157023 ,   4.4804187 ,  -5.061241  ,
     4.5631037 ,  -7.0549617 ,  -1.8602765 ],
 [-249.73065   ,  73.98453   ,  25.520323  ,  12.619901  ,   1.9301106 ,
    27.822979  ,   0.993083  , -11.077631  ,  -5.997735  ,  -5.153141  ,
    -0.35642207,  -5.0112467 ,  -0.8145747 ],
 [-257.06528   ,  70.81828   ,  23.34622   ,  10.978172  ,   2.4181476 ,
    28.351797  ,  -1.1313345 ,  -7.5938873 ,  -3.9764266 , -12.98728   ,
    -1.422597  ,  -2.4471262 ,   2.4832163 ],
 [-270.89343   ,  63.569954  ,  16.939806  ,  14.544542  ,   3.7107997 ,
    29.79133   ,  -1.9833591 ,  -7.627225  ,  -4.6017237 , -16.379366  ,
    -2.7067018 ,  -0.71736896,  -2.554275  ],
 [-283.64215   ,  65.30369   ,  20.539942  ,   8.384888  ,   0.2221458 ,
    22.839024  ,  -1.0030768 ,  -6.1301427 ,  -0.90398294,  -7.185874  ,
    -2.9116924 ,  -1.1017989 ,  -0.39569688],
 [-301.26593   ,  52.735977  ,  20.57158   ,   7.7061033 ,  -4.6251116 ,
    18.325794  ,  -9.821131  ,   0.02173173,   5.9845295 ,  -3.4749923 ,
    -3.2726626 ,  -9.546582  ,   1.1309357 ],
 [-314.56274   ,  47.568665  ,  17.465708  ,   2.4492874 ,  -0.15916672,
    14.145811  ,  -4.9560785 ,   5.4452124 ,   1.0398473 ,  -5.456235  ,
    -5.9475036 ,   1.5371072 ,   1.710998  ],
 [-318.7631    ,  41.948776  ,  18.61814   ,  -0.33937097,  -2.4264977 ,
    17.298801  ,  -6.8555193 ,   7.872448  ,   0.9506178 ,  -1.7613108 ,
     1.1787732 ,  -1.7442058 ,  -1.2274058 ],
 [-320.04343   ,  45.43346   ,  19.946663  ,  -3.8396106 ,  -7.8831925 ,
    18.137405  ,   0.09806228,   8.888235  ,   0.41368216,  -3.5958452 ,
     1.0987581 ,  -0.60647863,   4.3598104 ],
 [-324.88608   ,  39.029655  ,  17.121609  ,   0.8002832 ,  -2.467672  ,
    13.889027  , -10.01394   ,   5.6868258 ,   7.1595163 ,   3.1025538 ,
     1.2635297 ,  -4.4630785 ,   0.475971  ],
 [-315.18176   ,  43.045853  ,  21.173073  ,  -0.49296057,  -9.523309  ,
    24.03389   ,  -0.4263283 ,   8.879262  ,   2.0692706 ,  -4.6021166 ,
     4.4116254 ,  -1.034357  ,   2.1925912 ],
 [-321.71002   ,  36.53415   ,  20.991302  ,   5.8682976 ,  -6.4297414 ,
    16.913982  , -13.312275  ,   1.9269948 ,   3.147223  ,  -0.11972371,
     8.777046  ,  -2.8926976 ,   3.514607  ],
 [-327.01437   ,  37.68586   ,  22.880032  ,   5.8665123 ,  -2.772962  ,
    23.465899  ,  -6.314738  ,   4.3894615 ,   0.8604628 ,  -0.8845068 ,
    11.744094  ,  -7.1111627 ,   3.1280022 ],
 [-332.01343   ,  35.645447  ,  22.205793  ,   2.4581316 , -13.06094   ,
    15.244946  ,  -4.085404  ,   4.3316355 ,   2.0005426 ,  -5.875207  ,
     6.9855094 ,  -7.365415  ,  -1.8280797 ],
 [-332.93497   ,  36.26609   ,  22.549469  ,   5.9792733 ,  -5.6771755 ,
    23.361095  ,   4.3982344 ,   7.4051466 ,   2.7321243 ,  -6.305567  ,
     7.7810783 ,  -4.234102  ,  -0.97932243],
 [-329.25623   ,  37.395615  ,  23.78091   ,   6.938794  ,  -8.747614  ,
    22.700699  ,   3.6804035 ,   8.56503   ,   7.254242  ,  -4.294902  ,
     8.174423  ,  -4.0999184 ,  -2.236291  ],
 [-327.53717   ,  43.401436  ,  12.486704  ,  -3.0448275 ,  -5.026061  ,
    18.220047  ,   4.074953  ,   4.3968115 ,   6.807199  ,  -1.8036971 ,
     6.001076  ,  -2.2035177 ,  -2.5822225 ],
 [-325.81107   ,  42.94043   ,  19.336014  ,  -1.1787976 , -10.860561  ,
    19.656898  ,   4.69909   ,   6.307456  ,   2.7348857 ,  -2.6155238 ,
     9.898846  ,  -0.4657459 ,   2.4433675 ],
 [-333.6007    ,  36.0632    ,   9.182329  ,  -6.073037  ,  -4.681102  ,
    21.561066  ,   5.201709  ,   4.4112024 ,  -0.28796685,  -8.784929  ,
    -2.0673819 , -11.447884  ,  -3.1357498 ],
 [-318.87073   ,  34.432182  ,   9.213238  ,   6.2931347 ,  -4.7394123 ,
     9.060177  ,  -3.5543861 ,  12.490625  ,   4.528796  ,  -2.6854978 ,
     3.8555722 ,  -0.33893153,   4.955112  ],
 [-322.79602   ,  35.270805  ,  19.922804  ,   0.22753608,  -8.952248  ,
    19.074299  ,   1.123917  ,  16.976833  ,   3.4223118 ,  -3.269353  ,
    -1.3244247 ,   0.74590445,   6.737959  ],
 [-330.1172    ,  33.335503  ,  19.210392  ,   2.5470831 ,  -8.872337  ,
    19.06784   ,  -0.02244174,  10.656084  ,   5.766877  ,  -0.48252332,
     6.7517786 ,  -2.1886976 ,   5.197569  ],
 [-328.20737   ,  26.545542  ,  14.510279  ,   2.7969675 , -12.422335  ,
    19.300411  ,   0.2260263 ,   5.281757  ,   3.0721302 ,   1.5322084 ,
     4.1034555 ,   3.6575205 ,   8.008983  ],
 [-310.0271    ,  35.495216  ,   7.4509697 ,  13.416072  ,  -2.1826987 ,
    15.015819  ,   4.6561327 ,   3.0381377 ,  -4.575298  ,  -4.121566  ,
     0.22642493,   2.7939901 ,   4.8736725 ],
 [-327.44626   ,  29.868084  ,  21.530977  ,  13.158306  , -13.745839  ,
    11.652403  ,  -1.3435807 ,   3.864943  ,   1.6362069 ,  -1.7913494 ,
     4.7426643 ,   0.40979543,   6.1016808 ],
 [-332.10364   ,  35.903862  ,  20.855045  ,   7.358307  ,  -2.373898  ,
    24.420128  ,   5.4803    ,   2.2043912 ,   1.0630852 ,  -6.946931  ,
     4.464558  ,   0.72672385,  -2.5644288 ],
 [-326.47562   ,  29.487743  ,  17.129978  ,   9.684713  , -15.429272  ,
    15.3540325 ,   4.7271338 ,   4.987021  ,   6.7637987 ,  -5.3879457 ,
     3.969518  ,   6.038124  ,  -0.1474669 ],
 [-340.26294   ,  20.4981    ,  23.419422  ,  19.558437  ,  -9.756963  ,
    14.739736  ,  -4.7035193 ,  -0.34085903,  10.146032  ,  -2.3564544 ,
     5.471154  ,   3.8415751 ,  -1.7376268 ],
 [-333.98865   ,  29.395496  ,  22.04057   ,  13.25326   , -15.758223  ,
    16.215014  ,   2.5762072 ,   0.32930732,   9.118949  , -10.380683  ,
     4.2025995 ,   2.3474956 ,  -4.0926113 ],
 [-333.87094   ,  27.203424  ,  17.761303  ,  15.161747  , -14.742002  ,
    20.26939   ,   9.064539  ,  -5.181547  ,  11.672937  ,  -7.724481  ,
    -0.45799208,   3.8552306 ,  -7.3568387 ],
 [-343.19412   ,  19.642162  ,  12.920416  ,   9.658535  , -21.557507  ,
     5.8281283 ,  -4.4395704 , -13.901126  ,   7.5440903 ,  -4.9112487 ,
     2.4079578 ,   6.0534363 ,  -7.244978  ],
 [-332.37433   ,  31.053444  ,  12.873568  ,   2.6419423 , -19.844418  ,
    13.53706   ,   6.099063  ,  -2.562199  ,   8.829129  ,  -3.3296304 ,
     2.8481607 ,   3.1014433 ,  -4.0953217 ],
 [-341.0552    ,  23.926369  ,   8.762034  ,   1.5781858 , -16.718895  ,
    11.165291  ,   3.3721967 ,  -2.204639  ,  10.542112  ,   1.0223515 ,
     4.863059  ,   4.3154626 ,  -5.380101  ],
 [-332.49744   ,  31.359436  ,  12.932165  ,   4.301569  , -15.027983  ,
    15.175165  ,   3.6975803 ,  -5.075609  ,   8.071893  ,  -3.815312  ,
     0.48677278,   1.0925523 ,  -6.6339483 ],
 [-339.36603   ,  32.534195  ,  23.757797  ,  13.1252575 , -10.802177  ,
     5.1197896 ,  -1.137472  ,  -1.3590366 ,  11.465069  ,   5.9104896 ,
     0.6590233 ,   1.5048041 ,  -6.3409905 ],
 [-334.9291    ,  27.81857   ,  20.419418  ,   2.3641796 , -11.042377  ,
    15.971943  ,  -0.05515432,   5.9866886 ,   1.1055897 ,   4.318696  ,
     5.8066654 ,   2.6005232 ,  -2.0324128 ],
 [-340.85928   ,  30.249477  ,  20.492214  ,   4.746015  ,  -0.7646378 ,
    15.390005  ,  -1.4142197 ,   4.3751507 ,  -5.7745495 ,  -3.6236832 ,
     0.12558961,   0.3115237 ,   7.8259907 ],
 [-330.83008   ,  37.645473  ,  26.282429  ,   3.6222575 , -12.005379  ,
    10.729755  ,  -5.7687635 ,   6.024932  ,   0.6514535 ,   1.3195984 ,
     5.5283294 ,  -3.9430978 ,   1.1503215 ],
 [-350.0957    ,  23.755623  ,  25.821293  ,  14.315552  ,   0.48495984,
    14.523705  ,  -3.5668683 ,   4.7436895 ,  -2.7301278 ,  -3.8842564 ,
     3.3488326 ,  -3.8210595 ,   4.5855527 ],
 [-342.09744   ,  29.737577  ,  18.006994  ,  -1.3100762 , -11.589203  ,
     8.755814  ,  -5.022014  ,   5.198272  ,  -0.17480934,  -0.34310073,
     7.30688   ,  -3.1016746 ,   2.0545855 ],
 [-326.1929    ,  47.11292   ,  11.820604  , -13.621859  , -11.752014  ,
    14.037953  ,   5.0681906 ,   5.188828  ,  -2.5791135 ,  -2.1064153 ,
     5.1558084 ,  -1.4247639 ,   1.5076177 ],
 [-338.50095   ,  38.891983  ,  14.94658   ,  -4.019903  ,  -7.9016924 ,
     5.167219  ,  -4.2982197 ,   0.56961197,  -1.2218585 ,   1.2828293 ,
     2.6115525 ,  -5.1857815 ,   1.6394479 ],
 [-344.77878   ,  34.971855  ,  16.552013  ,   0.8868965 ,   0.41957968,
    13.193455  ,   3.7496116 ,   6.9075646 ,   0.15309525,   0.48357388,
     1.5048    ,  -6.6905646 ,   1.2310914 ],
 [   0.        ,   0.        ,   0.        ,   0.        ,   0.        ,
     0.        ,   0.        ,   0.        ,   0.        ,   0.        ,
     0.        ,   0.        ,   0.        ],
 [   0.        ,   0.        ,   0.        ,   0.        ,   0.        ,
     0.        ,   0.        ,   0.        ,   0.        ,   0.        ,
     0.        ,   0.        ,   0.        ],
 [   0.        ,   0.        ,   0.        ,   0.        ,   0.        ,
     0.        ,   0.        ,   0.        ,   0.        ,   0.        ,
     0.        ,   0.        ,   0.        ],
 [   0.        ,   0.        ,   0.        ,   0.        ,   0.        ,
     0.        ,   0.        ,   0.        ,   0.        ,   0.        ,
     0.        ,   0.        ,   0.        ],
 [   0.        ,   0.        ,   0.        ,   0.        ,   0.        ,
     0.        ,   0.        ,   0.        ,   0.        ,   0.        ,
     0.        ,   0.        ,   0.        ],
 [   0.        ,   0.        ,   0.        ,   0.        ,   0.        ,
     0.        ,   0.        ,   0.        ,   0.        ,   0.        ,
     0.        ,   0.        ,   0.        ],
 [   0.        ,   0.        ,   0.        ,   0.        ,   0.        ,
     0.        ,   0.        ,   0.        ,   0.        ,   0.        ,
     0.        ,   0.        ,   0.        ],
 [   0.        ,   0.        ,   0.        ,   0.        ,   0.        ,
     0.        ,   0.        ,   0.        ,   0.        ,   0.        ,
     0.        ,   0.        ,   0.        ],
 [   0.        ,   0.        ,   0.        ,   0.        ,   0.        ,
     0.        ,   0.        ,   0.        ,   0.        ,   0.        ,
     0.        ,   0.        ,   0.        ],
 [   0.        ,   0.        ,   0.        ,   0.        ,   0.        ,
     0.        ,   0.        ,   0.        ,   0.        ,   0.        ,
     0.        ,   0.        ,   0.        ],
 [   0.        ,   0.        ,   0.        ,   0.        ,   0.        ,
     0.        ,   0.        ,   0.        ,   0.        ,   0.        ,
     0.        ,   0.        ,   0.        ],
 [   0.        ,   0.        ,   0.        ,   0.        ,   0.        ,
     0.        ,   0.        ,   0.        ,   0.        ,   0.        ,
     0.        ,   0.        ,   0.        ],
 [   0.        ,   0.        ,   0.        ,   0.        ,   0.        ,
     0.        ,   0.        ,   0.        ,   0.        ,   0.        ,
     0.        ,   0.        ,   0.        ],
 [   0.        ,   0.        ,   0.        ,   0.        ,   0.        ,
     0.        ,   0.        ,   0.        ,   0.        ,   0.        ,
     0.        ,   0.        ,   0.        ],
 [   0.        ,   0.        ,   0.        ,   0.        ,   0.        ,
     0.        ,   0.        ,   0.        ,   0.        ,   0.        ,
     0.        ,   0.        ,   0.        ],
 [   0.        ,   0.        ,   0.        ,   0.        ,   0.        ,
     0.        ,   0.        ,   0.        ,   0.        ,   0.        ,
     0.        ,   0.        ,   0.        ],
 [   0.        ,   0.        ,   0.        ,   0.        ,   0.        ,
     0.        ,   0.        ,   0.        ,   0.        ,   0.        ,
     0.        ,   0.        ,   0.        ],
 [   0.        ,   0.        ,   0.        ,   0.        ,   0.        ,
     0.        ,   0.        ,   0.        ,   0.        ,   0.        ,
     0.        ,   0.        ,   0.        ],
 [   0.        ,   0.        ,   0.        ,   0.        ,   0.        ,
     0.        ,   0.        ,   0.        ,   0.        ,   0.        ,
     0.        ,   0.        ,   0.        ],
 [   0.        ,   0.        ,   0.        ,   0.        ,   0.        ,
     0.        ,   0.        ,   0.        ,   0.        ,   0.        ,
     0.        ,   0.        ,   0.        ],
 [   0.        ,   0.        ,   0.        ,   0.        ,   0.        ,
     0.        ,   0.        ,   0.        ,   0.        ,   0.        ,
     0.        ,   0.        ,   0.        ],
 [   0.        ,   0.        ,   0.        ,   0.        ,   0.        ,
     0.        ,   0.        ,   0.        ,   0.        ,   0.        ,
     0.        ,   0.        ,   0.        ],
 [   0.        ,   0.        ,   0.        ,   0.        ,   0.        ,
     0.        ,   0.        ,   0.        ,   0.        ,   0.        ,
     0.        ,   0.        ,   0.        ],
 [   0.        ,   0.        ,   0.        ,   0.        ,   0.        ,
     0.        ,   0.        ,   0.        ,   0.        ,   0.        ,
     0.        ,   0.        ,   0.        ],
 [   0.        ,   0.        ,   0.        ,   0.        ,   0.        ,
     0.        ,   0.        ,   0.        ,   0.        ,   0.        ,
     0.        ,   0.        ,   0.        ],
 [   0.        ,   0.        ,   0.        ,   0.        ,   0.        ,
     0.        ,   0.        ,   0.        ,   0.        ,   0.        ,
     0.        ,   0.        ,   0.        ],
 [   0.        ,   0.        ,   0.        ,   0.        ,   0.        ,
     0.        ,   0.        ,   0.        ,   0.        ,   0.        ,
     0.        ,   0.        ,   0.        ],
 [   0.        ,   0.        ,   0.        ,   0.        ,   0.        ,
     0.        ,   0.        ,   0.        ,   0.        ,   0.        ,
     0.        ,   0.        ,   0.        ],
 [   0.        ,   0.        ,   0.        ,   0.        ,   0.        ,
     0.        ,   0.        ,   0.        ,   0.        ,   0.        ,
     0.        ,   0.        ,   0.        ],
 [   0.        ,   0.        ,   0.        ,   0.        ,   0.        ,
     0.        ,   0.        ,   0.        ,   0.        ,   0.        ,
     0.        ,   0.        ,   0.        ],
 [   0.        ,   0.        ,   0.        ,   0.        ,   0.        ,
     0.        ,   0.        ,   0.        ,   0.        ,   0.        ,
     0.        ,   0.        ,   0.        ],
 [   0.        ,   0.        ,   0.        ,   0.        ,   0.        ,
     0.        ,   0.        ,   0.        ,   0.        ,   0.        ,
     0.        ,   0.        ,   0.        ],
 [   0.        ,   0.        ,   0.        ,   0.        ,   0.        ,
     0.        ,   0.        ,   0.        ,   0.        ,   0.        ,
     0.        ,   0.        ,   0.        ],
 [   0.        ,   0.        ,   0.        ,   0.        ,   0.        ,
     0.        ,   0.        ,   0.        ,   0.        ,   0.        ,
     0.        ,   0.        ,   0.        ],
 [   0.        ,   0.        ,   0.        ,   0.        ,   0.        ,
     0.        ,   0.        ,   0.        ,   0.        ,   0.        ,
     0.        ,   0.        ,   0.        ],
 [   0.        ,   0.        ,   0.        ,   0.        ,   0.        ,
     0.        ,   0.        ,   0.        ,   0.        ,   0.        ,
     0.        ,   0.        ,   0.        ]]"
